id,titolo,genere,regista,anno,durataMinuti,etaMinima,dataOra,costoBiglietto
1,A Beautiful Mind,Biography,Ron Howard,2001,135,12,2027-12-30 10:30,8.50
2,Good Will Hunting,Drama,Gus Van Sant,1997,126,0,2027-12-29 16:00,8.50
3,The Best Years of Our Lives,Drama,William Wyler,1946,170,12,2027-12-29 12:30,8.50
4,To Have and Have Not,Adventure,Howard Hawks,1944,100,6,2027-12-29 10:00,8.00
5,Blue Velvet,Drama,David Lynch,1986,120,12,2027-12-28 15:30,7.50
6,The Philadelphia Story,Comedy,George Cukor,1940,112,12,2027-12-28 13:00,8.50
7,Good Will Hunting,Drama,Gus Van Sant,1997,126,0,2027-12-28 10:00,6.50
8,The Blues Brothers,Action,John Landis,1980,133,0,2027-12-27 14:00,8.50
9,The Bridge on the River Kwai,Adventure,David Lean,1957,161,6,2027-12-27 10:30,7.50
10,Good Will Hunting,Drama,Gus Van Sant,1997,126,0,2027-12-26 19:30,10.00
11,The Bridge on the River Kwai,Adventure,David Lean,1957,161,6,2027-12-26 16:00,8.50
12,Good Will Hunting,Drama,Gus Van Sant,1997,126,0,2027-12-26 13:00,8.50
13,Blue Velvet,Drama,David Lynch,1986,120,12,2027-12-26 10:00,7.50
14,The Best Years of Our Lives,Drama,William Wyler,1946,170,12,2027-12-25 22:00,10.00
15,Gandhi,Biography,Richard Attenborough,1982,191,0,2027-12-25 18:00,9.00
16,The Lord of the Rings: The Fellowship of the Ring,Action,Peter Jackson,2001,178,0,2027-12-25 14:30,7.00
17,The Lord of the Rings: The Fellowship of the Ring,Action,Peter Jackson,2001,178,0,2027-12-25 10:30,8.00
18,Misery,Drama,Rob Reiner,1990,107,16,2027-12-24 13:30,8.00
19,The Treasure of the Sierra Madre,Adventure,John Huston,1948,126,12,2027-12-24 10:30,8.50
20,The Hurricane,Biography,Norman Jewison,1999,146,16,2027-12-23 10:00,8.50
21,C.R.A.Z.Y.,Comedy,Jean-Marc Vallée,2005,129,12,2027-12-22 17:00,8.00
22,Misery,Drama,Rob Reiner,1990,107,16,2027-12-22 14:30,7.50
23,Veer-Zaara,Drama,Yash Chopra,2004,192,0,2027-12-22 10:30,7.50
24,Primal Fear,Crime,Gregory Hoblit,1996,129,12,2027-12-21 16:00,7.00
25,The Blues Brothers,Action,John Landis,1980,133,0,2027-12-21 13:00,8.00
26,Blue Velvet,Drama,David Lynch,1986,120,12,2027-12-21 10:00,7.50
27,Donnie Darko,Drama,Richard Kelly,2001,113,16,2027-12-20 13:30,7.00
28,Star Trek II: The Wrath of Khan,Action,Nicholas Meyer,1982,113,0,2027-12-20 10:30,8.00
29,The Silence of the Lambs,Crime,Jonathan Demme,1991,118,12,2027-12-19 16:00,7.50
30,Philadelphia,Drama,Jonathan Demme,1993,125,12,2027-12-19 13:00,8.50
31,Primal Fear,Crime,Gregory Hoblit,1996,129,12,2027-12-19 10:00,8.00
32,The Maltese Falcon,Film-Noir,John Huston,1941,100,12,2027-12-18 16:30,8.00
33,The Blues Brothers,Action,John Landis,1980,133,0,2027-12-18 13:30,8.00
34,C.R.A.Z.Y.,Comedy,Jean-Marc Vallée,2005,129,12,2027-12-18 10:30,6.50
35,Primal Fear,Crime,Gregory Hoblit,1996,129,12,2027-12-17 10:00,7.50
36,Cape Fear,Drama,J. Lee Thompson,1962,106,12,2027-12-16 15:00,8.00
37,Shichinin no samurai,Action,Akira Kurosawa,1954,207,0,2027-12-16 10:30,6.50
38,American Psycho,Comedy,Mary Harron,2000,101,12,2027-12-15 16:00,8.00
39,The Others,Horror,Alejandro Amenábar,2001,101,12,2027-12-15 13:30,8.00
40,Blue Velvet,Drama,David Lynch,1986,120,12,2027-12-15 10:30,7.50
41,Fight Club,Drama,David Fincher,1999,139,12,2027-12-14 10:30,6.50
42,American Psycho,Comedy,Mary Harron,2000,101,12,2027-12-13 15:30,6.50
43,The Treasure of the Sierra Madre,Adventure,John Huston,1948,126,12,2027-12-13 12:30,8.00
44,Kurenai no buta,Animation,Hayao Miyazaki,1992,94,0,2027-12-13 10:00,7.00
45,Shichinin no samurai,Action,Akira Kurosawa,1954,207,0,2027-12-12 18:00,8.50
46,To Have and Have Not,Adventure,Howard Hawks,1944,100,6,2027-12-12 15:30,8.00
47,Withnail & I,Comedy,Bruce Robinson,1987,107,16,2027-12-12 13:00,6.50
48,The Maltese Falcon,Film-Noir,John Huston,1941,100,12,2027-12-12 10:30,8.00
49,Fight Club,Drama,David Fincher,1999,139,12,2027-12-11 19:00,10.00
50,Reservoir Dogs,Crime,Quentin Tarantino,1992,99,16,2027-12-11 16:30,8.50
51,Shichinin no samurai,Action,Akira Kurosawa,1954,207,0,2027-12-11 12:30,8.50
52,Eastern Promises,Action,David Cronenberg,2007,100,16,2027-12-11 10:00,6.50
53,To Have and Have Not,Adventure,Howard Hawks,1944,100,6,2027-12-10 13:00,6.50
54,Cape Fear,Drama,J. Lee Thompson,1962,106,12,2027-12-10 10:30,7.00
55,Star Trek II: The Wrath of Khan,Action,Nicholas Meyer,1982,113,0,2027-12-09 10:00,8.00
56,Blue Velvet,Drama,David Lynch,1986,120,12,2027-12-08 10:00,6.50
57,Lat sau san taam,Action,John Woo,1992,128,16,2027-12-07 15:00,7.00
58,Eastern Promises,Action,David Cronenberg,2007,100,16,2027-12-07 12:30,6.50
59,Withnail & I,Comedy,Bruce Robinson,1987,107,16,2027-12-07 10:00,6.50
60,American Psycho,Comedy,Mary Harron,2000,101,12,2027-12-06 15:00,8.00
61,The Maltese Falcon,Film-Noir,John Huston,1941,100,12,2027-12-06 12:30,8.50
62,Eastern Promises,Action,David Cronenberg,2007,100,16,2027-12-06 10:00,7.00
63,American Psycho,Comedy,Mary Harron,2000,101,12,2027-12-05 20:00,8.50
64,Jûbê ninpûchô,Animation,Yoshiaki Kawajiri,1993,94,12,2027-12-05 17:30,8.50
65,Giant,Drama,George Stevens,1956,201,0,2027-12-05 13:00,8.50
66,Mississippi Burning,Crime,Alan Parker,1988,128,12,2027-12-05 10:00,8.00
67,The Best Years of Our Lives,Drama,William Wyler,1946,170,12,2027-12-04 15:30,6.50
68,Lat sau san taam,Action,John Woo,1992,128,16,2027-12-04 12:30,8.00
69,Cape Fear,Drama,J. Lee Thompson,1962,106,12,2027-12-04 10:00,8.00
70,The Best Years of Our Lives,Drama,William Wyler,1946,170,12,2027-12-03 16:00,8.50
71,Jûbê ninpûchô,Animation,Yoshiaki Kawajiri,1993,94,12,2027-12-03 13:30,7.50
72,Cool Hand Luke,Crime,Stuart Rosenberg,1967,127,12,2027-12-03 10:30,8.50
73,Giant,Drama,George Stevens,1956,201,0,2027-12-02 10:30,7.50
74,Blue Velvet,Drama,David Lynch,1986,120,12,2027-12-01 14:00,8.00
75,The Best Years of Our Lives,Drama,William Wyler,1946,170,12,2027-12-01 10:00,8.00
76,Kurenai no buta,Animation,Hayao Miyazaki,1992,94,0,2027-11-30 13:30,6.50
77,Cool Hand Luke,Crime,Stuart Rosenberg,1967,127,12,2027-11-30 10:30,7.50
78,The Others,Horror,Alejandro Amenábar,2001,101,12,2027-11-29 13:30,7.00
79,The Best Years of Our Lives,Drama,William Wyler,1946,170,12,2027-11-29 10:00,7.50
80,Mississippi Burning,Crime,Alan Parker,1988,128,12,2027-11-28 16:00,8.00
81,The Blues Brothers,Action,John Landis,1980,133,0,2027-11-28 13:00,8.00
82,Festen,Drama,Thomas Vinterberg,1998,105,16,2027-11-28 10:30,8.00
83,Cool Hand Luke,Crime,Stuart Rosenberg,1967,127,12,2027-11-27 20:00,10.00
84,The Blues Brothers,Action,John Landis,1980,133,0,2027-11-27 17:00,7.50
85,The Best Years of Our Lives,Drama,William Wyler,1946,170,12,2027-11-27 13:30,6.50
86,The Blues Brothers,Action,John Landis,1980,133,0,2027-11-27 10:30,8.00
87,It Happened One Night,Comedy,Frank Capra,1934,105,12,2027-11-26 13:30,8.00
88,Sin City,Crime,Frank Miller,2005,124,12,2027-11-26 10:30,6.50
89,The Silence of the Lambs,Crime,Jonathan Demme,1991,118,12,2027-11-25 16:00,6.50
90,Tengoku to jigoku,Crime,Akira Kurosawa,1963,143,12,2027-11-25 12:30,8.00
91,It Happened One Night,Comedy,Frank Capra,1934,105,12,2027-11-25 10:00,7.00
92,The Ladykillers,Comedy,Alexander Mackendrick,1955,91,12,2027-11-24 16:00,6.50
93,Cape Fear,Drama,J. Lee Thompson,1962,106,12,2027-11-24 13:30,7.50
94,Aliens,Action,James Cameron,1986,137,0,2027-11-24 10:30,8.00
95,The Others,Horror,Alejandro Amenábar,2001,101,12,2027-11-23 12:30,6.50
96,"Monsters, Inc.",Animation,Pete Docter,2001,92,0,2027-11-23 10:00,6.50
97,Jûbê ninpûchô,Animation,Yoshiaki Kawajiri,1993,94,12,2027-11-22 10:30,7.50
98,The Hurricane,Biography,Norman Jewison,1999,146,16,2027-11-21 16:00,8.00
99,Platoon,Drama,Oliver Stone,1986,120,12,2027-11-21 13:00,8.50
100,Cool Hand Luke,Crime,Stuart Rosenberg,1967,127,12,2027-11-21 10:00,7.00
101,Aliens,Action,James Cameron,1986,137,0,2027-11-20 20:30,9.00
102,Jules et Jim,Drama,François Truffaut,1962,105,12,2027-11-20 18:00,10.00
103,Close Encounters of the Third Kind,Drama,Steven Spielberg,1977,138,0,2027-11-20 14:30,8.50
104,The Best Years of Our Lives,Drama,William Wyler,1946,170,12,2027-11-20 10:30,7.00
105,The Hurricane,Biography,Norman Jewison,1999,146,16,2027-11-19 10:00,8.50
106,Scent of a Woman,Drama,Martin Brest,1992,156,12,2027-11-18 10:00,7.00
107,Giant,Drama,George Stevens,1956,201,0,2027-11-17 10:30,7.50
108,The Hurricane,Biography,Norman Jewison,1999,146,16,2027-11-16 16:00,7.00
109,Butch Cassidy and the Sundance Kid,Biography,George Roy Hill,1969,110,6,2027-11-16 13:00,7.50
110,The Others,Horror,Alejandro Amenábar,2001,101,12,2027-11-16 10:30,8.00
111,"Monsters, Inc.",Animation,Pete Docter,2001,92,0,2027-11-15 17:00,8.00
112,The Long Goodbye,Comedy,Robert Altman,1973,112,12,2027-11-15 14:00,7.00
113,Fight Club,Drama,David Fincher,1999,139,12,2027-11-15 10:30,8.00
114,Platoon,Drama,Oliver Stone,1986,120,12,2027-11-14 15:30,7.00
115,Tengoku to jigoku,Crime,Akira Kurosawa,1963,143,12,2027-11-14 12:30,7.50
116,Back to the Future Part II,Adventure,Robert Zemeckis,1989,108,0,2027-11-14 10:00,6.50
117,Papurika,Animation,Satoshi Kon,2006,90,0,2027-11-13 18:30,9.50
118,Back to the Future Part II,Adventure,Robert Zemeckis,1989,108,0,2027-11-13 16:00,7.50
119,Platoon,Drama,Oliver Stone,1986,120,12,2027-11-13 13:00,7.00
120,Platoon,Drama,Oliver Stone,1986,120,12,2027-11-13 10:30,7.50
121,Blow,Biography,Ted Demme,2001,124,16,2027-11-12 13:30,8.00
122,Scent of a Woman,Drama,Martin Brest,1992,156,12,2027-11-12 10:00,7.00
123,Papurika,Animation,Satoshi Kon,2006,90,0,2027-11-11 13:00,8.00
124,Papurika,Animation,Satoshi Kon,2006,90,0,2027-11-11 10:30,6.50
125,Close Encounters of the Third Kind,Drama,Steven Spielberg,1977,138,0,2027-11-10 10:30,8.00
126,The Long Goodbye,Comedy,Robert Altman,1973,112,12,2027-11-09 13:00,7.00
127,Sin City,Crime,Frank Miller,2005,124,12,2027-11-09 10:00,7.00
128,Chinatown,Drama,Roman Polanski,1974,130,12,2027-11-08 13:00,7.00
129,Papurika,Animation,Satoshi Kon,2006,90,0,2027-11-08 10:30,8.50
130,Sherlock Jr.,Action,Buster Keaton,1924,45,12,2027-11-07 15:00,6.50
131,Annie Hall,Comedy,Woody Allen,1977,93,12,2027-11-07 12:30,8.00
132,Butch Cassidy and the Sundance Kid,Biography,George Roy Hill,1969,110,6,2027-11-07 10:00,7.50
133,Giant,Drama,George Stevens,1956,201,0,2027-11-06 19:30,9.00
134,Idi i smotri,Drama,Elem Klimov,1985,142,12,2027-11-06 16:00,8.00
135,Sin City,Crime,Frank Miller,2005,124,12,2027-11-06 13:00,6.50
136,Blow,Biography,Ted Demme,2001,124,16,2027-11-06 10:00,7.50
137,Back to the Future Part II,Adventure,Robert Zemeckis,1989,108,0,2027-11-05 10:30,8.00
138,Aliens,Action,James Cameron,1986,137,0,2027-11-04 10:30,8.00
139,Scent of a Woman,Drama,Martin Brest,1992,156,12,2027-11-03 10:30,7.00
140,Papurika,Animation,Satoshi Kon,2006,90,0,2027-11-02 13:30,6.50
141,Enemy at the Gates,Drama,Jean-Jacques Annaud,2001,131,12,2027-11-02 10:30,7.00
142,The Ladykillers,Comedy,Alexander Mackendrick,1955,91,12,2027-11-01 13:00,8.00
143,"4 luni, 3 saptamâni si 2 zile",Drama,Cristian Mungiu,2007,113,12,2027-11-01 10:30,8.50
144,Sherlock Jr.,Action,Buster Keaton,1924,45,12,2027-10-31 17:00,6.50
145,Back to the Future Part II,Adventure,Robert Zemeckis,1989,108,0,2027-10-31 14:00,6.50
146,Scent of a Woman,Drama,Martin Brest,1992,156,12,2027-10-31 10:30,6.50
147,"Monsters, Inc.",Animation,Pete Docter,2001,92,0,2027-10-30 17:00,8.00
148,Blow,Biography,Ted Demme,2001,124,16,2027-10-30 14:00,8.50
149,The Best Years of Our Lives,Drama,William Wyler,1946,170,12,2027-10-30 10:30,7.50
150,Annie Hall,Comedy,Woody Allen,1977,93,12,2027-10-29 10:30,7.50
151,Tengoku to jigoku,Crime,Akira Kurosawa,1963,143,12,2027-10-28 15:00,7.50
152,Ivanovo detstvo,Drama,Andrei Tarkovsky,1962,95,12,2027-10-28 12:30,7.50
153,The Ladykillers,Comedy,Alexander Mackendrick,1955,91,12,2027-10-28 10:00,8.00
154,Donnie Brasco,Biography,Mike Newell,1997,127,12,2027-10-27 10:30,6.50
155,Zelig,Comedy,Woody Allen,1983,79,6,2027-10-26 10:00,8.50
156,No Country for Old Men,Crime,Ethan Coen,2007,122,16,2027-10-25 10:30,6.50
157,Annie Hall,Comedy,Woody Allen,1977,93,12,2027-10-24 19:30,9.50
158,The Best Years of Our Lives,Drama,William Wyler,1946,170,12,2027-10-24 16:00,8.00
159,Butch Cassidy and the Sundance Kid,Biography,George Roy Hill,1969,110,6,2027-10-24 13:00,7.00
160,Butch Cassidy and the Sundance Kid,Biography,George Roy Hill,1969,110,6,2027-10-24 10:30,8.50
161,Adaptation.,Comedy,Spike Jonze,2002,115,16,2027-10-23 19:00,8.50
162,Blow,Biography,Ted Demme,2001,124,16,2027-10-23 16:00,7.00
163,No Country for Old Men,Crime,Ethan Coen,2007,122,16,2027-10-23 13:00,6.50
164,Platoon,Drama,Oliver Stone,1986,120,12,2027-10-23 10:00,7.50
165,Zelig,Comedy,Woody Allen,1983,79,6,2027-10-22 10:00,7.50
166,Adaptation.,Comedy,Spike Jonze,2002,115,16,2027-10-21 10:00,7.50
167,Chinatown,Drama,Roman Polanski,1974,130,12,2027-10-20 13:30,8.00
168,Aliens,Action,James Cameron,1986,137,0,2027-10-20 10:00,6.50
169,"Monsters, Inc.",Animation,Pete Docter,2001,92,0,2027-10-19 13:30,7.00
170,Aliens,Action,James Cameron,1986,137,0,2027-10-19 10:30,8.50
171,The Best Years of Our Lives,Drama,William Wyler,1946,170,12,2027-10-18 10:30,8.50
172,Close Encounters of the Third Kind,Drama,Steven Spielberg,1977,138,0,2027-10-17 16:00,8.00
173,Back to the Future Part II,Adventure,Robert Zemeckis,1989,108,0,2027-10-17 13:00,6.50
174,Sunrise: A Song of Two Humans,Drama,F.W. Murnau,1927,94,12,2027-10-17 10:30,7.50
175,Platoon,Drama,Oliver Stone,1986,120,12,2027-10-16 16:30,7.00
176,Idi i smotri,Drama,Elem Klimov,1985,142,12,2027-10-16 13:30,6.50
177,Adaptation.,Comedy,Spike Jonze,2002,115,16,2027-10-16 10:30,6.50
178,Chinatown,Drama,Roman Polanski,1974,130,12,2027-10-15 13:00,8.00
179,Close Encounters of the Third Kind,Drama,Steven Spielberg,1977,138,0,2027-10-15 10:00,6.50
180,Sherlock Jr.,Action,Buster Keaton,1924,45,12,2027-10-14 10:30,6.50
181,Sunrise: A Song of Two Humans,Drama,F.W. Murnau,1927,94,12,2027-10-13 13:00,7.50
182,Close Encounters of the Third Kind,Drama,Steven Spielberg,1977,138,0,2027-10-13 10:00,6.50
183,Sunrise: A Song of Two Humans,Drama,F.W. Murnau,1927,94,12,2027-10-12 13:30,8.00
184,The Pianist,Biography,Roman Polanski,2002,150,16,2027-10-12 10:30,7.00
185,The Shop Around the Corner,Comedy,Ernst Lubitsch,1940,99,12,2027-10-11 13:00,7.50
186,The Lives of Others,Drama,Florian Henckel von Donnersmarck,2006,137,12,2027-10-11 10:00,7.50
187,Bound by Honor,Crime,Taylor Hackford,1993,180,16,2027-10-10 17:30,7.50
188,Falling Down,Action,Joel Schumacher,1993,113,16,2027-10-10 15:00,7.00
189,Sherlock Jr.,Action,Buster Keaton,1924,45,12,2027-10-10 13:30,8.50
190,Hauru no ugoku shiro,Animation,Hayao Miyazaki,2004,119,0,2027-10-10 10:30,8.00
191,Platoon,Drama,Oliver Stone,1986,120,12,2027-10-09 16:00,6.50
192,A Christmas Story,Comedy,Bob Clark,1983,93,0,2027-10-09 13:30,7.50
193,Amadeus,Biography,Milos Forman,1984,160,16,2027-10-09 10:00,8.00
194,Back to the Future Part II,Adventure,Robert Zemeckis,1989,108,0,2027-10-08 10:00,6.50
195,Close Encounters of the Third Kind,Drama,Steven Spielberg,1977,138,0,2027-10-07 10:30,6.50
196,As Good as It Gets,Comedy,James L. Brooks,1997,139,12,2027-10-06 14:00,7.00
197,Close Encounters of the Third Kind,Drama,Steven Spielberg,1977,138,0,2027-10-06 10:30,7.00
198,Black Hawk Down,Drama,Ridley Scott,2001,144,12,2027-10-05 16:30,7.50
199,Back to the Future Part II,Adventure,Robert Zemeckis,1989,108,0,2027-10-05 14:00,8.50
200,Black Hawk Down,Drama,Ridley Scott,2001,144,12,2027-10-05 10:30,8.00
201,Close Encounters of the Third Kind,Drama,Steven Spielberg,1977,138,0,2027-10-04 10:30,6.50
202,"4 luni, 3 saptamâni si 2 zile",Drama,Cristian Mungiu,2007,113,12,2027-10-03 17:00,7.00
203,Falling Down,Action,Joel Schumacher,1993,113,16,2027-10-03 14:00,7.00
204,As Good as It Gets,Comedy,James L. Brooks,1997,139,12,2027-10-03 10:30,8.00
205,Persona,Drama,Ingmar Bergman,1966,85,12,2027-10-02 19:30,9.00
206,The Lives of Others,Drama,Florian Henckel von Donnersmarck,2006,137,12,2027-10-02 16:30,8.50
207,Falling Down,Action,Joel Schumacher,1993,113,16,2027-10-02 13:30,8.50
208,As Good as It Gets,Comedy,James L. Brooks,1997,139,12,2027-10-02 10:30,8.00
209,Back to the Future Part II,Adventure,Robert Zemeckis,1989,108,0,2027-10-01 10:30,8.00
210,Falling Down,Action,Joel Schumacher,1993,113,16,2027-09-30 13:30,8.00
211,The Lives of Others,Drama,Florian Henckel von Donnersmarck,2006,137,12,2027-09-30 10:30,7.00
212,The Lives of Others,Drama,Florian Henckel von Donnersmarck,2006,137,12,2027-09-29 10:00,8.00
213,The King of Comedy,Comedy,Martin Scorsese,1982,109,0,2027-09-28 13:00,7.00
214,Le notti di Cabiria,Drama,Federico Fellini,1957,110,12,2027-09-28 10:00,7.00
215,Donnie Brasco,Biography,Mike Newell,1997,127,12,2027-09-27 10:00,7.00
216,The King of Comedy,Comedy,Martin Scorsese,1982,109,0,2027-09-26 19:00,9.50
217,Boogie Nights,Drama,Paul Thomas Anderson,1997,155,16,2027-09-26 15:30,7.00
218,Sleepers,Crime,Barry Levinson,1996,147,12,2027-09-26 12:30,6.50
219,Le notti di Cabiria,Drama,Federico Fellini,1957,110,12,2027-09-26 10:00,7.00
220,Enemy at the Gates,Drama,Jean-Jacques Annaud,2001,131,12,2027-09-25 15:30,7.50
221,Happiness,Comedy,Todd Solondz,1998,134,12,2027-09-25 12:30,8.50
222,Trois couleurs: Blanc,Comedy,Krzysztof Kieslowski,1994,92,0,2027-09-25 10:00,7.00
223,Jûbê ninpûchô,Animation,Yoshiaki Kawajiri,1993,94,12,2027-09-24 10:30,7.00
224,Bronenosets Potemkin,Drama,Sergei M. Eisenstein,1925,75,12,2027-09-23 14:30,7.50
225,Trois couleurs: Blanc,Comedy,Krzysztof Kieslowski,1994,92,0,2027-09-23 12:00,7.00
226,Bronenosets Potemkin,Drama,Sergei M. Eisenstein,1925,75,12,2027-09-23 10:00,7.50
227,Toki o kakeru shôjo,Animation,Mamoru Hosoda,2006,98,0,2027-09-22 15:30,8.00
228,It Happened One Night,Comedy,Frank Capra,1934,105,12,2027-09-22 13:00,6.50
229,The Shop Around the Corner,Comedy,Ernst Lubitsch,1940,99,12,2027-09-22 10:30,6.50
230,The Lives of Others,Drama,Florian Henckel von Donnersmarck,2006,137,12,2027-09-21 10:00,6.50
231,Bronenosets Potemkin,Drama,Sergei M. Eisenstein,1925,75,12,2027-09-20 15:00,8.50
232,Sunrise: A Song of Two Humans,Drama,F.W. Murnau,1927,94,12,2027-09-20 12:30,8.50
233,Jûbê ninpûchô,Animation,Yoshiaki Kawajiri,1993,94,12,2027-09-20 10:00,7.50
234,Jûbê ninpûchô,Animation,Yoshiaki Kawajiri,1993,94,12,2027-09-19 17:00,8.50
235,Trois couleurs: Blanc,Comedy,Krzysztof Kieslowski,1994,92,0,2027-09-19 14:30,8.00
236,Bound by Honor,Crime,Taylor Hackford,1993,180,16,2027-09-19 10:30,8.50
237,The Shawshank Redemption,Drama,Frank Darabont,1994,142,12,2027-09-18 18:30,10.00
238,Kal Ho Naa Ho,Comedy,Nikkhil Advani,2003,186,0,2027-09-18 14:30,8.50
239,Persona,Drama,Ingmar Bergman,1966,85,12,2027-09-18 12:30,7.50
240,Persona,Drama,Ingmar Bergman,1966,85,12,2027-09-18 10:30,8.50
241,Persona,Drama,Ingmar Bergman,1966,85,12,2027-09-17 15:00,6.50
242,The King of Comedy,Comedy,Martin Scorsese,1982,109,0,2027-09-17 12:30,7.50
243,Bronenosets Potemkin,Drama,Sergei M. Eisenstein,1925,75,12,2027-09-17 10:30,8.50
244,The King of Comedy,Comedy,Martin Scorsese,1982,109,0,2027-09-16 10:00,7.00
245,The Shawshank Redemption,Drama,Frank Darabont,1994,142,12,2027-09-15 16:30,8.00
246,Falling Down,Action,Joel Schumacher,1993,113,16,2027-09-15 13:30,7.50
247,Amadeus,Biography,Milos Forman,1984,160,16,2027-09-15 10:00,8.00
248,Harry Potter and the Sorcerer's Stone,Adventure,Chris Columbus,2001,152,0,2027-09-14 17:00,7.00
249,Falling Down,Action,Joel Schumacher,1993,113,16,2027-09-14 14:00,8.50
250,Kal Ho Naa Ho,Comedy,Nikkhil Advani,2003,186,0,2027-09-14 10:00,8.50
251,Jeux d'enfants,Comedy,Yann Samuell,2003,93,16,2027-09-13 10:00,8.00
252,Memento,Mystery,Christopher Nolan,2000,113,12,2027-09-12 16:00,7.50
253,The Others,Horror,Alejandro Amenábar,2001,101,12,2027-09-12 13:30,7.50
254,The Shawshank Redemption,Drama,Frank Darabont,1994,142,12,2027-09-12 10:30,8.50
255,The Pianist,Biography,Roman Polanski,2002,150,16,2027-09-11 16:30,7.50
256,Barry Lyndon,Adventure,Stanley Kubrick,1975,185,6,2027-09-11 12:30,8.00
257,Toki o kakeru shôjo,Animation,Mamoru Hosoda,2006,98,0,2027-09-11 10:00,8.50
258,Falling Down,Action,Joel Schumacher,1993,113,16,2027-09-10 13:00,8.50
259,All That Jazz,Drama,Bob Fosse,1979,123,12,2027-09-10 10:00,6.50
260,Jûbê ninpûchô,Animation,Yoshiaki Kawajiri,1993,94,12,2027-09-09 17:30,7.50
261,Sholay,Action,Ramesh Sippy,1975,204,0,2027-09-09 13:30,8.50
262,The Treasure of the Sierra Madre,Adventure,John Huston,1948,126,12,2027-09-09 10:30,8.00
263,Sleepers,Crime,Barry Levinson,1996,147,12,2027-09-08 17:00,8.00
264,"Swades: We, the People",Drama,Ashutosh Gowariker,2004,210,0,2027-09-08 13:00,7.00
265,Toki o kakeru shôjo,Animation,Mamoru Hosoda,2006,98,0,2027-09-08 10:30,7.00
266,Toki o kakeru shôjo,Animation,Mamoru Hosoda,2006,98,0,2027-09-07 15:30,6.50
267,Star Wars: Episode VI - Return of the Jedi,Action,Richard Marquand,1983,131,0,2027-09-07 12:30,8.00
268,Toki o kakeru shôjo,Animation,Mamoru Hosoda,2006,98,0,2027-09-07 10:00,8.50
269,All That Jazz,Drama,Bob Fosse,1979,123,12,2027-09-06 13:00,6.50
270,The Shawshank Redemption,Drama,Frank Darabont,1994,142,12,2027-09-06 10:00,8.50
271,Philadelphia,Drama,Jonathan Demme,1993,125,12,2027-09-05 21:30,10.00
272,The Killing Fields,Biography,Roland Joffé,1984,141,12,2027-09-05 18:00,9.50
273,My Fair Lady,Drama,George Cukor,1964,170,0,2027-09-05 14:30,8.00
274,Saving Private Ryan,Drama,Steven Spielberg,1998,169,16,2027-09-05 10:30,6.50
275,The Killing Fields,Biography,Roland Joffé,1984,141,12,2027-09-04 17:00,8.50
276,Fitzcarraldo,Adventure,Werner Herzog,1982,158,16,2027-09-04 13:30,8.50
277,All That Jazz,Drama,Bob Fosse,1979,123,12,2027-09-04 10:30,8.00
278,"Shin seiki Evangelion Gekijô-ban: Air/Magokoro wo, kimi ni",Animation,Hideaki Anno,1997,87,12,2027-09-03 16:30,6.50
279,All That Jazz,Drama,Bob Fosse,1979,123,12,2027-09-03 13:30,6.50
280,The Illusionist,Drama,Neil Burger,2006,110,0,2027-09-03 10:30,7.00
281,Sholay,Action,Ramesh Sippy,1975,204,0,2027-09-02 10:30,8.50
282,The Game,Action,David Fincher,1997,129,12,2027-09-01 10:30,7.50
283,Kurenai no buta,Animation,Hayao Miyazaki,1992,94,0,2027-08-31 13:00,7.00
284,Jeux d'enfants,Comedy,Yann Samuell,2003,93,16,2027-08-31 10:30,7.00
285,The Killing Fields,Biography,Roland Joffé,1984,141,12,2027-08-30 10:30,7.00
286,Kal Ho Naa Ho,Comedy,Nikkhil Advani,2003,186,0,2027-08-29 20:30,10.00
287,Fitzcarraldo,Adventure,Werner Herzog,1982,158,16,2027-08-29 17:00,8.50
288,Le notti di Cabiria,Drama,Federico Fellini,1957,110,12,2027-08-29 14:30,8.00
289,Sholay,Action,Ramesh Sippy,1975,204,0,2027-08-29 10:00,8.00
290,My Fair Lady,Drama,George Cukor,1964,170,0,2027-08-28 16:00,8.50
291,The Illusionist,Drama,Neil Burger,2006,110,0,2027-08-28 13:30,8.50
292,Le notti di Cabiria,Drama,Federico Fellini,1957,110,12,2027-08-28 10:30,7.50
293,The Treasure of the Sierra Madre,Adventure,John Huston,1948,126,12,2027-08-27 10:30,7.00
294,Sen to Chihiro no kamikakushi,Animation,Hayao Miyazaki,2001,125,0,2027-08-26 17:00,7.00
295,Close Encounters of the Third Kind,Drama,Steven Spielberg,1977,138,0,2027-08-26 14:00,6.50
296,Saving Private Ryan,Drama,Steven Spielberg,1998,169,16,2027-08-26 10:30,7.50
297,Le notti di Cabiria,Drama,Federico Fellini,1957,110,12,2027-08-25 15:30,6.50
298,Jeux d'enfants,Comedy,Yann Samuell,2003,93,16,2027-08-25 13:00,7.50
299,The Sixth Sense,Drama,M. Night Shyamalan,1999,107,12,2027-08-25 10:30,8.00
300,The Treasure of the Sierra Madre,Adventure,John Huston,1948,126,12,2027-08-24 13:00,6.50
301,Zelig,Comedy,Woody Allen,1983,79,6,2027-08-24 10:30,7.50
302,Gone with the Wind,Drama,Victor Fleming,1939,238,0,2027-08-23 13:00,6.50
303,Lat sau san taam,Action,John Woo,1992,128,16,2027-08-23 10:00,6.50
304,Sholay,Action,Ramesh Sippy,1975,204,0,2027-08-22 16:30,8.00
305,The Others,Horror,Alejandro Amenábar,2001,101,12,2027-08-22 14:00,7.50
306,Kal Ho Naa Ho,Comedy,Nikkhil Advani,2003,186,0,2027-08-22 10:00,8.50
307,"Swades: We, the People",Drama,Ashutosh Gowariker,2004,210,0,2027-08-21 16:00,8.50
308,All That Jazz,Drama,Bob Fosse,1979,123,12,2027-08-21 13:00,6.50
309,All That Jazz,Drama,Bob Fosse,1979,123,12,2027-08-21 10:00,7.50
310,Jeux d'enfants,Comedy,Yann Samuell,2003,93,16,2027-08-20 10:00,6.50
311,Amadeus,Biography,Milos Forman,1984,160,16,2027-08-19 10:00,7.00
312,Sholay,Action,Ramesh Sippy,1975,204,0,2027-08-18 10:00,7.50
313,Der Name der Rose,Crime,Jean-Jacques Annaud,1986,130,16,2027-08-17 15:30,8.50
314,Toki o kakeru shôjo,Animation,Mamoru Hosoda,2006,98,0,2027-08-17 13:00,8.50
315,The Treasure of the Sierra Madre,Adventure,John Huston,1948,126,12,2027-08-17 10:00,8.50
316,Jeux d'enfants,Comedy,Yann Samuell,2003,93,16,2027-08-16 13:30,7.00
317,Aliens,Action,James Cameron,1986,137,0,2027-08-16 10:30,6.50
318,The Killing Fields,Biography,Roland Joffé,1984,141,12,2027-08-15 18:00,9.00
319,8½,Drama,Federico Fellini,1963,138,12,2027-08-15 15:00,8.50
320,Sholay,Action,Ramesh Sippy,1975,204,0,2027-08-15 10:30,6.50
321,Indiana Jones and the Last Crusade,Action,Steven Spielberg,1989,127,0,2027-08-14 16:30,6.50
322,Fitzcarraldo,Adventure,Werner Herzog,1982,158,16,2027-08-14 13:00,8.50
323,Planet of the Apes,Adventure,Franklin J. Schaffner,1968,112,0,2027-08-14 10:00,8.00
324,Fitzcarraldo,Adventure,Werner Herzog,1982,158,16,2027-08-13 10:30,6.50
325,Gone with the Wind,Drama,Victor Fleming,1939,238,0,2027-08-12 10:30,7.50
326,Sholay,Action,Ramesh Sippy,1975,204,0,2027-08-11 16:00,6.50
327,Lat sau san taam,Action,John Woo,1992,128,16,2027-08-11 13:00,7.50
328,Casino Royale,Action,Martin Campbell,2006,144,12,2027-08-11 10:00,8.00
329,Indiana Jones and the Last Crusade,Action,Steven Spielberg,1989,127,0,2027-08-10 15:30,7.00
330,Lat sau san taam,Action,John Woo,1992,128,16,2027-08-10 12:30,8.50
331,Once,Drama,John Carney,2007,86,16,2027-08-10 10:30,7.00
332,Planet of the Apes,Adventure,Franklin J. Schaffner,1968,112,0,2027-08-09 16:30,6.50
333,Once,Drama,John Carney,2007,86,16,2027-08-09 14:00,7.50
334,Barry Lyndon,Adventure,Stanley Kubrick,1975,185,6,2027-08-09 10:00,8.00
335,The Others,Horror,Alejandro Amenábar,2001,101,12,2027-08-08 19:30,10.00
336,Saving Private Ryan,Drama,Steven Spielberg,1998,169,16,2027-08-08 16:00,8.50
337,Sen to Chihiro no kamikakushi,Animation,Hayao Miyazaki,2001,125,0,2027-08-08 13:00,7.50
338,The Treasure of the Sierra Madre,Adventure,John Huston,1948,126,12,2027-08-08 10:00,7.50
339,The Gold Rush,Adventure,Charles Chaplin,1925,95,12,2027-08-07 19:30,8.50
340,Do lok tin si,Comedy,Kar-Wai Wong,1995,99,12,2027-08-07 17:00,8.50
341,Fitzcarraldo,Adventure,Werner Herzog,1982,158,16,2027-08-07 13:30,7.50
342,Kakushi-toride no san-akunin,Adventure,Akira Kurosawa,1958,139,12,2027-08-07 10:00,6.50
343,Barry Lyndon,Adventure,Stanley Kubrick,1975,185,6,2027-08-06 13:00,8.00
344,Sen to Chihiro no kamikakushi,Animation,Hayao Miyazaki,2001,125,0,2027-08-06 10:00,7.50
345,Aliens,Action,James Cameron,1986,137,0,2027-08-05 10:30,7.00
346,The Shawshank Redemption,Drama,Frank Darabont,1994,142,12,2027-08-04 15:30,8.00
347,The Gold Rush,Adventure,Charles Chaplin,1925,95,12,2027-08-04 13:00,7.00
348,Sen to Chihiro no kamikakushi,Animation,Hayao Miyazaki,2001,125,0,2027-08-04 10:00,7.50
349,Aliens,Action,James Cameron,1986,137,0,2027-08-03 16:30,8.00
350,The Killing Fields,Biography,Roland Joffé,1984,141,12,2027-08-03 13:30,6.50
351,Indiana Jones and the Last Crusade,Action,Steven Spielberg,1989,127,0,2027-08-03 10:30,7.00
352,The Muppet Movie,Adventure,James Frawley,1979,95,0,2027-08-02 10:30,8.00
353,"Swades: We, the People",Drama,Ashutosh Gowariker,2004,210,0,2027-08-01 18:00,9.00
354,The Game,Action,David Fincher,1997,129,12,2027-08-01 15:00,7.00
355,Gone with the Wind,Drama,Victor Fleming,1939,238,0,2027-08-01 10:00,7.50
356,The Game,Action,David Fincher,1997,129,12,2027-07-31 19:30,9.00
357,The Game,Action,David Fincher,1997,129,12,2027-07-31 16:30,8.00
358,Fitzcarraldo,Adventure,Werner Herzog,1982,158,16,2027-07-31 13:00,7.00
359,Finding Neverland,Biography,Marc Forster,2004,106,0,2027-07-31 10:30,8.50
360,Aliens,Action,James Cameron,1986,137,0,2027-07-30 16:00,8.00
361,Interstate 60: Episodes of the Road,Adventure,Bob Gale,2002,116,16,2027-07-30 13:00,7.50
362,Control,Biography,Anton Corbijn,2007,122,16,2027-07-30 10:00,8.50
363,The Illusionist,Drama,Neil Burger,2006,110,0,2027-07-29 10:30,6.50
364,Star Wars: Episode VI - Return of the Jedi,Action,Richard Marquand,1983,131,0,2027-07-28 16:00,7.50
365,Interstate 60: Episodes of the Road,Adventure,Bob Gale,2002,116,16,2027-07-28 13:00,7.50
366,Finding Neverland,Biography,Marc Forster,2004,106,0,2027-07-28 10:30,7.50
367,Star Wars: Episode VI - Return of the Jedi,Action,Richard Marquand,1983,131,0,2027-07-27 10:00,8.00
368,Philadelphia,Drama,Jonathan Demme,1993,125,12,2027-07-26 10:30,6.50
369,Le locataire,Drama,Roman Polanski,1976,126,16,2027-07-25 19:30,8.50
370,Interstate 60: Episodes of the Road,Adventure,Bob Gale,2002,116,16,2027-07-25 16:30,8.00
371,The Game,Action,David Fincher,1997,129,12,2027-07-25 13:30,8.50
372,The Shawshank Redemption,Drama,Frank Darabont,1994,142,12,2027-07-25 10:30,7.50
373,Kakushi-toride no san-akunin,Adventure,Akira Kurosawa,1958,139,12,2027-07-24 19:00,10.00
374,The Bridges of Madison County,Drama,Clint Eastwood,1995,135,12,2027-07-24 16:00,8.00
375,Kakushi-toride no san-akunin,Adventure,Akira Kurosawa,1958,139,12,2027-07-24 13:00,8.50
376,Le locataire,Drama,Roman Polanski,1976,126,16,2027-07-24 10:00,8.50
377,The Birds,Drama,Alfred Hitchcock,1963,119,12,2027-07-23 14:30,7.00
378,Zelig,Comedy,Woody Allen,1983,79,6,2027-07-23 12:30,8.00
379,Toy Story 2,Animation,John Lasseter,1999,92,0,2027-07-23 10:00,8.00
380,Batman Begins,Action,Christopher Nolan,2005,140,12,2027-07-22 10:00,8.50
381,The Birds,Drama,Alfred Hitchcock,1963,119,12,2027-07-21 16:30,7.00
382,Interstate 60: Episodes of the Road,Adventure,Bob Gale,2002,116,16,2027-07-21 13:30,7.50
383,The Game,Action,David Fincher,1997,129,12,2027-07-21 10:30,8.50
384,Stand by Me,Adventure,Rob Reiner,1986,89,0,2027-07-20 15:30,6.50
385,Close Encounters of the Third Kind,Drama,Steven Spielberg,1977,138,0,2027-07-20 12:30,7.50
386,Finding Nemo,Animation,Andrew Stanton,2003,100,0,2027-07-20 10:00,8.00
387,Zelig,Comedy,Woody Allen,1983,79,6,2027-07-19 13:00,7.50
388,Ed Wood,Biography,Tim Burton,1994,127,0,2027-07-19 10:00,8.50
389,Zelig,Comedy,Woody Allen,1983,79,6,2027-07-18 17:00,7.50
390,Rio Bravo,Action,Howard Hawks,1959,141,12,2027-07-18 14:00,8.00
391,Barry Lyndon,Adventure,Stanley Kubrick,1975,185,6,2027-07-18 10:00,6.50
392,Planet of the Apes,Adventure,Franklin J. Schaffner,1968,112,0,2027-07-17 19:00,10.00
393,The Shawshank Redemption,Drama,Frank Darabont,1994,142,12,2027-07-17 16:00,8.50
394,Casino Royale,Action,Martin Campbell,2006,144,12,2027-07-17 13:00,7.50
395,Le locataire,Drama,Roman Polanski,1976,126,16,2027-07-17 10:00,6.50
396,Blazing Saddles,Comedy,Mel Brooks,1974,93,12,2027-07-16 10:30,6.50
397,Rocky,Drama,John G. Avildsen,1976,120,0,2027-07-15 12:30,7.50
398,Do lok tin si,Comedy,Kar-Wai Wong,1995,99,12,2027-07-15 10:00,8.50
399,Control,Biography,Anton Corbijn,2007,122,16,2027-07-14 10:30,8.00
400,The Great Dictator,Comedy,Charles Chaplin,1940,125,12,2027-07-13 10:00,8.50
401,Ladri di biciclette,Drama,Vittorio De Sica,1948,89,12,2027-07-12 13:00,8.50
402,Close Encounters of the Third Kind,Drama,Steven Spielberg,1977,138,0,2027-07-12 10:00,8.00
403,The Great Dictator,Comedy,Charles Chaplin,1940,125,12,2027-07-11 18:30,10.00
404,Det sjunde inseglet,Drama,Ingmar Bergman,1957,96,12,2027-07-11 16:00,7.50
405,Rio Bravo,Action,Howard Hawks,1959,141,12,2027-07-11 13:00,8.50
406,"Lock, Stock and Two Smoking Barrels",Action,Guy Ritchie,1998,107,12,2027-07-11 10:30,7.00
407,The Birds,Drama,Alfred Hitchcock,1963,119,12,2027-07-10 19:00,9.50
408,Fantasia,Animation,James Algar,1940,125,0,2027-07-10 16:00,8.00
409,Interstate 60: Episodes of the Road,Adventure,Bob Gale,2002,116,16,2027-07-10 13:00,7.00
410,Happiness,Comedy,Todd Solondz,1998,134,12,2027-07-10 10:00,8.00
411,Who's Afraid of Virginia Woolf?,Drama,Mike Nichols,1966,131,12,2027-07-09 16:30,8.00
412,Ikiru,Drama,Akira Kurosawa,1952,143,12,2027-07-09 13:30,8.50
413,Once Upon a Time in the West,Western,Sergio Leone,1968,165,0,2027-07-09 10:00,8.00
414,Gone with the Wind,Drama,Victor Fleming,1939,238,0,2027-07-08 13:30,7.00
415,Casino Royale,Action,Martin Campbell,2006,144,12,2027-07-08 10:30,7.50
416,Interstate 60: Episodes of the Road,Adventure,Bob Gale,2002,116,16,2027-07-07 16:00,6.50
417,The Birds,Drama,Alfred Hitchcock,1963,119,12,2027-07-07 13:00,7.00
418,The Bridges of Madison County,Drama,Clint Eastwood,1995,135,12,2027-07-07 10:00,8.00
419,Happiness,Comedy,Todd Solondz,1998,134,12,2027-07-06 10:00,8.50
420,American Gangster,Biography,Ridley Scott,2007,157,12,2027-07-05 13:30,8.00
421,Fantasia,Animation,James Algar,1940,125,0,2027-07-05 10:30,7.00
422,Match Point,Drama,Woody Allen,2005,124,16,2027-07-04 18:00,10.00
423,The Illusionist,Drama,Neil Burger,2006,110,0,2027-07-04 15:00,7.50
424,Gone with the Wind,Drama,Victor Fleming,1939,238,0,2027-07-04 10:00,7.00
425,Toy Story 2,Animation,John Lasseter,1999,92,0,2027-07-03 19:00,8.50
426,Stand by Me,Adventure,Rob Reiner,1986,89,0,2027-07-03 16:30,6.50
427,Once Upon a Time in the West,Western,Sergio Leone,1968,165,0,2027-07-03 13:00,8.50
428,Batman Begins,Action,Christopher Nolan,2005,140,12,2027-07-03 10:00,8.50
429,Serenity,Action,Joss Whedon,2005,119,12,2027-07-02 13:30,8.50
430,Match Point,Drama,Woody Allen,2005,124,16,2027-07-02 10:30,6.50
431,Rocky,Drama,John G. Avildsen,1976,120,0,2027-07-01 10:00,8.50
432,The Muppet Movie,Adventure,James Frawley,1979,95,0,2027-06-30 13:00,6.50
433,Gongdong gyeongbi guyeok JSA,Action,Chan-wook Park,2000,110,12,2027-06-30 10:30,8.50
434,The Illusionist,Drama,Neil Burger,2006,110,0,2027-06-29 13:00,8.50
435,The Killing Fields,Biography,Roland Joffé,1984,141,12,2027-06-29 10:00,8.50
436,The Muppet Christmas Carol,Comedy,Brian Henson,1992,85,0,2027-06-28 16:00,8.00
437,Sleepers,Crime,Barry Levinson,1996,147,12,2027-06-28 13:00,7.00
438,Hedwig and the Angry Inch,Comedy,John Cameron Mitchell,2001,95,16,2027-06-28 10:30,7.50
439,La montaña sagrada,Adventure,Alejandro Jodorowsky,1973,114,16,2027-06-27 18:30,10.00
440,American Gangster,Biography,Ridley Scott,2007,157,12,2027-06-27 15:00,6.50
441,The Great Dictator,Comedy,Charles Chaplin,1940,125,12,2027-06-27 12:00,8.50
442,Stand by Me,Adventure,Rob Reiner,1986,89,0,2027-06-27 10:00,6.50
443,The Great Dictator,Comedy,Charles Chaplin,1940,125,12,2027-06-26 19:30,8.50
444,Fantasia,Animation,James Algar,1940,125,0,2027-06-26 16:30,8.00
445,Once Upon a Time in the West,Western,Sergio Leone,1968,165,0,2027-06-26 13:00,8.00
446,Who's Afraid of Virginia Woolf?,Drama,Mike Nichols,1966,131,12,2027-06-26 10:00,7.00
447,Gongdong gyeongbi guyeok JSA,Action,Chan-wook Park,2000,110,12,2027-06-25 10:30,7.50
448,The Illusionist,Drama,Neil Burger,2006,110,0,2027-06-24 10:00,7.50
449,The Incredibles,Animation,Brad Bird,2004,115,0,2027-06-23 13:30,7.00
450,Match Point,Drama,Woody Allen,2005,124,16,2027-06-23 10:30,7.00
451,Enemy at the Gates,Drama,Jean-Jacques Annaud,2001,131,12,2027-06-22 10:30,6.50
452,Ladri di biciclette,Drama,Vittorio De Sica,1948,89,12,2027-06-21 13:00,7.50
453,Blazing Saddles,Comedy,Mel Brooks,1974,93,12,2027-06-21 10:30,7.00
454,Twelve Monkeys,Mystery,Terry Gilliam,1995,129,12,2027-06-20 18:30,10.00
455,Kakushi-toride no san-akunin,Adventure,Akira Kurosawa,1958,139,12,2027-06-20 15:30,6.50
456,Det sjunde inseglet,Drama,Ingmar Bergman,1957,96,12,2027-06-20 13:00,6.50
457,Ed Wood,Biography,Tim Burton,1994,127,0,2027-06-20 10:00,7.50
458,Lost in Translation,Comedy,Sofia Coppola,2003,102,12,2027-06-19 18:00,9.50
459,Hedwig and the Angry Inch,Comedy,John Cameron Mitchell,2001,95,16,2027-06-19 15:30,7.00
460,Happiness,Comedy,Todd Solondz,1998,134,12,2027-06-19 12:30,7.00
461,Blazing Saddles,Comedy,Mel Brooks,1974,93,12,2027-06-19 10:00,7.00
462,Happiness,Comedy,Todd Solondz,1998,134,12,2027-06-18 16:30,7.50
463,Rio Bravo,Action,Howard Hawks,1959,141,12,2027-06-18 13:30,7.50
464,The Great Dictator,Comedy,Charles Chaplin,1940,125,12,2027-06-18 10:30,7.50
465,Gattaca,Drama,Andrew Niccol,1997,106,12,2027-06-17 14:00,7.50
466,Munna Bhai M.B.B.S.,Comedy,Rajkumar Hirani,2003,156,0,2027-06-17 10:30,7.00
467,Lost in Translation,Comedy,Sofia Coppola,2003,102,12,2027-06-16 10:30,8.00
468,Tombstone,Action,George P. Cosmatos,1993,130,16,2027-06-15 16:30,7.00
469,The Thin Red Line,Drama,Terrence Malick,1998,170,12,2027-06-15 12:30,7.00
470,The Illusionist,Drama,Neil Burger,2006,110,0,2027-06-15 10:00,7.00
471,The Muppet Christmas Carol,Comedy,Brian Henson,1992,85,0,2027-06-14 16:00,7.00
472,The Incredibles,Animation,Brad Bird,2004,115,0,2027-06-14 13:00,7.50
473,Match Point,Drama,Woody Allen,2005,124,16,2027-06-14 10:00,6.50
474,Munna Bhai M.B.B.S.,Comedy,Rajkumar Hirani,2003,156,0,2027-06-13 16:30,7.50
475,The Muppet Christmas Carol,Comedy,Brian Henson,1992,85,0,2027-06-13 14:00,8.50
476,The Thin Red Line,Drama,Terrence Malick,1998,170,12,2027-06-13 10:00,8.50
477,The Illusionist,Drama,Neil Burger,2006,110,0,2027-06-12 18:00,9.50
478,"Lock, Stock and Two Smoking Barrels",Action,Guy Ritchie,1998,107,12,2027-06-12 15:30,8.50
479,Gattaca,Drama,Andrew Niccol,1997,106,12,2027-06-12 13:00,8.00
480,Rocky,Drama,John G. Avildsen,1976,120,0,2027-06-12 10:00,8.50
481,Enemy at the Gates,Drama,Jean-Jacques Annaud,2001,131,12,2027-06-11 10:30,8.50
482,Match Point,Drama,Woody Allen,2005,124,16,2027-06-10 10:30,7.00
483,The Killing Fields,Biography,Roland Joffé,1984,141,12,2027-06-09 16:00,7.50
484,Enemy at the Gates,Drama,Jean-Jacques Annaud,2001,131,12,2027-06-09 13:00,7.50
485,Gattaca,Drama,Andrew Niccol,1997,106,12,2027-06-09 10:30,7.50
486,La montaña sagrada,Adventure,Alejandro Jodorowsky,1973,114,16,2027-06-08 15:30,8.00
487,Lost in Translation,Comedy,Sofia Coppola,2003,102,12,2027-06-08 13:00,7.00
488,Happiness,Comedy,Todd Solondz,1998,134,12,2027-06-08 10:00,7.50
489,La montaña sagrada,Adventure,Alejandro Jodorowsky,1973,114,16,2027-06-07 16:00,7.50
490,The Bridges of Madison County,Drama,Clint Eastwood,1995,135,12,2027-06-07 13:00,6.50
491,Happiness,Comedy,Todd Solondz,1998,134,12,2027-06-07 10:00,8.00
492,La haine,Crime,Mathieu Kassovitz,1995,98,12,2027-06-06 15:30,8.00
493,Who's Afraid of Virginia Woolf?,Drama,Mike Nichols,1966,131,12,2027-06-06 12:30,7.00
494,Hedwig and the Angry Inch,Comedy,John Cameron Mitchell,2001,95,16,2027-06-06 10:00,8.00
495,King Kong,Adventure,Merian C. Cooper,1933,100,12,2027-06-05 15:00,7.00
496,Dazed and Confused,Comedy,Richard Linklater,1993,102,0,2027-06-05 12:30,6.50
497,Stand by Me,Adventure,Rob Reiner,1986,89,0,2027-06-05 10:30,7.00
498,The Thin Red Line,Drama,Terrence Malick,1998,170,12,2027-06-04 16:00,7.50
499,Escape from Alcatraz,Action,Don Siegel,1979,112,12,2027-06-04 13:00,7.50
500,The Elephant Man,Biography,David Lynch,1980,124,12,2027-06-04 10:00,8.50
501,Happiness,Comedy,Todd Solondz,1998,134,12,2027-06-03 13:00,6.50
502,Det sjunde inseglet,Drama,Ingmar Bergman,1957,96,12,2027-06-03 10:30,8.50
503,Ikiru,Drama,Akira Kurosawa,1952,143,12,2027-06-02 16:30,6.50
504,Dazed and Confused,Comedy,Richard Linklater,1993,102,0,2027-06-02 14:00,6.50
505,The Thin Red Line,Drama,Terrence Malick,1998,170,12,2027-06-02 10:30,7.50
506,Ikiru,Drama,Akira Kurosawa,1952,143,12,2027-06-01 16:00,8.50
507,The Muppet Christmas Carol,Comedy,Brian Henson,1992,85,0,2027-06-01 13:30,7.00
508,Sleepers,Crime,Barry Levinson,1996,147,12,2027-06-01 10:00,6.50
509,Twelve Monkeys,Mystery,Terry Gilliam,1995,129,12,2027-05-31 13:00,6.50
510,Tropa de Elite,Action,José Padilha,2007,115,16,2027-05-31 10:00,7.50
511,Tropa de Elite,Action,José Padilha,2007,115,16,2027-05-30 16:00,8.00
512,First Blood,Action,Ted Kotcheff,1982,93,12,2027-05-30 13:30,8.00
513,Happiness,Comedy,Todd Solondz,1998,134,12,2027-05-30 10:30,7.00
514,North by Northwest,Adventure,Alfred Hitchcock,1959,136,0,2027-05-29 18:30,8.50
515,Lost in Translation,Comedy,Sofia Coppola,2003,102,12,2027-05-29 16:00,8.50
516,Munna Bhai M.B.B.S.,Comedy,Rajkumar Hirani,2003,156,0,2027-05-29 12:30,8.50
517,Gongdong gyeongbi guyeok JSA,Action,Chan-wook Park,2000,110,12,2027-05-29 10:00,8.50
518,Dazed and Confused,Comedy,Richard Linklater,1993,102,0,2027-05-28 13:00,8.50
519,Hedwig and the Angry Inch,Comedy,John Cameron Mitchell,2001,95,16,2027-05-28 10:30,7.00
520,Badlands,Action,Terrence Malick,1973,94,6,2027-05-27 12:30,6.50
521,Badlands,Action,Terrence Malick,1973,94,6,2027-05-27 10:00,8.50
522,Mystic River,Crime,Clint Eastwood,2003,138,12,2027-05-26 13:00,7.00
523,Le scaphandre et le papillon,Biography,Julian Schnabel,2007,112,12,2027-05-26 10:30,7.00
524,Kakushi-toride no san-akunin,Adventure,Akira Kurosawa,1958,139,12,2027-05-25 10:00,7.00
525,Who's Afraid of Virginia Woolf?,Drama,Mike Nichols,1966,131,12,2027-05-24 10:30,7.00
526,Heat,Crime,Michael Mann,1995,170,12,2027-05-23 17:30,7.00
527,The Last Samurai,Action,Edward Zwick,2003,154,12,2027-05-23 14:00,8.00
528,Cast Away,Adventure,Robert Zemeckis,2000,143,12,2027-05-23 10:30,6.50
529,First Blood,Action,Ted Kotcheff,1982,93,12,2027-05-22 16:30,7.00
530,Mystic River,Crime,Clint Eastwood,2003,138,12,2027-05-22 13:00,6.50
531,Snatch,Comedy,Guy Ritchie,2000,104,12,2027-05-22 10:30,7.00
532,Dazed and Confused,Comedy,Richard Linklater,1993,102,0,2027-05-21 12:30,6.50
533,Sunset Blvd.,Drama,Billy Wilder,1950,110,12,2027-05-21 10:00,8.00
534,Tombstone,Action,George P. Cosmatos,1993,130,16,2027-05-20 15:30,6.50
535,Tropa de Elite,Action,José Padilha,2007,115,16,2027-05-20 13:00,7.00
536,Dazed and Confused,Comedy,Richard Linklater,1993,102,0,2027-05-20 10:30,7.00
537,Braveheart,Biography,Mel Gibson,1995,178,12,2027-05-19 10:00,6.50
538,Gattaca,Drama,Andrew Niccol,1997,106,12,2027-05-18 15:00,8.50
539,Snatch,Comedy,Guy Ritchie,2000,104,12,2027-05-18 12:30,8.50
540,Badlands,Action,Terrence Malick,1973,94,6,2027-05-18 10:00,7.00
541,Brief Encounter,Drama,David Lean,1945,86,0,2027-05-17 14:00,7.50
542,The Lord of the Rings: The Two Towers,Action,Peter Jackson,2002,179,12,2027-05-17 10:00,8.00
543,First Blood,Action,Ted Kotcheff,1982,93,12,2027-05-16 18:30,8.50
544,King Kong,Adventure,Merian C. Cooper,1933,100,12,2027-05-16 16:00,7.50
545,All the President's Men,Biography,Alan J. Pakula,1976,138,0,2027-05-16 13:00,6.50
546,King Kong,Adventure,Merian C. Cooper,1933,100,12,2027-05-16 10:30,8.50
547,Tropa de Elite,Action,José Padilha,2007,115,16,2027-05-15 19:30,9.50
548,Heat,Crime,Michael Mann,1995,170,12,2027-05-15 16:00,8.50
549,La haine,Crime,Mathieu Kassovitz,1995,98,12,2027-05-15 13:30,8.00
550,Cast Away,Adventure,Robert Zemeckis,2000,143,12,2027-05-15 10:00,7.00
551,Twelve Monkeys,Mystery,Terry Gilliam,1995,129,12,2027-05-14 10:00,7.50
552,Mystic River,Crime,Clint Eastwood,2003,138,12,2027-05-13 10:30,6.50
553,All the President's Men,Biography,Alan J. Pakula,1976,138,0,2027-05-12 10:00,8.50
554,Rain Man,Drama,Barry Levinson,1988,133,0,2027-05-11 12:30,8.00
555,Fa yeung nin wah,Drama,Kar-Wai Wong,2000,98,0,2027-05-11 10:00,7.00
556,Dom za vesanje,Comedy,Emir Kusturica,1988,142,16,2027-05-10 12:30,6.50
557,First Blood,Action,Ted Kotcheff,1982,93,12,2027-05-10 10:00,8.00
558,Brief Encounter,Drama,David Lean,1945,86,0,2027-05-09 20:00,9.50
559,Dark City,Mystery,Alex Proyas,1998,100,12,2027-05-09 17:30,8.00
560,Dom za vesanje,Comedy,Emir Kusturica,1988,142,16,2027-05-09 14:30,7.50
561,Gandhi,Biography,Richard Attenborough,1982,191,0,2027-05-09 10:30,7.50
562,First Blood,Action,Ted Kotcheff,1982,93,12,2027-05-08 16:30,7.50
563,Vertigo,Mystery,Alfred Hitchcock,1958,128,12,2027-05-08 13:30,8.50
564,A Streetcar Named Desire,Drama,Elia Kazan,1951,122,12,2027-05-08 10:30,8.00
565,King Kong,Adventure,Merian C. Cooper,1933,100,12,2027-05-07 12:30,8.00
566,Escape from Alcatraz,Action,Don Siegel,1979,112,12,2027-05-07 10:00,6.50
567,Kakushi-toride no san-akunin,Adventure,Akira Kurosawa,1958,139,12,2027-05-06 16:00,8.50
568,Cabaret,Drama,Bob Fosse,1972,124,12,2027-05-06 13:00,8.00
569,The Great Dictator,Comedy,Charles Chaplin,1940,125,12,2027-05-06 10:00,8.50
570,Kakushi-toride no san-akunin,Adventure,Akira Kurosawa,1958,139,12,2027-05-05 10:00,8.50
571,Gandhi,Biography,Richard Attenborough,1982,191,0,2027-05-04 10:30,6.50
572,Jûbê ninpûchô,Animation,Yoshiaki Kawajiri,1993,94,12,2027-05-03 10:00,6.50
573,Badlands,Action,Terrence Malick,1973,94,6,2027-05-02 21:00,8.50
574,Gandhi,Biography,Richard Attenborough,1982,191,0,2027-05-02 17:00,6.50
575,Heat,Crime,Michael Mann,1995,170,12,2027-05-02 13:00,7.00
576,Seppuku,Action,Masaki Kobayashi,1962,133,12,2027-05-02 10:00,7.50
577,Snatch,Comedy,Guy Ritchie,2000,104,12,2027-05-01 16:00,7.50
578,La haine,Crime,Mathieu Kassovitz,1995,98,12,2027-05-01 13:30,6.50
579,Heat,Crime,Michael Mann,1995,170,12,2027-05-01 10:00,7.00
580,The Red Shoes,Drama,Michael Powell,1948,135,12,2027-04-30 14:00,8.50
581,The Right Stuff,Adventure,Philip Kaufman,1983,193,6,2027-04-30 10:00,7.50
582,Cast Away,Adventure,Robert Zemeckis,2000,143,12,2027-04-29 14:30,8.00
583,The Lord of the Rings: The Two Towers,Action,Peter Jackson,2002,179,12,2027-04-29 10:30,7.00
584,Duck Soup,Comedy,Leo McCarey,1933,69,12,2027-04-28 15:30,8.50
585,Cabaret,Drama,Bob Fosse,1972,124,12,2027-04-28 12:30,7.50
586,The Night of the Hunter,Crime,Charles Laughton,1955,92,12,2027-04-28 10:00,8.00
587,Dom za vesanje,Comedy,Emir Kusturica,1988,142,16,2027-04-27 15:30,7.50
588,Jûbê ninpûchô,Animation,Yoshiaki Kawajiri,1993,94,12,2027-04-27 13:00,7.50
589,Cowboy Bebop: Tengoku no tobira,Animation,Shin'ichirô Watanabe,2001,115,0,2027-04-27 10:30,6.50
590,Dà hóng denglong gaogao guà,Drama,Yimou Zhang,1991,125,6,2027-04-26 15:00,8.00
591,Escape from Alcatraz,Action,Don Siegel,1979,112,12,2027-04-26 12:00,8.50
592,Brief Encounter,Drama,David Lean,1945,86,0,2027-04-26 10:00,7.50
593,In a Lonely Place,Drama,Nicholas Ray,1950,94,12,2027-04-25 17:00,7.50
594,The Right Stuff,Adventure,Philip Kaufman,1983,193,6,2027-04-25 13:00,8.50
595,Kakushi-toride no san-akunin,Adventure,Akira Kurosawa,1958,139,12,2027-04-25 10:00,8.00
596,Million Dollar Baby,Drama,Clint Eastwood,2004,132,12,2027-04-24 17:00,8.00
597,Cowboy Bebop: Tengoku no tobira,Animation,Shin'ichirô Watanabe,2001,115,0,2027-04-24 14:00,8.50
598,La dolce vita,Comedy,Federico Fellini,1960,174,12,2027-04-24 10:00,8.00
599,The Lord of the Rings: The Two Towers,Action,Peter Jackson,2002,179,12,2027-04-23 15:30,7.00
600,Jûbê ninpûchô,Animation,Yoshiaki Kawajiri,1993,94,12,2027-04-23 13:00,8.50
601,In a Lonely Place,Drama,Nicholas Ray,1950,94,12,2027-04-23 10:30,8.00
602,Fa yeung nin wah,Drama,Kar-Wai Wong,2000,98,0,2027-04-22 10:30,6.50
603,Mystic River,Crime,Clint Eastwood,2003,138,12,2027-04-21 10:30,8.00
604,The Great Dictator,Comedy,Charles Chaplin,1940,125,12,2027-04-20 10:00,7.50
605,The Color Purple,Drama,Steven Spielberg,1985,154,0,2027-04-19 10:30,6.50
606,October Sky,Biography,Joe Johnston,1999,108,6,2027-04-18 18:00,10.00
607,In a Lonely Place,Drama,Nicholas Ray,1950,94,12,2027-04-18 15:30,8.00
608,Fa yeung nin wah,Drama,Kar-Wai Wong,2000,98,0,2027-04-18 13:00,8.50
609,Willy Wonka & the Chocolate Factory,Family,Mel Stuart,1971,100,0,2027-04-18 10:30,8.50
610,The Night of the Hunter,Crime,Charles Laughton,1955,92,12,2027-04-17 19:00,10.00
611,La haine,Crime,Mathieu Kassovitz,1995,98,12,2027-04-17 16:30,8.00
612,The Man Who Shot Liberty Valance,Drama,John Ford,1962,123,12,2027-04-17 13:30,7.50
613,Close Encounters of the Third Kind,Drama,Steven Spielberg,1977,138,0,2027-04-17 10:30,8.50
614,The Lord of the Rings: The Two Towers,Action,Peter Jackson,2002,179,12,2027-04-16 15:00,8.00
615,Brief Encounter,Drama,David Lean,1945,86,0,2027-04-16 13:00,7.00
616,Seppuku,Action,Masaki Kobayashi,1962,133,12,2027-04-16 10:00,6.50
617,The Last Samurai,Action,Edward Zwick,2003,154,12,2027-04-15 15:30,8.50
618,The Night of the Hunter,Crime,Charles Laughton,1955,92,12,2027-04-15 13:00,7.00
619,Mystic River,Crime,Clint Eastwood,2003,138,12,2027-04-15 10:00,8.50
620,October Sky,Biography,Joe Johnston,1999,108,6,2027-04-14 13:00,6.50
621,Cabaret,Drama,Bob Fosse,1972,124,12,2027-04-14 10:00,7.50
622,Lagaan: Once Upon a Time in India,Adventure,Ashutosh Gowariker,2001,224,0,2027-04-13 13:00,8.50
623,The Night of the Hunter,Crime,Charles Laughton,1955,92,12,2027-04-13 10:30,7.50
624,Willy Wonka & the Chocolate Factory,Family,Mel Stuart,1971,100,0,2027-04-12 14:00,8.50
625,The Last Samurai,Action,Edward Zwick,2003,154,12,2027-04-12 10:30,6.50
626,The Night of the Hunter,Crime,Charles Laughton,1955,92,12,2027-04-11 19:30,8.50
627,Kill Bill: Vol. 2,Action,Quentin Tarantino,2004,137,12,2027-04-11 16:00,6.50
628,Seppuku,Action,Masaki Kobayashi,1962,133,12,2027-04-11 13:00,7.50
629,La battaglia di Algeri,Drama,Gillo Pontecorvo,1966,121,12,2027-04-11 10:00,8.50
630,Persepolis,Animation,Vincent Paronnaud,2007,96,12,2027-04-10 17:30,8.50
631,Star Wars,Action,George Lucas,1977,121,12,2027-04-10 14:30,8.00
632,Lagaan: Once Upon a Time in India,Adventure,Ashutosh Gowariker,2001,224,0,2027-04-10 10:00,8.50
633,No Country for Old Men,Crime,Ethan Coen,2007,122,16,2027-04-09 13:30,6.50
634,Escape from Alcatraz,Action,Don Siegel,1979,112,12,2027-04-09 10:30,8.50
635,The Lord of the Rings: The Fellowship of the Ring,Action,Peter Jackson,2001,178,0,2027-04-08 13:30,8.50
636,The Lord of the Rings: The Fellowship of the Ring,Action,Peter Jackson,2001,178,0,2027-04-08 10:00,8.50
637,Dark City,Mystery,Alex Proyas,1998,100,12,2027-04-07 13:00,7.00
638,The Man Who Shot Liberty Valance,Drama,John Ford,1962,123,12,2027-04-07 10:00,8.00
639,October Sky,Biography,Joe Johnston,1999,108,6,2027-04-06 10:00,6.50
640,October Sky,Biography,Joe Johnston,1999,108,6,2027-04-05 10:00,7.00
641,Escape from Alcatraz,Action,Don Siegel,1979,112,12,2027-04-04 19:00,10.00
642,The Great Dictator,Comedy,Charles Chaplin,1940,125,12,2027-04-04 16:00,8.50
643,Star Wars,Action,George Lucas,1977,121,12,2027-04-04 13:00,6.50
644,Kill Bill: Vol. 2,Action,Quentin Tarantino,2004,137,12,2027-04-04 10:00,7.50
645,The Man Who Shot Liberty Valance,Drama,John Ford,1962,123,12,2027-04-03 15:00,8.50
646,Persepolis,Animation,Vincent Paronnaud,2007,96,12,2027-04-03 12:30,8.00
647,October Sky,Biography,Joe Johnston,1999,108,6,2027-04-03 10:00,7.50
648,Lagaan: Once Upon a Time in India,Adventure,Ashutosh Gowariker,2001,224,0,2027-04-02 16:00,7.00
649,Star Wars,Action,George Lucas,1977,121,12,2027-04-02 13:00,7.50
650,Cowboy Bebop: Tengoku no tobira,Animation,Shin'ichirô Watanabe,2001,115,0,2027-04-02 10:30,7.50
651,Star Wars,Action,George Lucas,1977,121,12,2027-04-01 10:30,8.00
652,Kaze no tani no Naushika,Animation,Hayao Miyazaki,1984,117,0,2027-03-31 13:00,7.00
653,Close Encounters of the Third Kind,Drama,Steven Spielberg,1977,138,0,2027-03-31 10:00,6.50
654,Willy Wonka & the Chocolate Factory,Family,Mel Stuart,1971,100,0,2027-03-30 10:30,6.50
655,Million Dollar Baby,Drama,Clint Eastwood,2004,132,12,2027-03-29 16:30,6.50
656,October Sky,Biography,Joe Johnston,1999,108,6,2027-03-29 13:30,8.00
657,The Goonies,Adventure,Richard Donner,1985,114,0,2027-03-29 10:30,7.00
658,Persepolis,Animation,Vincent Paronnaud,2007,96,12,2027-03-28 16:30,7.50
659,The Red Shoes,Drama,Michael Powell,1948,135,12,2027-03-28 13:30,6.50
660,Close Encounters of the Third Kind,Drama,Steven Spielberg,1977,138,0,2027-03-28 10:00,8.50
661,My Cousin Vinny,Comedy,Jonathan Lynn,1992,120,12,2027-03-27 18:30,9.50
662,The Red Shoes,Drama,Michael Powell,1948,135,12,2027-03-27 15:30,6.50
663,Raging Bull,Biography,Martin Scorsese,1980,129,12,2027-03-27 12:30,6.50
664,Duck Soup,Comedy,Leo McCarey,1933,69,12,2027-03-27 10:30,7.50
665,La dolce vita,Comedy,Federico Fellini,1960,174,12,2027-03-26 13:00,8.50
666,The Great Dictator,Comedy,Charles Chaplin,1940,125,12,2027-03-26 10:00,8.00
667,Kaze no tani no Naushika,Animation,Hayao Miyazaki,1984,117,0,2027-03-25 12:30,7.50
668,The Goonies,Adventure,Richard Donner,1985,114,0,2027-03-25 10:00,8.50
669,All the President's Men,Biography,Alan J. Pakula,1976,138,0,2027-03-24 10:00,8.00
670,Duck Soup,Comedy,Leo McCarey,1933,69,12,2027-03-23 13:30,8.50
671,The Silence of the Lambs,Crime,Jonathan Demme,1991,118,12,2027-03-23 10:30,8.50
672,The Red Shoes,Drama,Michael Powell,1948,135,12,2027-03-22 18:00,9.00
673,Lagaan: Once Upon a Time in India,Adventure,Ashutosh Gowariker,2001,224,0,2027-03-22 13:30,7.00
674,The Silence of the Lambs,Crime,Jonathan Demme,1991,118,12,2027-03-22 10:30,8.50
675,Kill Bill: Vol. 2,Action,Quentin Tarantino,2004,137,12,2027-03-21 16:30,7.00
676,Citizen Kane,Drama,Orson Welles,1941,119,12,2027-03-21 13:30,6.50
677,Gegen die Wand,Drama,Fatih Akin,2004,121,16,2027-03-21 10:30,8.50
678,Raging Bull,Biography,Martin Scorsese,1980,129,12,2027-03-20 17:30,7.50
679,The Right Stuff,Adventure,Philip Kaufman,1983,193,6,2027-03-20 13:30,7.00
680,Stalag 17,Comedy,Billy Wilder,1953,120,12,2027-03-20 10:30,8.50
681,The Lord of the Rings: The Fellowship of the Ring,Action,Peter Jackson,2001,178,0,2027-03-19 16:00,8.00
682,Toki o kakeru shôjo,Animation,Mamoru Hosoda,2006,98,0,2027-03-19 13:30,7.50
683,Star Wars: Episode VI - Return of the Jedi,Action,Richard Marquand,1983,131,0,2027-03-19 10:30,6.50
684,All the President's Men,Biography,Alan J. Pakula,1976,138,0,2027-03-18 15:30,6.50
685,Kill Bill: Vol. 2,Action,Quentin Tarantino,2004,137,12,2027-03-18 12:30,7.00
686,Duck Soup,Comedy,Leo McCarey,1933,69,12,2027-03-18 10:30,7.00
687,The Lord of the Rings: The Fellowship of the Ring,Action,Peter Jackson,2001,178,0,2027-03-17 13:00,7.00
688,In the Heat of the Night,Crime,Norman Jewison,1967,110,0,2027-03-17 10:30,8.50
689,Duck Soup,Comedy,Leo McCarey,1933,69,12,2027-03-16 15:30,7.50
690,All the President's Men,Biography,Alan J. Pakula,1976,138,0,2027-03-16 12:30,8.00
691,Persepolis,Animation,Vincent Paronnaud,2007,96,12,2027-03-16 10:00,7.50
692,La planète sauvage,Animation,René Laloux,1973,72,0,2027-03-15 14:00,8.50
693,The Lord of the Rings: The Fellowship of the Ring,Action,Peter Jackson,2001,178,0,2027-03-15 10:30,8.50
694,All the President's Men,Biography,Alan J. Pakula,1976,138,0,2027-03-14 17:00,7.50
695,La dolce vita,Comedy,Federico Fellini,1960,174,12,2027-03-14 13:00,6.50
696,Close Encounters of the Third Kind,Drama,Steven Spielberg,1977,138,0,2027-03-14 10:00,8.00
697,All the President's Men,Biography,Alan J. Pakula,1976,138,0,2027-03-13 15:30,8.50
698,Stalag 17,Comedy,Billy Wilder,1953,120,12,2027-03-13 12:30,6.50
699,Le dîner de cons,Comedy,Francis Veber,1998,80,12,2027-03-13 10:30,8.00
700,Toki o kakeru shôjo,Animation,Mamoru Hosoda,2006,98,0,2027-03-12 10:30,8.50
701,Taegukgi hwinalrimyeo,Action,Je-kyu Kang,2004,140,16,2027-03-11 16:00,8.00
702,Toki o kakeru shôjo,Animation,Mamoru Hosoda,2006,98,0,2027-03-11 13:30,7.00
703,Taegukgi hwinalrimyeo,Action,Je-kyu Kang,2004,140,16,2027-03-11 10:00,6.50
704,The Muppet Christmas Carol,Comedy,Brian Henson,1992,85,0,2027-03-10 15:30,8.50
705,Dial M for Murder,Crime,Alfred Hitchcock,1954,105,12,2027-03-10 13:00,6.50
706,Willy Wonka & the Chocolate Factory,Family,Mel Stuart,1971,100,0,2027-03-10 10:30,7.00
707,Escape from Alcatraz,Action,Don Siegel,1979,112,12,2027-03-09 10:30,7.00
708,Kaze no tani no Naushika,Animation,Hayao Miyazaki,1984,117,0,2027-03-08 15:00,7.00
709,La planète sauvage,Animation,René Laloux,1973,72,0,2027-03-08 13:00,7.00
710,Willy Wonka & the Chocolate Factory,Family,Mel Stuart,1971,100,0,2027-03-08 10:30,8.50
711,Dial M for Murder,Crime,Alfred Hitchcock,1954,105,12,2027-03-07 19:00,8.50
712,Life of Brian,Comedy,Terry Jones,1979,94,16,2027-03-07 16:30,7.00
713,The Goonies,Adventure,Richard Donner,1985,114,0,2027-03-07 13:30,6.50
714,La battaglia di Algeri,Drama,Gillo Pontecorvo,1966,121,12,2027-03-07 10:30,7.00
715,Hedwig and the Angry Inch,Comedy,John Cameron Mitchell,2001,95,16,2027-03-06 15:30,7.50
716,La planète sauvage,Animation,René Laloux,1973,72,0,2027-03-06 13:30,7.50
717,Stalag 17,Comedy,Billy Wilder,1953,120,12,2027-03-06 10:30,8.50
718,Misery,Drama,Rob Reiner,1990,107,16,2027-03-05 10:00,8.50
719,After Hours,Comedy,Martin Scorsese,1985,97,12,2027-03-04 10:00,8.50
720,Kill Bill: Vol. 2,Action,Quentin Tarantino,2004,137,12,2027-03-03 15:00,8.00
721,The Muppet Christmas Carol,Comedy,Brian Henson,1992,85,0,2027-03-03 13:00,8.50
722,The Terminator,Action,James Cameron,1984,107,12,2027-03-03 10:00,7.50
723,Glory,Biography,Edward Zwick,1989,122,16,2027-03-02 15:00,7.50
724,The Goonies,Adventure,Richard Donner,1985,114,0,2027-03-02 12:30,7.00
725,Hedwig and the Angry Inch,Comedy,John Cameron Mitchell,2001,95,16,2027-03-02 10:00,6.50
726,Willy Wonka & the Chocolate Factory,Family,Mel Stuart,1971,100,0,2027-03-01 10:00,6.50
727,The Lion King,Animation,Roger Allers,1994,88,0,2027-02-28 19:00,10.00
728,Inside Man,Crime,Spike Lee,2006,129,16,2027-02-28 16:00,6.50
729,Gegen die Wand,Drama,Fatih Akin,2004,121,16,2027-02-28 13:00,7.50
730,The Notebook,Drama,Nick Cassavetes,2004,123,12,2027-02-28 10:00,8.00
731,The Right Stuff,Adventure,Philip Kaufman,1983,193,6,2027-02-27 15:30,7.00
732,Brazil,Drama,Terry Gilliam,1985,132,0,2027-02-27 12:30,8.00
733,Le dîner de cons,Comedy,Francis Veber,1998,80,12,2027-02-27 10:30,7.50
734,In the Heat of the Night,Crime,Norman Jewison,1967,110,0,2027-02-26 12:30,7.00
735,The Gold Rush,Adventure,Charles Chaplin,1925,95,12,2027-02-26 10:00,7.50
736,Stardust,Adventure,Matthew Vaughn,2007,127,0,2027-02-25 10:00,7.50
737,The Jungle Book,Animation,Wolfgang Reitherman,1967,78,0,2027-02-24 10:00,7.00
738,The Outlaw Josey Wales,Western,Clint Eastwood,1976,135,12,2027-02-23 16:00,8.00
739,The Notebook,Drama,Nick Cassavetes,2004,123,12,2027-02-23 13:00,6.50
740,Glory,Biography,Edward Zwick,1989,122,16,2027-02-23 10:00,7.00
741,The Terminator,Action,James Cameron,1984,107,12,2027-02-22 10:00,7.00
742,Le dîner de cons,Comedy,Francis Veber,1998,80,12,2027-02-21 18:30,10.00
743,Le dîner de cons,Comedy,Francis Veber,1998,80,12,2027-02-21 16:30,8.00
744,Inside Man,Crime,Spike Lee,2006,129,16,2027-02-21 13:30,7.50
745,Gegen die Wand,Drama,Fatih Akin,2004,121,16,2027-02-21 10:30,8.00
746,La planète sauvage,Animation,René Laloux,1973,72,0,2027-02-20 19:30,9.00
747,Au revoir les enfants,Drama,Louis Malle,1987,104,0,2027-02-20 17:00,8.00
748,The Right Stuff,Adventure,Philip Kaufman,1983,193,6,2027-02-20 13:00,6.50
749,The Terminator,Action,James Cameron,1984,107,12,2027-02-20 10:30,8.00
750,The Right Stuff,Adventure,Philip Kaufman,1983,193,6,2027-02-19 12:30,7.50
751,The Terminator,Action,James Cameron,1984,107,12,2027-02-19 10:00,8.00
752,The Terminator,Action,James Cameron,1984,107,12,2027-02-18 12:00,6.50
753,Le dîner de cons,Comedy,Francis Veber,1998,80,12,2027-02-18 10:00,8.50
754,Glory,Biography,Edward Zwick,1989,122,16,2027-02-17 15:30,6.50
755,In the Heat of the Night,Crime,Norman Jewison,1967,110,0,2027-02-17 13:00,8.00
756,Stardust,Adventure,Matthew Vaughn,2007,127,0,2027-02-17 10:00,6.50
757,The Notebook,Drama,Nick Cassavetes,2004,123,12,2027-02-16 15:30,6.50
758,The Lion King,Animation,Roger Allers,1994,88,0,2027-02-16 13:00,7.00
759,Brazil,Drama,Terry Gilliam,1985,132,0,2027-02-16 10:00,7.00
760,Taegukgi hwinalrimyeo,Action,Je-kyu Kang,2004,140,16,2027-02-15 15:30,7.00
761,The Outlaw Josey Wales,Western,Clint Eastwood,1976,135,12,2027-02-15 12:30,7.00
762,Le dîner de cons,Comedy,Francis Veber,1998,80,12,2027-02-15 10:00,8.00
763,The Lion King,Animation,Roger Allers,1994,88,0,2027-02-14 18:00,10.00
764,My Cousin Vinny,Comedy,Jonathan Lynn,1992,120,12,2027-02-14 15:00,8.00
765,The Muppet Christmas Carol,Comedy,Brian Henson,1992,85,0,2027-02-14 12:30,7.00
766,The Gold Rush,Adventure,Charles Chaplin,1925,95,12,2027-02-14 10:00,8.00
767,The Lion King,Animation,Roger Allers,1994,88,0,2027-02-13 17:30,8.00
768,Taegukgi hwinalrimyeo,Action,Je-kyu Kang,2004,140,16,2027-02-13 14:30,8.50
769,My Cousin Vinny,Comedy,Jonathan Lynn,1992,120,12,2027-02-13 12:00,6.50
770,Le dîner de cons,Comedy,Francis Veber,1998,80,12,2027-02-13 10:00,6.50
771,The Notebook,Drama,Nick Cassavetes,2004,123,12,2027-02-12 17:00,7.00
772,The Fifth Element,Action,Luc Besson,1997,126,12,2027-02-12 14:00,8.50
773,The Right Stuff,Adventure,Philip Kaufman,1983,193,6,2027-02-12 10:00,7.50
774,Brazil,Drama,Terry Gilliam,1985,132,0,2027-02-11 13:00,8.00
775,The Odd Couple,Comedy,Gene Saks,1968,105,0,2027-02-11 10:30,7.00
776,Lawrence of Arabia,Adventure,David Lean,1962,228,0,2027-02-10 12:30,6.50
777,Hedwig and the Angry Inch,Comedy,John Cameron Mitchell,2001,95,16,2027-02-10 10:00,8.50
778,Nueve reinas,Crime,Fabián Bielinsky,2000,114,16,2027-02-09 13:00,7.00
779,One Flew Over the Cuckoo's Nest,Drama,Milos Forman,1975,133,12,2027-02-09 10:00,8.00
780,In the Heat of the Night,Crime,Norman Jewison,1967,110,0,2027-02-08 14:00,6.50
781,The Right Stuff,Adventure,Philip Kaufman,1983,193,6,2027-02-08 10:00,7.00
782,Taegukgi hwinalrimyeo,Action,Je-kyu Kang,2004,140,16,2027-02-07 15:00,8.00
783,The Lion King,Animation,Roger Allers,1994,88,0,2027-02-07 12:30,8.50
784,A Hard Day's Night,Comedy,Richard Lester,1964,87,0,2027-02-07 10:30,6.50
785,Hedwig and the Angry Inch,Comedy,John Cameron Mitchell,2001,95,16,2027-02-06 18:00,8.50
786,Gegen die Wand,Drama,Fatih Akin,2004,121,16,2027-02-06 15:00,7.50
787,Lawrence of Arabia,Adventure,David Lean,1962,228,0,2027-02-06 10:30,7.00
788,The Gold Rush,Adventure,Charles Chaplin,1925,95,12,2027-02-05 10:30,7.50
789,Lawrence of Arabia,Adventure,David Lean,1962,228,0,2027-02-04 15:00,7.00
790,Eastern Promises,Action,David Cronenberg,2007,100,16,2027-02-04 12:30,7.50
791,Au revoir les enfants,Drama,Louis Malle,1987,104,0,2027-02-04 10:00,8.50
792,Le dîner de cons,Comedy,Francis Veber,1998,80,12,2027-02-03 14:30,8.00
793,Lawrence of Arabia,Adventure,David Lean,1962,228,0,2027-02-03 10:00,8.00
794,Pirates of the Caribbean: The Curse of the Black Pearl,Action,Gore Verbinski,2003,143,12,2027-02-02 13:30,7.00
795,The Outlaw Josey Wales,Western,Clint Eastwood,1976,135,12,2027-02-02 10:30,8.00
796,Le dîner de cons,Comedy,Francis Veber,1998,80,12,2027-02-01 10:00,8.00
797,The Jungle Book,Animation,Wolfgang Reitherman,1967,78,0,2027-01-31 21:00,8.50
798,Ba wang bie ji,Drama,Kaige Chen,1993,171,16,2027-01-31 17:30,8.00
799,Lawrence of Arabia,Adventure,David Lean,1962,228,0,2027-01-31 13:00,8.50
800,Inside Man,Crime,Spike Lee,2006,129,16,2027-01-31 10:00,8.00
801,Chinatown,Drama,Roman Polanski,1974,130,12,2027-01-30 16:00,8.00
802,Chinatown,Drama,Roman Polanski,1974,130,12,2027-01-30 13:00,8.50
803,Gegen die Wand,Drama,Fatih Akin,2004,121,16,2027-01-30 10:00,8.00
804,Persona,Drama,Ingmar Bergman,1966,85,12,2027-01-29 12:30,7.00
805,Dial M for Murder,Crime,Alfred Hitchcock,1954,105,12,2027-01-29 10:00,8.50
806,Dial M for Murder,Crime,Alfred Hitchcock,1954,105,12,2027-01-28 15:00,7.50
807,The Gold Rush,Adventure,Charles Chaplin,1925,95,12,2027-01-28 12:30,6.50
808,Le dîner de cons,Comedy,Francis Veber,1998,80,12,2027-01-28 10:00,8.00
809,Stalker,Drama,Andrei Tarkovsky,1979,162,0,2027-01-27 10:00,7.50
810,Walk the Line,Biography,James Mangold,2005,136,12,2027-01-26 12:00,8.00
811,Toy Story,Animation,John Lasseter,1995,81,0,2027-01-26 10:00,6.50
812,The Notebook,Drama,Nick Cassavetes,2004,123,12,2027-01-25 10:00,6.50
813,The Notebook,Drama,Nick Cassavetes,2004,123,12,2027-01-24 18:30,10.00
814,The Fifth Element,Action,Luc Besson,1997,126,12,2027-01-24 15:30,6.50
815,Inside Man,Crime,Spike Lee,2006,129,16,2027-01-24 12:30,6.50
816,Toy Story,Animation,John Lasseter,1995,81,0,2027-01-24 10:00,8.00
817,Hera Pheri,Action,Priyadarshan,2000,156,0,2027-01-23 16:30,8.50
818,The Right Stuff,Adventure,Philip Kaufman,1983,193,6,2027-01-23 12:30,7.50
819,The Jungle Book,Animation,Wolfgang Reitherman,1967,78,0,2027-01-23 10:30,6.50
820,Kung fu,Action,Stephen Chow,2004,99,12,2027-01-22 12:30,8.00
821,The Gold Rush,Adventure,Charles Chaplin,1925,95,12,2027-01-22 10:00,6.50
822,Night of the Living Dead,Horror,George A. Romero,1968,96,12,2027-01-21 10:00,6.50
823,Hamlet,Drama,Kenneth Branagh,1996,242,12,2027-01-20 13:00,6.50
824,Sunrise: A Song of Two Humans,Drama,F.W. Murnau,1927,94,12,2027-01-20 10:30,6.50
825,The Notebook,Drama,Nick Cassavetes,2004,123,12,2027-01-19 15:30,7.50
826,Au revoir les enfants,Drama,Louis Malle,1987,104,0,2027-01-19 13:00,7.50
827,The Notebook,Drama,Nick Cassavetes,2004,123,12,2027-01-19 10:00,7.00
828,The Gold Rush,Adventure,Charles Chaplin,1925,95,12,2027-01-18 16:30,6.50
829,The Notebook,Drama,Nick Cassavetes,2004,123,12,2027-01-18 13:30,7.00
830,The Fifth Element,Action,Luc Besson,1997,126,12,2027-01-18 10:30,8.00
831,Kung fu,Action,Stephen Chow,2004,99,12,2027-01-17 16:00,8.00
832,Hera Pheri,Action,Priyadarshan,2000,156,0,2027-01-17 12:30,8.50
833,Donnie Darko,Drama,Richard Kelly,2001,113,16,2027-01-17 10:00,6.50
834,Night of the Living Dead,Horror,George A. Romero,1968,96,12,2027-01-16 18:00,10.00
835,Dark City,Mystery,Alex Proyas,1998,100,12,2027-01-16 15:30,7.50
836,The Notebook,Drama,Nick Cassavetes,2004,123,12,2027-01-16 12:30,8.50
837,After Hours,Comedy,Martin Scorsese,1985,97,12,2027-01-16 10:00,7.00
838,One Flew Over the Cuckoo's Nest,Drama,Milos Forman,1975,133,12,2027-01-15 10:00,7.00
839,Hamlet,Drama,Kenneth Branagh,1996,242,12,2027-01-14 13:30,8.50
840,The Notebook,Drama,Nick Cassavetes,2004,123,12,2027-01-14 10:30,6.50
841,His Girl Friday,Comedy,Howard Hawks,1940,92,12,2027-01-13 13:00,7.50
842,Pirates of the Caribbean: The Curse of the Black Pearl,Action,Gore Verbinski,2003,143,12,2027-01-13 10:00,6.50
843,A Hard Day's Night,Comedy,Richard Lester,1964,87,0,2027-01-12 10:30,8.50
844,Pirates of the Caribbean: The Curse of the Black Pearl,Action,Gore Verbinski,2003,143,12,2027-01-11 15:30,8.00
845,The Fifth Element,Action,Luc Besson,1997,126,12,2027-01-11 12:30,8.50
846,Donnie Darko,Drama,Richard Kelly,2001,113,16,2027-01-11 10:00,8.50
847,The Big Lebowski,Comedy,Joel Coen,1998,117,16,2027-01-10 18:00,9.00
848,Sunrise: A Song of Two Humans,Drama,F.W. Murnau,1927,94,12,2027-01-10 15:30,8.00
849,Donnie Darko,Drama,Richard Kelly,2001,113,16,2027-01-10 13:00,8.00
850,Dark City,Mystery,Alex Proyas,1998,100,12,2027-01-10 10:30,7.00
851,Hamlet,Drama,Kenneth Branagh,1996,242,12,2027-01-09 16:00,7.00
852,Fantasia,Animation,James Algar,1940,125,0,2027-01-09 13:00,7.00
853,Dark City,Mystery,Alex Proyas,1998,100,12,2027-01-09 10:30,8.00
854,Nueve reinas,Crime,Fabián Bielinsky,2000,114,16,2027-01-08 10:00,7.00
855,The 39 Steps,Crime,Alfred Hitchcock,1935,86,12,2027-01-07 15:30,7.00
856,Nueve reinas,Crime,Fabián Bielinsky,2000,114,16,2027-01-07 13:00,8.50
857,"Aguirre, der Zorn Gottes",Action,Werner Herzog,1972,95,12,2027-01-07 10:30,8.00
858,Det sjunde inseglet,Drama,Ingmar Bergman,1957,96,12,2027-01-06 10:30,7.50
859,Fantasia,Animation,James Algar,1940,125,0,2027-01-05 10:30,6.50
860,Pirates of the Caribbean: The Curse of the Black Pearl,Action,Gore Verbinski,2003,143,12,2027-01-04 10:30,8.00
861,Blow,Biography,Ted Demme,2001,124,16,2027-01-03 18:00,9.50
862,Nueve reinas,Crime,Fabián Bielinsky,2000,114,16,2027-01-03 15:00,7.50
863,High Noon,Drama,Fred Zinnemann,1952,85,6,2027-01-03 12:30,8.00
864,Adams æbler,Comedy,Anders Thomas Jensen,2005,94,16,2027-01-03 10:00,7.00
865,Tôkyô monogatari,Drama,Yasujirô Ozu,1953,136,0,2027-01-02 20:30,9.50
866,Eastern Promises,Action,David Cronenberg,2007,100,16,2027-01-02 18:00,8.50
867,Ba wang bie ji,Drama,Kaige Chen,1993,171,16,2027-01-02 14:00,7.00
868,Breaking the Waves,Drama,Lars von Trier,1996,159,16,2027-01-02 10:30,8.00
869,Adams æbler,Comedy,Anders Thomas Jensen,2005,94,16,2027-01-01 16:30,7.50
870,Nueve reinas,Crime,Fabián Bielinsky,2000,114,16,2027-01-01 14:00,8.00
871,Breaking the Waves,Drama,Lars von Trier,1996,159,16,2027-01-01 10:30,7.00
872,The Killing Fields,Biography,Roland Joffé,1984,141,12,2026-12-31 15:30,8.50
873,Pirates of the Caribbean: The Curse of the Black Pearl,Action,Gore Verbinski,2003,143,12,2026-12-31 12:30,8.00
874,"Aguirre, der Zorn Gottes",Action,Werner Herzog,1972,95,12,2026-12-31 10:00,7.00
875,Pulp Fiction,Crime,Quentin Tarantino,1994,154,12,2026-12-30 17:00,7.50
876,One Flew Over the Cuckoo's Nest,Drama,Milos Forman,1975,133,12,2026-12-30 14:00,8.50
877,Breaking the Waves,Drama,Lars von Trier,1996,159,16,2026-12-30 10:30,8.50
878,Stalker,Drama,Andrei Tarkovsky,1979,162,0,2026-12-29 13:00,8.00
879,Kung fu,Action,Stephen Chow,2004,99,12,2026-12-29 10:30,6.50
880,The Day of the Jackal,Crime,Fred Zinnemann,1973,143,12,2026-12-28 15:30,8.50
881,Pirates of the Caribbean: The Curse of the Black Pearl,Action,Gore Verbinski,2003,143,12,2026-12-28 12:30,7.00
882,Sanjuro,Action,Akira Kurosawa,1962,96,0,2026-12-28 10:00,6.50
883,Kung fu,Action,Stephen Chow,2004,99,12,2026-12-27 16:00,8.00
884,Pirates of the Caribbean: The Curse of the Black Pearl,Action,Gore Verbinski,2003,143,12,2026-12-27 13:00,7.00
885,His Girl Friday,Comedy,Howard Hawks,1940,92,12,2026-12-27 10:30,7.00
886,Bringing Up Baby,Comedy,Howard Hawks,1938,102,12,2026-12-26 16:00,8.50
887,Rear Window,Mystery,Alfred Hitchcock,1954,112,0,2026-12-26 13:00,8.50
888,Harold and Maude,Comedy,Hal Ashby,1971,91,6,2026-12-26 10:30,7.00
889,"Aguirre, der Zorn Gottes",Action,Werner Herzog,1972,95,12,2026-12-25 15:30,7.00
890,The Fifth Element,Action,Luc Besson,1997,126,12,2026-12-25 12:30,6.50
891,"Planes, Trains & Automobiles",Comedy,John Hughes,1987,93,0,2026-12-25 10:00,8.00
892,The Little Mermaid,Animation,Ron Clements,1989,83,0,2026-12-24 10:00,7.50
893,Toy Story,Animation,John Lasseter,1995,81,0,2026-12-23 10:30,7.50
894,The Princess Bride,Adventure,Rob Reiner,1987,98,0,2026-12-22 10:30,6.50
895,Brazil,Drama,Terry Gilliam,1985,132,0,2026-12-21 15:30,8.00
896,The Princess Bride,Adventure,Rob Reiner,1987,98,0,2026-12-21 13:00,7.50
897,The Untouchables,Crime,Brian De Palma,1987,119,12,2026-12-21 10:00,8.50
898,The Untouchables,Crime,Brian De Palma,1987,119,12,2026-12-20 16:30,7.00
899,Le charme discret de la bourgeoisie,Comedy,Luis Buñuel,1972,102,6,2026-12-20 14:00,8.50
900,Giant,Drama,George Stevens,1956,201,0,2026-12-20 10:00,6.50
901,Giant,Drama,George Stevens,1956,201,0,2026-12-19 17:30,6.50
902,The Little Mermaid,Animation,Ron Clements,1989,83,0,2026-12-19 15:00,7.00
903,Once Upon a Time in America,Crime,Sergio Leone,1984,229,12,2026-12-19 10:30,7.00
904,Toy Story,Animation,John Lasseter,1995,81,0,2026-12-18 16:30,6.50
905,Tôkyô monogatari,Drama,Yasujirô Ozu,1953,136,0,2026-12-18 13:30,7.00
906,The Day of the Jackal,Crime,Fred Zinnemann,1973,143,12,2026-12-18 10:00,8.50
907,This Is England,Crime,Shane Meadows,2006,101,12,2026-12-17 16:30,6.50
908,Rear Window,Mystery,Alfred Hitchcock,1954,112,0,2026-12-17 13:30,8.00
909,The Untouchables,Crime,Brian De Palma,1987,119,12,2026-12-17 10:30,8.00
910,Stand by Me,Adventure,Rob Reiner,1986,89,0,2026-12-16 12:30,7.50
911,Det sjunde inseglet,Drama,Ingmar Bergman,1957,96,12,2026-12-16 10:00,8.00
912,Toy Story,Animation,John Lasseter,1995,81,0,2026-12-15 10:00,8.50
913,Sanjuro,Action,Akira Kurosawa,1962,96,0,2026-12-14 14:00,8.00
914,The Lives of Others,Drama,Florian Henckel von Donnersmarck,2006,137,12,2026-12-14 10:30,6.50
915,This Is England,Crime,Shane Meadows,2006,101,12,2026-12-13 21:30,9.00
916,Pulp Fiction,Crime,Quentin Tarantino,1994,154,12,2026-12-13 18:00,10.00
917,The Killing Fields,Biography,Roland Joffé,1984,141,12,2026-12-13 15:00,8.00
918,Once Upon a Time in America,Crime,Sergio Leone,1984,229,12,2026-12-13 10:30,7.00
919,The Little Mermaid,Animation,Ron Clements,1989,83,0,2026-12-12 15:30,6.50
920,Donnie Darko,Drama,Richard Kelly,2001,113,16,2026-12-12 12:30,6.50
921,Psycho,Horror,Alfred Hitchcock,1960,109,12,2026-12-12 10:00,8.00
922,The Little Mermaid,Animation,Ron Clements,1989,83,0,2026-12-11 10:00,7.00
923,Blow,Biography,Ted Demme,2001,124,16,2026-12-10 16:30,8.50
924,Das Experiment,Drama,Oliver Hirschbiegel,2001,120,16,2026-12-10 13:30,8.50
925,Stalker,Drama,Andrei Tarkovsky,1979,162,0,2026-12-10 10:00,7.00
926,Harry Potter and the Sorcerer's Stone,Adventure,Chris Columbus,2001,152,0,2026-12-09 15:30,7.00
927,The Lost Weekend,Drama,Billy Wilder,1945,101,12,2026-12-09 13:00,7.00
928,Hannah and Her Sisters,Comedy,Woody Allen,1986,107,12,2026-12-09 10:30,7.50
929,Stalker,Drama,Andrei Tarkovsky,1979,162,0,2026-12-08 15:30,8.00
930,Das Experiment,Drama,Oliver Hirschbiegel,2001,120,16,2026-12-08 13:00,7.50
931,Psycho,Horror,Alfred Hitchcock,1960,109,12,2026-12-08 10:00,7.50
932,Bringing Up Baby,Comedy,Howard Hawks,1938,102,12,2026-12-07 12:30,8.00
933,Stand by Me,Adventure,Rob Reiner,1986,89,0,2026-12-07 10:00,8.50
934,Once Upon a Time in America,Crime,Sergio Leone,1984,229,12,2026-12-06 16:30,7.00
935,The Day of the Jackal,Crime,Fred Zinnemann,1973,143,12,2026-12-06 13:00,6.50
936,Salinui chueok,Crime,Bong Joon Ho,2003,131,12,2026-12-06 10:00,8.00
937,Donnie Darko,Drama,Richard Kelly,2001,113,16,2026-12-05 17:00,6.50
938,Le charme discret de la bourgeoisie,Comedy,Luis Buñuel,1972,102,6,2026-12-05 14:30,7.00
939,Once Upon a Time in America,Crime,Sergio Leone,1984,229,12,2026-12-05 10:00,6.50
940,Breaking the Waves,Drama,Lars von Trier,1996,159,16,2026-12-04 10:00,8.00
941,Smultronstället,Drama,Ingmar Bergman,1957,91,0,2026-12-03 10:00,7.00
942,Notorious,Drama,Alfred Hitchcock,1946,102,0,2026-12-02 15:30,8.00
943,The Exorcist,Horror,William Friedkin,1973,122,12,2026-12-02 12:30,6.50
944,"Aguirre, der Zorn Gottes",Action,Werner Herzog,1972,95,12,2026-12-02 10:00,7.50
945,Stand by Me,Adventure,Rob Reiner,1986,89,0,2026-12-01 12:30,6.50
946,Psycho,Horror,Alfred Hitchcock,1960,109,12,2026-12-01 10:00,6.50
947,Dawn of the Dead,Action,George A. Romero,1978,127,12,2026-11-30 12:30,8.00
948,"Planes, Trains & Automobiles",Comedy,John Hughes,1987,93,0,2026-11-30 10:00,7.00
949,The Lost Weekend,Drama,Billy Wilder,1945,101,12,2026-11-29 15:30,6.50
950,Le charme discret de la bourgeoisie,Comedy,Luis Buñuel,1972,102,6,2026-11-29 13:00,7.50
951,Office Space,Comedy,Mike Judge,1999,89,16,2026-11-29 10:30,6.50
952,The Exorcist,Horror,William Friedkin,1973,122,12,2026-11-28 19:00,8.50
953,Shrek,Animation,Andrew Adamson,2001,90,0,2026-11-28 16:30,7.00
954,Shrek,Animation,Andrew Adamson,2001,90,0,2026-11-28 14:00,8.50
955,Breaking the Waves,Drama,Lars von Trier,1996,159,16,2026-11-28 10:30,8.50
956,Le charme discret de la bourgeoisie,Comedy,Luis Buñuel,1972,102,6,2026-11-27 10:00,7.00
957,Dogville,Crime,Lars von Trier,2003,178,16,2026-11-26 10:30,7.50
958,The Little Mermaid,Animation,Ron Clements,1989,83,0,2026-11-25 12:30,8.50
959,Sanjuro,Action,Akira Kurosawa,1962,96,0,2026-11-25 10:00,7.00
960,The Day of the Jackal,Crime,Fred Zinnemann,1973,143,12,2026-11-24 10:00,6.50
961,The Kid,Comedy,Charles Chaplin,1921,68,12,2026-11-23 10:30,7.00
962,Salinui chueok,Crime,Bong Joon Ho,2003,131,12,2026-11-22 16:30,8.50
963,The Killing Fields,Biography,Roland Joffé,1984,141,12,2026-11-22 13:30,8.00
964,Harry Potter and the Sorcerer's Stone,Adventure,Chris Columbus,2001,152,0,2026-11-22 10:00,8.50
965,Rang De Basanti,Comedy,Rakeysh Omprakash Mehra,2006,167,12,2026-11-21 16:30,7.00
966,L.A. Confidential,Crime,Curtis Hanson,1997,138,12,2026-11-21 13:30,8.00
967,Dead Man,Adventure,Jim Jarmusch,1995,121,16,2026-11-21 10:30,7.00
968,Once Upon a Time in America,Crime,Sergio Leone,1984,229,12,2026-11-20 15:30,8.00
969,Hana-bi,Crime,Takeshi Kitano,1997,103,12,2026-11-20 13:00,7.00
970,Sanjuro,Action,Akira Kurosawa,1962,96,0,2026-11-20 10:30,6.50
971,Gilda,Drama,Charles Vidor,1946,110,12,2026-11-19 10:00,7.50
972,The 39 Steps,Crime,Alfred Hitchcock,1935,86,12,2026-11-18 12:30,7.50
973,Double Indemnity,Crime,Billy Wilder,1944,107,12,2026-11-18 10:00,8.50
974,L.A. Confidential,Crime,Curtis Hanson,1997,138,12,2026-11-17 16:00,7.50
975,Trois couleurs: Bleu,Drama,Krzysztof Kieslowski,1993,94,0,2026-11-17 13:30,8.50
976,Dancer in the Dark,Crime,Lars von Trier,2000,140,0,2026-11-17 10:30,8.00
977,Shrek,Animation,Andrew Adamson,2001,90,0,2026-11-16 16:00,8.50
978,Giù la testa,Drama,Sergio Leone,1971,157,6,2026-11-16 12:30,8.00
979,Stand by Me,Adventure,Rob Reiner,1986,89,0,2026-11-16 10:30,7.50
980,Hana-bi,Crime,Takeshi Kitano,1997,103,12,2026-11-15 15:30,7.00
981,Shrek,Animation,Andrew Adamson,2001,90,0,2026-11-15 13:00,8.00
982,Goodfellas,Biography,Martin Scorsese,1990,146,12,2026-11-15 10:00,6.50
983,Goodfellas,Biography,Martin Scorsese,1990,146,12,2026-11-14 17:00,8.50
984,Dogville,Crime,Lars von Trier,2003,178,16,2026-11-14 13:00,7.50
985,Majo no takkyûbin,Animation,Hayao Miyazaki,1989,103,0,2026-11-14 10:30,6.50
986,Majo no takkyûbin,Animation,Hayao Miyazaki,1989,103,0,2026-11-13 12:30,7.00
987,Smultronstället,Drama,Ingmar Bergman,1957,91,0,2026-11-13 10:00,6.50
988,Dà hóng denglong gaogao guà,Drama,Yimou Zhang,1991,125,6,2026-11-12 10:00,7.50
989,Toy Story 2,Animation,John Lasseter,1999,92,0,2026-11-11 10:30,7.00
990,Dà hóng denglong gaogao guà,Drama,Yimou Zhang,1991,125,6,2026-11-10 12:30,7.50
991,The Station Agent,Comedy,Tom McCarthy,2003,89,16,2026-11-10 10:00,6.50
992,Gilda,Drama,Charles Vidor,1946,110,12,2026-11-09 10:30,8.50
993,Per un pugno di dollari,Action,Sergio Leone,1964,99,12,2026-11-08 18:00,9.50
994,Giù la testa,Drama,Sergio Leone,1971,157,6,2026-11-08 14:30,6.50
995,The 39 Steps,Crime,Alfred Hitchcock,1935,86,12,2026-11-08 12:30,8.50
996,The 39 Steps,Crime,Alfred Hitchcock,1935,86,12,2026-11-08 10:00,8.00
997,The King of Comedy,Comedy,Martin Scorsese,1982,109,0,2026-11-07 19:00,9.50
998,V for Vendetta,Action,James McTeigue,2005,132,12,2026-11-07 16:00,7.50
999,Brazil,Drama,Terry Gilliam,1985,132,0,2026-11-07 13:00,7.50
1000,Dà hóng denglong gaogao guà,Drama,Yimou Zhang,1991,125,6,2026-11-07 10:00,7.50
1001,Dancer in the Dark,Crime,Lars von Trier,2000,140,0,2026-11-06 15:00,8.00
1002,The 39 Steps,Crime,Alfred Hitchcock,1935,86,12,2026-11-06 12:30,8.00
1003,The Kid,Comedy,Charles Chaplin,1921,68,12,2026-11-06 10:30,7.00
1004,Annie Hall,Comedy,Woody Allen,1977,93,12,2026-11-05 10:00,8.50
1005,Dead Man,Adventure,Jim Jarmusch,1995,121,16,2026-11-04 10:00,8.50
1006,Laura,Drama,Otto Preminger,1944,88,12,2026-11-03 10:00,7.00
1007,Notorious,Drama,Alfred Hitchcock,1946,102,0,2026-11-02 13:00,6.50
1008,Shrek,Animation,Andrew Adamson,2001,90,0,2026-11-02 10:30,8.50
1009,Brazil,Drama,Terry Gilliam,1985,132,0,2026-11-01 18:30,9.00
1010,Majo no takkyûbin,Animation,Hayao Miyazaki,1989,103,0,2026-11-01 16:00,8.00
1011,Dead Man,Adventure,Jim Jarmusch,1995,121,16,2026-11-01 13:00,8.50
1012,Shrek,Animation,Andrew Adamson,2001,90,0,2026-11-01 10:30,8.00
1013,All About Eve,Drama,Joseph L. Mankiewicz,1950,138,12,2026-10-31 18:00,9.00
1014,Toy Story 2,Animation,John Lasseter,1999,92,0,2026-10-31 15:30,8.50
1015,Hana-bi,Crime,Takeshi Kitano,1997,103,12,2026-10-31 13:00,6.50
1016,The Day the Earth Stood Still,Drama,Robert Wise,1951,92,0,2026-10-31 10:30,8.50
1017,V for Vendetta,Action,James McTeigue,2005,132,12,2026-10-30 10:30,7.00
1018,The Station Agent,Comedy,Tom McCarthy,2003,89,16,2026-10-29 10:30,7.50
1019,Gilda,Drama,Charles Vidor,1946,110,12,2026-10-28 10:30,8.50
1020,Dancer in the Dark,Crime,Lars von Trier,2000,140,0,2026-10-27 16:00,7.50
1021,Toy Story 2,Animation,John Lasseter,1999,92,0,2026-10-27 13:30,8.50
1022,Dip huet seung hung,Action,John Woo,1989,111,16,2026-10-27 10:30,8.50
1023,Giù la testa,Drama,Sergio Leone,1971,157,6,2026-10-26 16:30,8.00
1024,Blow,Biography,Ted Demme,2001,124,16,2026-10-26 13:30,8.00
1025,Brazil,Drama,Terry Gilliam,1985,132,0,2026-10-26 10:30,8.50
1026,Dancer in the Dark,Crime,Lars von Trier,2000,140,0,2026-10-25 15:00,7.50
1027,Per un pugno di dollari,Action,Sergio Leone,1964,99,12,2026-10-25 12:30,6.50
1028,Bacheha-Ye aseman,Drama,Majid Majidi,1997,89,6,2026-10-25 10:00,8.00
1029,Notorious,Drama,Alfred Hitchcock,1946,102,0,2026-10-24 18:00,9.00
1030,Star Trek II: The Wrath of Khan,Action,Nicholas Meyer,1982,113,0,2026-10-24 15:00,8.00
1031,Notorious,Drama,Alfred Hitchcock,1946,102,0,2026-10-24 12:30,7.50
1032,Majo no takkyûbin,Animation,Hayao Miyazaki,1989,103,0,2026-10-24 10:00,8.50
1033,La leggenda del pianista sull'oceano,Drama,Giuseppe Tornatore,1998,169,0,2026-10-23 10:00,7.50
1034,The King of Comedy,Comedy,Martin Scorsese,1982,109,0,2026-10-22 13:00,7.50
1035,To Be or Not to Be,Comedy,Ernst Lubitsch,1942,99,12,2026-10-22 10:30,8.00
1036,The Day the Earth Stood Still,Drama,Robert Wise,1951,92,0,2026-10-21 10:00,8.50
1037,The Station Agent,Comedy,Tom McCarthy,2003,89,16,2026-10-20 10:00,8.00
1038,8½,Drama,Federico Fellini,1963,138,12,2026-10-19 10:00,8.00
1039,Bacheha-Ye aseman,Drama,Majid Majidi,1997,89,6,2026-10-18 15:00,8.50
1040,L.A. Confidential,Crime,Curtis Hanson,1997,138,12,2026-10-18 12:00,8.00
1041,Lola rennt,Crime,Tom Tykwer,1998,81,12,2026-10-18 10:00,7.50
1042,Brazil,Drama,Terry Gilliam,1985,132,0,2026-10-17 19:00,8.50
1043,Dancer in the Dark,Crime,Lars von Trier,2000,140,0,2026-10-17 16:00,7.50
1044,8½,Drama,Federico Fellini,1963,138,12,2026-10-17 13:00,7.50
1045,The Sting,Comedy,George Roy Hill,1973,129,0,2026-10-17 10:00,8.50
1046,Donnie Darko,Drama,Richard Kelly,2001,113,16,2026-10-16 12:30,6.50
1047,Majo no takkyûbin,Animation,Hayao Miyazaki,1989,103,0,2026-10-16 10:00,8.50
1048,Bacheha-Ye aseman,Drama,Majid Majidi,1997,89,6,2026-10-15 10:00,7.50
1049,Secrets & Lies,Comedy,Mike Leigh,1996,136,0,2026-10-14 15:30,7.50
1050,Hana-bi,Crime,Takeshi Kitano,1997,103,12,2026-10-14 13:00,7.00
1051,Efter brylluppet,Drama,Susanne Bier,2006,120,16,2026-10-14 10:00,8.00
1052,Before Sunrise,Drama,Richard Linklater,1995,101,16,2026-10-13 13:00,7.00
1053,All About Eve,Drama,Joseph L. Mankiewicz,1950,138,12,2026-10-13 10:00,7.50
1054,What's Eating Gilbert Grape,Drama,Lasse Hallström,1993,118,0,2026-10-12 16:00,7.50
1055,Dancer in the Dark,Crime,Lars von Trier,2000,140,0,2026-10-12 13:00,6.50
1056,"Aguirre, der Zorn Gottes",Action,Werner Herzog,1972,95,12,2026-10-12 10:30,8.00
1057,Efter brylluppet,Drama,Susanne Bier,2006,120,16,2026-10-11 18:30,8.50
1058,The Shop Around the Corner,Comedy,Ernst Lubitsch,1940,99,12,2026-10-11 16:00,8.00
1059,To Be or Not to Be,Comedy,Ernst Lubitsch,1942,99,12,2026-10-11 13:30,8.00
1060,Goodfellas,Biography,Martin Scorsese,1990,146,12,2026-10-11 10:00,8.50
1061,The Station Agent,Comedy,Tom McCarthy,2003,89,16,2026-10-10 18:00,9.00
1062,Goodfellas,Biography,Martin Scorsese,1990,146,12,2026-10-10 15:00,8.00
1063,Bacheha-Ye aseman,Drama,Majid Majidi,1997,89,6,2026-10-10 12:30,6.50
1064,Annie Hall,Comedy,Woody Allen,1977,93,12,2026-10-10 10:00,8.50
1065,Brokeback Mountain,Drama,Ang Lee,2005,134,12,2026-10-09 10:00,7.50
1066,The Sting,Comedy,George Roy Hill,1973,129,0,2026-10-08 12:30,8.00
1067,"Aguirre, der Zorn Gottes",Action,Werner Herzog,1972,95,12,2026-10-08 10:00,8.00
1068,Secrets & Lies,Comedy,Mike Leigh,1996,136,0,2026-10-07 15:30,8.50
1069,"Aguirre, der Zorn Gottes",Action,Werner Herzog,1972,95,12,2026-10-07 13:00,8.50
1070,Secrets & Lies,Comedy,Mike Leigh,1996,136,0,2026-10-07 10:00,6.50
1071,Efter brylluppet,Drama,Susanne Bier,2006,120,16,2026-10-06 14:30,7.00
1072,Lola rennt,Crime,Tom Tykwer,1998,81,12,2026-10-06 12:30,7.00
1073,Kung fu,Action,Stephen Chow,2004,99,12,2026-10-06 10:00,7.50
1074,Funny Games,Crime,Michael Haneke,1997,108,12,2026-10-05 10:30,8.00
1075,Awakenings,Biography,Penny Marshall,1990,121,0,2026-10-04 16:00,7.50
1076,Die Hard,Action,John McTiernan,1988,132,12,2026-10-04 13:00,8.50
1077,To Be or Not to Be,Comedy,Ernst Lubitsch,1942,99,12,2026-10-04 10:30,6.50
1078,The Sting,Comedy,George Roy Hill,1973,129,0,2026-10-03 18:00,9.00
1079,Ed Wood,Biography,Tim Burton,1994,127,0,2026-10-03 15:00,8.50
1080,"O Brother, Where Art Thou?",Adventure,Joel Coen,2000,107,0,2026-10-03 12:30,8.50
1081,Kung fu,Action,Stephen Chow,2004,99,12,2026-10-03 10:00,7.00
1082,Brokeback Mountain,Drama,Ang Lee,2005,134,12,2026-10-02 12:30,7.50
1083,The Night of the Hunter,Crime,Charles Laughton,1955,92,12,2026-10-02 10:00,8.50
1084,Die Hard: With a Vengeance,Action,John McTiernan,1995,128,12,2026-10-01 14:00,7.50
1085,La leggenda del pianista sull'oceano,Drama,Giuseppe Tornatore,1998,169,0,2026-10-01 10:00,8.00
1086,Annie Hall,Comedy,Woody Allen,1977,93,12,2026-09-30 10:00,6.50
1087,Die Hard,Action,John McTiernan,1988,132,12,2026-09-29 15:30,8.00
1088,"Aguirre, der Zorn Gottes",Action,Werner Herzog,1972,95,12,2026-09-29 13:00,8.00
1089,Guess Who's Coming to Dinner,Comedy,Stanley Kramer,1967,108,12,2026-09-29 10:00,7.00
1090,"O Brother, Where Art Thou?",Adventure,Joel Coen,2000,107,0,2026-09-28 13:00,6.50
1091,"O Brother, Where Art Thou?",Adventure,Joel Coen,2000,107,0,2026-09-28 10:30,8.50
1092,Once Were Warriors,Crime,Lee Tamahori,1994,102,12,2026-09-27 17:00,8.00
1093,Laura,Drama,Otto Preminger,1944,88,12,2026-09-27 14:30,7.00
1094,Lola rennt,Crime,Tom Tykwer,1998,81,12,2026-09-27 12:30,8.00
1095,Brief Encounter,Drama,David Lean,1945,86,0,2026-09-27 10:00,8.00
1096,Dead Man,Adventure,Jim Jarmusch,1995,121,16,2026-09-26 18:00,10.00
1097,Witness for the Prosecution,Crime,Billy Wilder,1957,116,0,2026-09-26 15:00,7.00
1098,To Be or Not to Be,Comedy,Ernst Lubitsch,1942,99,12,2026-09-26 12:30,7.00
1099,The Night of the Hunter,Crime,Charles Laughton,1955,92,12,2026-09-26 10:00,7.00
1100,Central do Brasil,Drama,Walter Salles,1998,110,16,2026-09-25 15:30,8.00
1101,Brief Encounter,Drama,David Lean,1945,86,0,2026-09-25 13:00,7.00
1102,Donnie Darko,Drama,Richard Kelly,2001,113,16,2026-09-25 10:30,7.50
1103,Star Trek II: The Wrath of Khan,Action,Nicholas Meyer,1982,113,0,2026-09-24 13:00,8.00
1104,Strangers on a Train,Crime,Alfred Hitchcock,1951,101,12,2026-09-24 10:30,8.50
1105,Laura,Drama,Otto Preminger,1944,88,12,2026-09-23 13:00,6.50
1106,V for Vendetta,Action,James McTeigue,2005,132,12,2026-09-23 10:00,6.50
1107,Sholay,Action,Ramesh Sippy,1975,204,0,2026-09-22 10:30,8.50
1108,Wo hu cang long,Action,Ang Lee,2000,120,12,2026-09-21 12:30,7.00
1109,A Christmas Story,Comedy,Bob Clark,1983,93,0,2026-09-21 10:00,7.50
1110,Funny Games,Crime,Michael Haneke,1997,108,12,2026-09-20 19:30,10.00
1111,The Night of the Hunter,Crime,Charles Laughton,1955,92,12,2026-09-20 17:00,8.50
1112,"Paris, Texas",Drama,Wim Wenders,1984,145,0,2026-09-20 13:30,8.50
1113,Efter brylluppet,Drama,Susanne Bier,2006,120,16,2026-09-20 10:30,7.00
1114,Ed Wood,Biography,Tim Burton,1994,127,0,2026-09-19 20:00,8.50
1115,Anand,Drama,Hrishikesh Mukherjee,1971,122,0,2026-09-19 17:00,7.50
1116,Wo hu cang long,Action,Ang Lee,2000,120,12,2026-09-19 14:00,7.00
1117,Stalker,Drama,Andrei Tarkovsky,1979,162,0,2026-09-19 10:30,6.50
1118,A Christmas Story,Comedy,Bob Clark,1983,93,0,2026-09-18 10:00,6.50
1119,Mad Max 2,Action,George Miller,1981,96,12,2026-09-17 13:00,7.00
1120,No Man's Land,Comedy,Danis Tanovic,2001,98,16,2026-09-17 10:30,6.50
1121,Ed Wood,Biography,Tim Burton,1994,127,0,2026-09-16 16:00,8.00
1122,Once Upon a Time in the West,Western,Sergio Leone,1968,165,0,2026-09-16 12:30,7.50
1123,Mad Max 2,Action,George Miller,1981,96,12,2026-09-16 10:00,7.50
1124,Yeopgijeogin geunyeo,Comedy,Jae-young Kwak,2001,137,12,2026-09-15 16:30,7.50
1125,Kumonosu-jô,Drama,Akira Kurosawa,1957,110,12,2026-09-15 13:30,8.00
1126,Witness for the Prosecution,Crime,Billy Wilder,1957,116,0,2026-09-15 10:30,8.50
1127,Star Wars,Action,George Lucas,1977,121,12,2026-09-14 16:00,7.50
1128,Roman Holiday,Comedy,William Wyler,1953,118,12,2026-09-14 13:30,7.00
1129,Efter brylluppet,Drama,Susanne Bier,2006,120,16,2026-09-14 10:30,7.00
1130,Star Trek II: The Wrath of Khan,Action,Nicholas Meyer,1982,113,0,2026-09-13 20:00,9.00
1131,Once Upon a Time in the West,Western,Sergio Leone,1968,165,0,2026-09-13 16:30,8.00
1132,Blood Diamond,Adventure,Edward Zwick,2006,143,12,2026-09-13 13:30,7.50
1133,Blood Diamond,Adventure,Edward Zwick,2006,143,12,2026-09-13 10:00,7.00
1134,Sleuth,Mystery,Joseph L. Mankiewicz,1972,138,6,2026-09-12 15:30,8.50
1135,The Station Agent,Comedy,Tom McCarthy,2003,89,16,2026-09-12 13:00,8.50
1136,Funny Games,Crime,Michael Haneke,1997,108,12,2026-09-12 10:30,7.00
1137,The Exorcist,Horror,William Friedkin,1973,122,12,2026-09-11 16:00,7.50
1138,"O Brother, Where Art Thou?",Adventure,Joel Coen,2000,107,0,2026-09-11 13:30,7.00
1139,Star Trek II: The Wrath of Khan,Action,Nicholas Meyer,1982,113,0,2026-09-11 10:30,8.50
1140,Once Upon a Time in the West,Western,Sergio Leone,1968,165,0,2026-09-10 10:00,8.50
1141,"O Brother, Where Art Thou?",Adventure,Joel Coen,2000,107,0,2026-09-09 13:00,7.00
1142,Lat sau san taam,Action,John Woo,1992,128,16,2026-09-09 10:00,7.50
1143,Stalag 17,Comedy,Billy Wilder,1953,120,12,2026-09-08 16:30,8.50
1144,Yeopgijeogin geunyeo,Comedy,Jae-young Kwak,2001,137,12,2026-09-08 13:00,6.50
1145,Guess Who's Coming to Dinner,Comedy,Stanley Kramer,1967,108,12,2026-09-08 10:30,6.50
1146,Funny Games,Crime,Michael Haneke,1997,108,12,2026-09-07 13:30,6.50
1147,Once Upon a Time in the West,Western,Sergio Leone,1968,165,0,2026-09-07 10:00,8.50
1148,Guess Who's Coming to Dinner,Comedy,Stanley Kramer,1967,108,12,2026-09-06 15:00,7.00
1149,The Night of the Hunter,Crime,Charles Laughton,1955,92,12,2026-09-06 12:30,6.50
1150,Rope,Crime,Alfred Hitchcock,1948,80,12,2026-09-06 10:00,8.00
1151,La Grande Illusion,Drama,Jean Renoir,1937,113,12,2026-09-05 17:00,8.50
1152,Once Upon a Time in the West,Western,Sergio Leone,1968,165,0,2026-09-05 13:30,7.00
1153,Once Upon a Time in the West,Western,Sergio Leone,1968,165,0,2026-09-05 10:00,7.50
1154,Efter brylluppet,Drama,Susanne Bier,2006,120,16,2026-09-04 12:30,8.00
1155,Once Were Warriors,Crime,Lee Tamahori,1994,102,12,2026-09-04 10:00,8.50
1156,What Ever Happened to Baby Jane?,Drama,Robert Aldrich,1962,134,12,2026-09-03 10:30,8.00
1157,Once Were Warriors,Crime,Lee Tamahori,1994,102,12,2026-09-02 10:00,6.50
1158,"Paris, Texas",Drama,Wim Wenders,1984,145,0,2026-09-01 10:00,8.50
1159,Stalker,Drama,Andrei Tarkovsky,1979,162,0,2026-08-31 12:00,7.50
1160,The Circus,Comedy,Charles Chaplin,1928,72,12,2026-08-31 10:00,7.50
1161,V for Vendetta,Action,James McTeigue,2005,132,12,2026-08-30 15:00,8.00
1162,The Truman Show,Comedy,Peter Weir,1998,103,0,2026-08-30 12:30,7.50
1163,Funny Games,Crime,Michael Haneke,1997,108,12,2026-08-30 10:00,6.50
1164,Kumonosu-jô,Drama,Akira Kurosawa,1957,110,12,2026-08-29 17:00,8.00
1165,The Bourne Identity,Action,Doug Liman,2002,119,12,2026-08-29 14:00,7.50
1166,The Right Stuff,Adventure,Philip Kaufman,1983,193,6,2026-08-29 10:00,7.00
1167,The Color Purple,Drama,Steven Spielberg,1985,154,0,2026-08-28 10:30,8.50
1168,Blood Diamond,Adventure,Edward Zwick,2006,143,12,2026-08-27 15:30,6.50
1169,The General,Action,Clyde Bruckman,1926,67,12,2026-08-27 13:30,6.50
1170,Lat sau san taam,Action,John Woo,1992,128,16,2026-08-27 10:30,8.00
1171,The Notebook,Drama,Nick Cassavetes,2004,123,12,2026-08-26 10:30,6.50
1172,Rope,Crime,Alfred Hitchcock,1948,80,12,2026-08-25 15:30,7.00
1173,Stalag 17,Comedy,Billy Wilder,1953,120,12,2026-08-25 12:30,7.00
1174,Zelig,Comedy,Woody Allen,1983,79,6,2026-08-25 10:30,8.50
1175,Rope,Crime,Alfred Hitchcock,1948,80,12,2026-08-24 10:00,8.50
1176,La Grande Illusion,Drama,Jean Renoir,1937,113,12,2026-08-23 17:30,7.00
1177,The Station Agent,Comedy,Tom McCarthy,2003,89,16,2026-08-23 15:00,6.50
1178,Central do Brasil,Drama,Walter Salles,1998,110,16,2026-08-23 12:30,6.50
1179,The General,Action,Clyde Bruckman,1926,67,12,2026-08-23 10:30,8.00
1180,Pride & Prejudice,Drama,Joe Wright,2005,129,6,2026-08-22 19:00,9.00
1181,On the Waterfront,Crime,Elia Kazan,1954,108,12,2026-08-22 16:30,7.50
1182,The Truman Show,Comedy,Peter Weir,1998,103,0,2026-08-22 14:00,8.00
1183,The Color Purple,Drama,Steven Spielberg,1985,154,0,2026-08-22 10:30,8.50
1184,Stalag 17,Comedy,Billy Wilder,1953,120,12,2026-08-21 17:00,7.00
1185,Glengarry Glen Ross,Crime,James Foley,1992,100,16,2026-08-21 14:30,7.00
1186,Judgment at Nuremberg,Drama,Stanley Kramer,1961,179,12,2026-08-21 10:30,7.50
1187,The Color Purple,Drama,Steven Spielberg,1985,154,0,2026-08-20 10:00,7.50
1188,Spoorloos,Mystery,George Sluizer,1988,107,12,2026-08-19 12:30,7.00
1189,Harold and Maude,Comedy,Hal Ashby,1971,91,6,2026-08-19 10:00,8.00
1190,The Game,Action,David Fincher,1997,129,12,2026-08-18 13:30,6.50
1191,Sleuth,Mystery,Joseph L. Mankiewicz,1972,138,6,2026-08-18 10:30,7.00
1192,Sleuth,Mystery,Joseph L. Mankiewicz,1972,138,6,2026-08-17 15:00,6.50
1193,The Circus,Comedy,Charles Chaplin,1928,72,12,2026-08-17 13:00,8.00
1194,The World's Fastest Indian,Biography,Roger Donaldson,2005,127,0,2026-08-17 10:00,8.00
1195,The Game,Action,David Fincher,1997,129,12,2026-08-16 20:00,9.00
1196,Roman Holiday,Comedy,William Wyler,1953,118,12,2026-08-16 17:00,6.50
1197,Zwartboek,Drama,Paul Verhoeven,2006,145,16,2026-08-16 13:30,8.50
1198,Blood Diamond,Adventure,Edward Zwick,2006,143,12,2026-08-16 10:30,7.00
1199,Miracle on 34th Street,Comedy,George Seaton,1947,96,12,2026-08-15 15:30,6.50
1200,Mad Max 2,Action,George Miller,1981,96,12,2026-08-15 13:00,7.50
1201,Spoorloos,Mystery,George Sluizer,1988,107,12,2026-08-15 10:30,7.50
1202,Kumonosu-jô,Drama,Akira Kurosawa,1957,110,12,2026-08-14 13:30,8.00
1203,Awakenings,Biography,Penny Marshall,1990,121,0,2026-08-14 10:30,8.00
1204,The Game,Action,David Fincher,1997,129,12,2026-08-13 17:30,7.50
1205,Doctor Zhivago,Drama,David Lean,1965,197,12,2026-08-13 13:30,8.50
1206,La battaglia di Algeri,Drama,Gillo Pontecorvo,1966,121,12,2026-08-13 10:30,8.50
1207,Blood Diamond,Adventure,Edward Zwick,2006,143,12,2026-08-12 17:00,7.00
1208,Zwartboek,Drama,Paul Verhoeven,2006,145,16,2026-08-12 13:30,8.50
1209,Sleuth,Mystery,Joseph L. Mankiewicz,1972,138,6,2026-08-12 10:30,7.00
1210,Star Wars,Action,George Lucas,1977,121,12,2026-08-11 13:30,7.00
1211,The Wild Bunch,Action,Sam Peckinpah,1969,145,12,2026-08-11 10:00,6.50
1212,Shadow of a Doubt,Film-Noir,Alfred Hitchcock,1943,108,6,2026-08-10 10:30,7.50
1213,Being John Malkovich,Comedy,Spike Jonze,1999,113,16,2026-08-09 15:30,8.50
1214,Roman Holiday,Comedy,William Wyler,1953,118,12,2026-08-09 12:30,8.00
1215,Das Cabinet des Dr. Caligari,Fantasy,Robert Wiene,1920,76,12,2026-08-09 10:30,8.00
1216,Being John Malkovich,Comedy,Spike Jonze,1999,113,16,2026-08-08 18:00,8.50
1217,Being John Malkovich,Comedy,Spike Jonze,1999,113,16,2026-08-08 15:30,7.50
1218,Glengarry Glen Ross,Crime,James Foley,1992,100,16,2026-08-08 13:00,8.50
1219,Pride & Prejudice,Drama,Joe Wright,2005,129,6,2026-08-08 10:00,6.50
1220,Badlands,Action,Terrence Malick,1973,94,6,2026-08-07 10:30,8.50
1221,Delicatessen,Comedy,Marc Caro,1991,99,16,2026-08-06 13:00,7.00
1222,On the Waterfront,Crime,Elia Kazan,1954,108,12,2026-08-06 10:30,8.00
1223,Miracle on 34th Street,Comedy,George Seaton,1947,96,12,2026-08-05 15:00,6.50
1224,À bout de souffle,Crime,Jean-Luc Godard,1960,90,0,2026-08-05 12:30,7.50
1225,The Station Agent,Comedy,Tom McCarthy,2003,89,16,2026-08-05 10:00,8.50
1226,Pride & Prejudice,Drama,Joe Wright,2005,129,6,2026-08-04 10:30,8.50
1227,Roman Holiday,Comedy,William Wyler,1953,118,12,2026-08-03 12:30,6.50
1228,Midnight Cowboy,Drama,John Schlesinger,1969,113,12,2026-08-03 10:00,6.50
1229,No Man's Land,Comedy,Danis Tanovic,2001,98,16,2026-08-02 16:00,6.50
1230,Awakenings,Biography,Penny Marshall,1990,121,0,2026-08-02 13:00,7.50
1231,No Man's Land,Comedy,Danis Tanovic,2001,98,16,2026-08-02 10:30,8.50
1232,Star Wars,Action,George Lucas,1977,121,12,2026-08-01 17:00,6.50
1233,Awakenings,Biography,Penny Marshall,1990,121,0,2026-08-01 14:00,7.00
1234,Doctor Zhivago,Drama,David Lean,1965,197,12,2026-08-01 10:00,7.00
1235,Das Cabinet des Dr. Caligari,Fantasy,Robert Wiene,1920,76,12,2026-07-31 10:00,8.00
1236,Miracle on 34th Street,Comedy,George Seaton,1947,96,12,2026-07-30 12:30,7.50
1237,On the Waterfront,Crime,Elia Kazan,1954,108,12,2026-07-30 10:00,8.50
1238,The Bridges of Madison County,Drama,Clint Eastwood,1995,135,12,2026-07-29 10:00,7.50
1239,The World's Fastest Indian,Biography,Roger Donaldson,2005,127,0,2026-07-28 15:30,6.50
1240,Being John Malkovich,Comedy,Spike Jonze,1999,113,16,2026-07-28 12:30,7.50
1241,Das Cabinet des Dr. Caligari,Fantasy,Robert Wiene,1920,76,12,2026-07-28 10:00,7.00
1242,The Wild Bunch,Action,Sam Peckinpah,1969,145,12,2026-07-27 10:30,8.00
1243,Star Wars,Action,George Lucas,1977,121,12,2026-07-26 19:00,8.50
1244,Awakenings,Biography,Penny Marshall,1990,121,0,2026-07-26 16:00,6.50
1245,Badlands,Action,Terrence Malick,1973,94,6,2026-07-26 13:30,8.00
1246,Pride & Prejudice,Drama,Joe Wright,2005,129,6,2026-07-26 10:30,8.50
1247,Rebecca,Drama,Alfred Hitchcock,1940,130,12,2026-07-25 15:30,8.50
1248,No Man's Land,Comedy,Danis Tanovic,2001,98,16,2026-07-25 13:00,7.50
1249,Star Wars,Action,George Lucas,1977,121,12,2026-07-25 10:00,7.50
1250,On the Waterfront,Crime,Elia Kazan,1954,108,12,2026-07-24 12:30,6.50
1251,Manhattan,Comedy,Woody Allen,1979,96,16,2026-07-24 10:00,7.00
1252,On the Waterfront,Crime,Elia Kazan,1954,108,12,2026-07-23 13:00,6.50
1253,The Adventures of Robin Hood,Action,Michael Curtiz,1938,102,6,2026-07-23 10:30,7.00
1254,Miracle on 34th Street,Comedy,George Seaton,1947,96,12,2026-07-22 13:30,8.50
1255,The Bridges of Madison County,Drama,Clint Eastwood,1995,135,12,2026-07-22 10:30,7.00
1256,Giant,Drama,George Stevens,1956,201,0,2026-07-21 13:30,7.00
1257,The World's Fastest Indian,Biography,Roger Donaldson,2005,127,0,2026-07-21 10:30,8.50
1258,Delicatessen,Comedy,Marc Caro,1991,99,16,2026-07-20 14:00,8.50
1259,Doctor Zhivago,Drama,David Lean,1965,197,12,2026-07-20 10:00,7.00
1260,The Circus,Comedy,Charles Chaplin,1928,72,12,2026-07-19 15:30,6.50
1261,Unforgiven,Drama,Clint Eastwood,1992,130,12,2026-07-19 12:30,6.50
1262,Tôkyô goddofâzâzu,Animation,Satoshi Kon,2003,90,12,2026-07-19 10:00,8.00
1263,À bout de souffle,Crime,Jean-Luc Godard,1960,90,0,2026-07-18 15:00,8.50
1264,Spoorloos,Mystery,George Sluizer,1988,107,12,2026-07-18 12:30,7.50
1265,Tôkyô goddofâzâzu,Animation,Satoshi Kon,2003,90,12,2026-07-18 10:00,7.00
1266,The World's Fastest Indian,Biography,Roger Donaldson,2005,127,0,2026-07-17 12:30,8.50
1267,Badlands,Action,Terrence Malick,1973,94,6,2026-07-17 10:00,8.00
1268,The World's Fastest Indian,Biography,Roger Donaldson,2005,127,0,2026-07-16 15:00,8.50
1269,Funny Games,Crime,Michael Haneke,1997,108,12,2026-07-16 12:30,7.00
1270,Spoorloos,Mystery,George Sluizer,1988,107,12,2026-07-16 10:00,7.00
1271,Rebecca,Drama,Alfred Hitchcock,1940,130,12,2026-07-15 16:30,7.00
1272,To Have and Have Not,Adventure,Howard Hawks,1944,100,6,2026-07-15 14:00,7.50
1273,The Wild Bunch,Action,Sam Peckinpah,1969,145,12,2026-07-15 10:30,7.50
1274,The World's Fastest Indian,Biography,Roger Donaldson,2005,127,0,2026-07-14 14:00,7.00
1275,The Longest Day,Action,Ken Annakin,1962,178,0,2026-07-14 10:00,8.00
1276,Heat,Crime,Michael Mann,1995,170,12,2026-07-13 17:00,7.00
1277,Giant,Drama,George Stevens,1956,201,0,2026-07-13 12:30,8.50
1278,The Graduate,Comedy,Mike Nichols,1967,106,12,2026-07-13 10:00,6.50
1279,Manhattan,Comedy,Woody Allen,1979,96,16,2026-07-12 15:30,8.00
1280,To Have and Have Not,Adventure,Howard Hawks,1944,100,6,2026-07-12 13:00,7.00
1281,Trois couleurs: Blanc,Comedy,Krzysztof Kieslowski,1994,92,0,2026-07-12 10:30,6.50
1282,Jungfrukällan,Drama,Ingmar Bergman,1960,89,12,2026-07-11 16:30,7.50
1283,La battaglia di Algeri,Drama,Gillo Pontecorvo,1966,121,12,2026-07-11 13:30,6.50
1284,La battaglia di Algeri,Drama,Gillo Pontecorvo,1966,121,12,2026-07-11 10:30,7.00
1285,Cast Away,Adventure,Robert Zemeckis,2000,143,12,2026-07-10 13:30,8.50
1286,The World's Fastest Indian,Biography,Roger Donaldson,2005,127,0,2026-07-10 10:30,8.50
1287,Manhattan,Comedy,Woody Allen,1979,96,16,2026-07-09 16:00,7.00
1288,Spoorloos,Mystery,George Sluizer,1988,107,12,2026-07-09 13:30,7.00
1289,Kill Bill: Vol. 2,Action,Quentin Tarantino,2004,137,12,2026-07-09 10:30,6.50
1290,Vizontele,Comedy,Yilmaz Erdogan,2001,110,12,2026-07-08 10:30,6.50
1291,Funny Games,Crime,Michael Haneke,1997,108,12,2026-07-07 10:30,8.00
1292,À bout de souffle,Crime,Jean-Luc Godard,1960,90,0,2026-07-06 10:30,8.00
1293,Empire of the Sun,Action,Steven Spielberg,1987,153,0,2026-07-05 16:00,8.00
1294,Fantasia,Animation,James Algar,1940,125,0,2026-07-05 13:00,6.50
1295,La battaglia di Algeri,Drama,Gillo Pontecorvo,1966,121,12,2026-07-05 10:00,7.00
1296,Spoorloos,Mystery,George Sluizer,1988,107,12,2026-07-04 19:00,9.00
1297,Cast Away,Adventure,Robert Zemeckis,2000,143,12,2026-07-04 16:00,7.50
1298,Apocalypto,Action,Mel Gibson,2006,139,12,2026-07-04 13:00,7.00
1299,Spoorloos,Mystery,George Sluizer,1988,107,12,2026-07-04 10:30,8.50
1300,The World's Fastest Indian,Biography,Roger Donaldson,2005,127,0,2026-07-03 10:30,6.50
1301,Kal Ho Naa Ho,Comedy,Nikkhil Advani,2003,186,0,2026-07-02 10:00,8.50
1302,À bout de souffle,Crime,Jean-Luc Godard,1960,90,0,2026-07-01 10:00,7.50
1303,Jungfrukällan,Drama,Ingmar Bergman,1960,89,12,2026-06-30 16:00,7.50
1304,Funny Games,Crime,Michael Haneke,1997,108,12,2026-06-30 13:00,8.50
1305,Rebecca,Drama,Alfred Hitchcock,1940,130,12,2026-06-30 10:00,7.00
1306,What's Eating Gilbert Grape,Drama,Lasse Hallström,1993,118,0,2026-06-29 13:30,7.50
1307,Omohide poro poro,Animation,Isao Takahata,1991,118,0,2026-06-29 10:30,8.50
1308,Apocalypto,Action,Mel Gibson,2006,139,12,2026-06-28 18:30,9.50
1309,Fantasia,Animation,James Algar,1940,125,0,2026-06-28 15:30,7.00
1310,In the Heat of the Night,Crime,Norman Jewison,1967,110,0,2026-06-28 13:00,8.00
1311,Tôkyô goddofâzâzu,Animation,Satoshi Kon,2003,90,12,2026-06-28 10:30,8.50
1312,To Have and Have Not,Adventure,Howard Hawks,1944,100,6,2026-06-27 16:00,7.00
1313,To Have and Have Not,Adventure,Howard Hawks,1944,100,6,2026-06-27 13:30,8.00
1314,Unforgiven,Drama,Clint Eastwood,1992,130,12,2026-06-27 10:30,8.50
1315,Giant,Drama,George Stevens,1956,201,0,2026-06-26 14:00,8.50
1316,Heat,Crime,Michael Mann,1995,170,12,2026-06-26 10:30,8.00
1317,28 Days Later...,Drama,Danny Boyle,2002,113,12,2026-06-25 15:00,8.00
1318,À bout de souffle,Crime,Jean-Luc Godard,1960,90,0,2026-06-25 12:30,7.00
1319,Laura,Drama,Otto Preminger,1944,88,12,2026-06-25 10:00,8.50
1320,Vizontele,Comedy,Yilmaz Erdogan,2001,110,12,2026-06-24 15:00,8.00
1321,Trois couleurs: Blanc,Comedy,Krzysztof Kieslowski,1994,92,0,2026-06-24 12:30,6.50
1322,The Graduate,Comedy,Mike Nichols,1967,106,12,2026-06-24 10:00,7.00
1323,Unforgiven,Drama,Clint Eastwood,1992,130,12,2026-06-23 13:30,8.50
1324,Anand,Drama,Hrishikesh Mukherjee,1971,122,0,2026-06-23 10:30,8.00
1325,Laura,Drama,Otto Preminger,1944,88,12,2026-06-22 16:30,8.00
1326,The Silence of the Lambs,Crime,Jonathan Demme,1991,118,12,2026-06-22 13:30,6.50
1327,What's Eating Gilbert Grape,Drama,Lasse Hallström,1993,118,0,2026-06-22 10:30,8.50
1328,Empire of the Sun,Action,Steven Spielberg,1987,153,0,2026-06-21 17:30,6.50
1329,Rebecca,Drama,Alfred Hitchcock,1940,130,12,2026-06-21 14:30,8.00
1330,Before Sunrise,Drama,Richard Linklater,1995,101,16,2026-06-21 12:00,7.00
1331,Laura,Drama,Otto Preminger,1944,88,12,2026-06-21 10:00,7.50
1332,Sling Blade,Drama,Billy Bob Thornton,1996,135,16,2026-06-20 15:30,8.00
1333,Trois couleurs: Blanc,Comedy,Krzysztof Kieslowski,1994,92,0,2026-06-20 13:00,8.00
1334,Tôkyô goddofâzâzu,Animation,Satoshi Kon,2003,90,12,2026-06-20 10:30,7.00
1335,What's Eating Gilbert Grape,Drama,Lasse Hallström,1993,118,0,2026-06-19 12:30,7.00
1336,Trois couleurs: Blanc,Comedy,Krzysztof Kieslowski,1994,92,0,2026-06-19 10:00,8.00
1337,Jurassic Park,Action,Steven Spielberg,1993,127,12,2026-06-18 16:30,8.00
1338,Strangers on a Train,Crime,Alfred Hitchcock,1951,101,12,2026-06-18 14:00,6.50
1339,The Longest Day,Action,Ken Annakin,1962,178,0,2026-06-18 10:30,7.50
1340,Anand,Drama,Hrishikesh Mukherjee,1971,122,0,2026-06-17 10:30,7.00
1341,Trois couleurs: Blanc,Comedy,Krzysztof Kieslowski,1994,92,0,2026-06-16 10:30,7.00
1342,Laura,Drama,Otto Preminger,1944,88,12,2026-06-15 10:30,7.50
1343,Kal Ho Naa Ho,Comedy,Nikkhil Advani,2003,186,0,2026-06-14 21:00,8.50
1344,The Longest Day,Action,Ken Annakin,1962,178,0,2026-06-14 17:00,8.50
1345,The Graduate,Comedy,Mike Nichols,1967,106,12,2026-06-14 14:30,8.50
1346,Kal Ho Naa Ho,Comedy,Nikkhil Advani,2003,186,0,2026-06-14 10:30,7.50
1347,The Longest Day,Action,Ken Annakin,1962,178,0,2026-06-13 19:30,8.50
1348,Metropolis,Drama,Fritz Lang,1927,153,12,2026-06-13 16:00,8.00
1349,The Graduate,Comedy,Mike Nichols,1967,106,12,2026-06-13 13:30,7.50
1350,Jurassic Park,Action,Steven Spielberg,1993,127,12,2026-06-13 10:30,8.00
1351,Empire of the Sun,Action,Steven Spielberg,1987,153,0,2026-06-12 13:00,8.50
1352,Rebecca,Drama,Alfred Hitchcock,1940,130,12,2026-06-12 10:00,7.00
1353,Jurassic Park,Action,Steven Spielberg,1993,127,12,2026-06-11 16:00,7.50
1354,Anand,Drama,Hrishikesh Mukherjee,1971,122,0,2026-06-11 13:00,7.50
1355,Anand,Drama,Hrishikesh Mukherjee,1971,122,0,2026-06-11 10:00,7.50
1356,Omohide poro poro,Animation,Isao Takahata,1991,118,0,2026-06-10 12:30,7.00
1357,28 Days Later...,Drama,Danny Boyle,2002,113,12,2026-06-10 10:00,8.00
1358,Before Sunrise,Drama,Richard Linklater,1995,101,16,2026-06-09 16:30,7.50
1359,Terminator 2: Judgment Day,Action,James Cameron,1991,137,0,2026-06-09 13:00,6.50
1360,28 Days Later...,Drama,Danny Boyle,2002,113,12,2026-06-09 10:00,6.50
1361,The Longest Day,Action,Ken Annakin,1962,178,0,2026-06-08 16:00,8.50
1362,Spoorloos,Mystery,George Sluizer,1988,107,12,2026-06-08 13:30,7.50
1363,Empire of the Sun,Action,Steven Spielberg,1987,153,0,2026-06-08 10:00,8.50
1364,The Graduate,Comedy,Mike Nichols,1967,106,12,2026-06-07 16:30,8.50
1365,Terminator 2: Judgment Day,Action,James Cameron,1991,137,0,2026-06-07 13:30,7.00
1366,Metropolis,Drama,Fritz Lang,1927,153,12,2026-06-07 10:00,8.00
1367,The Muppet Christmas Carol,Comedy,Brian Henson,1992,85,0,2026-06-06 16:00,8.50
1368,Trois couleurs: Blanc,Comedy,Krzysztof Kieslowski,1994,92,0,2026-06-06 13:30,7.50
1369,Omohide poro poro,Animation,Isao Takahata,1991,118,0,2026-06-06 10:30,8.00
1370,Metropolis,Drama,Fritz Lang,1927,153,12,2026-06-05 13:00,7.00
1371,Strangers on a Train,Crime,Alfred Hitchcock,1951,101,12,2026-06-05 10:30,7.50
1372,Before Sunrise,Drama,Richard Linklater,1995,101,16,2026-06-04 16:00,7.00
1373,Omohide poro poro,Animation,Isao Takahata,1991,118,0,2026-06-04 13:00,6.50
1374,Spoorloos,Mystery,George Sluizer,1988,107,12,2026-06-04 10:30,6.50
1375,Funny Games,Crime,Michael Haneke,1997,108,12,2026-06-03 14:30,8.00
1376,Kal Ho Naa Ho,Comedy,Nikkhil Advani,2003,186,0,2026-06-03 10:30,6.50
1377,The Graduate,Comedy,Mike Nichols,1967,106,12,2026-06-02 17:30,8.50
1378,What's Eating Gilbert Grape,Drama,Lasse Hallström,1993,118,0,2026-06-02 14:30,8.50
1379,Giant,Drama,George Stevens,1956,201,0,2026-06-02 10:00,7.00
1380,Trois couleurs: Blanc,Comedy,Krzysztof Kieslowski,1994,92,0,2026-06-01 17:00,8.50
1381,The Incredibles,Animation,Brad Bird,2004,115,0,2026-06-01 14:00,8.00
1382,Apocalypto,Action,Mel Gibson,2006,139,12,2026-06-01 10:30,8.00
1383,Funny Games,Crime,Michael Haneke,1997,108,12,2026-05-31 15:30,7.50
1384,Spoorloos,Mystery,George Sluizer,1988,107,12,2026-05-31 13:00,8.50
1385,Jurassic Park,Action,Steven Spielberg,1993,127,12,2026-05-31 10:00,7.50
1386,Mimi wo sumaseba,Animation,Yoshifumi Kondô,1995,111,0,2026-05-30 15:00,6.50
1387,Funny Games,Crime,Michael Haneke,1997,108,12,2026-05-30 12:30,8.00
1388,What's Eating Gilbert Grape,Drama,Lasse Hallström,1993,118,0,2026-05-30 10:00,8.50
1389,Apocalypto,Action,Mel Gibson,2006,139,12,2026-05-29 12:30,7.00
1390,The Lost Weekend,Drama,Billy Wilder,1945,101,12,2026-05-29 10:00,8.50
1391,Star Wars,Action,George Lucas,1977,121,12,2026-05-28 16:00,7.50
1392,Jurassic Park,Action,Steven Spielberg,1993,127,12,2026-05-28 13:00,7.00
1393,28 Days Later...,Drama,Danny Boyle,2002,113,12,2026-05-28 10:00,8.00
1394,The Muppet Christmas Carol,Comedy,Brian Henson,1992,85,0,2026-05-27 13:30,8.50
1395,The Silence of the Lambs,Crime,Jonathan Demme,1991,118,12,2026-05-27 10:30,8.50
1396,The Treasure of the Sierra Madre,Adventure,John Huston,1948,126,12,2026-05-26 16:30,8.00
1397,Mimi wo sumaseba,Animation,Yoshifumi Kondô,1995,111,0,2026-05-26 14:00,7.00
1398,Kal Ho Naa Ho,Comedy,Nikkhil Advani,2003,186,0,2026-05-26 10:00,8.50
1399,The Muppet Christmas Carol,Comedy,Brian Henson,1992,85,0,2026-05-25 13:00,7.00
1400,Tôkyô goddofâzâzu,Animation,Satoshi Kon,2003,90,12,2026-05-25 10:30,7.50
1401,The Last King of Scotland,Biography,Kevin Macdonald,2006,123,16,2026-05-24 19:00,9.50
1402,Anand,Drama,Hrishikesh Mukherjee,1971,122,0,2026-05-24 16:00,8.00
1403,What's Eating Gilbert Grape,Drama,Lasse Hallström,1993,118,0,2026-05-24 13:00,6.50
1404,À bout de souffle,Crime,Jean-Luc Godard,1960,90,0,2026-05-24 10:30,6.50
1405,Trois couleurs: Bleu,Drama,Krzysztof Kieslowski,1993,94,0,2026-05-23 16:00,8.50
1406,Apocalypto,Action,Mel Gibson,2006,139,12,2026-05-23 13:00,6.50
1407,Strangers on a Train,Crime,Alfred Hitchcock,1951,101,12,2026-05-23 10:30,8.00
1408,Before Sunrise,Drama,Richard Linklater,1995,101,16,2026-05-22 10:30,7.00
1409,Kal Ho Naa Ho,Comedy,Nikkhil Advani,2003,186,0,2026-05-21 10:30,8.50
1410,The Graduate,Comedy,Mike Nichols,1967,106,12,2026-05-20 16:00,8.00
1411,The Iron Giant,Animation,Brad Bird,1999,86,6,2026-05-20 13:30,6.50
1412,Star Wars,Action,George Lucas,1977,121,12,2026-05-20 10:30,7.50
1413,Terminator 2: Judgment Day,Action,James Cameron,1991,137,0,2026-05-19 13:30,8.50
1414,Mimi wo sumaseba,Animation,Yoshifumi Kondô,1995,111,0,2026-05-19 10:30,7.00
1415,The Terminator,Action,James Cameron,1984,107,12,2026-05-18 16:00,7.50
1416,Charade,Comedy,Stanley Donen,1963,113,0,2026-05-18 13:00,8.50
1417,Omohide poro poro,Animation,Isao Takahata,1991,118,0,2026-05-18 10:00,7.50
1418,The Blues Brothers,Action,John Landis,1980,133,0,2026-05-17 18:00,8.50
1419,The Muppet Christmas Carol,Comedy,Brian Henson,1992,85,0,2026-05-17 16:00,8.50
1420,The Blues Brothers,Action,John Landis,1980,133,0,2026-05-17 13:00,7.00
1421,Anand,Drama,Hrishikesh Mukherjee,1971,122,0,2026-05-17 10:00,8.00
1422,The Last King of Scotland,Biography,Kevin Macdonald,2006,123,16,2026-05-16 18:30,8.50
1423,Blood Simple,Crime,Joel Coen,1984,99,12,2026-05-16 16:00,7.50
1424,Trois couleurs: Rouge,Drama,Krzysztof Kieslowski,1994,99,0,2026-05-16 13:30,8.50
1425,A Bronx Tale,Crime,Robert De Niro,1993,121,16,2026-05-16 10:30,7.00
1426,Aliens,Action,James Cameron,1986,137,0,2026-05-15 10:30,7.50
1427,Before Sunrise,Drama,Richard Linklater,1995,101,16,2026-05-14 15:30,8.50
1428,Fa yeung nin wah,Drama,Kar-Wai Wong,2000,98,0,2026-05-14 13:00,8.00
1429,À bout de souffle,Crime,Jean-Luc Godard,1960,90,0,2026-05-14 10:30,7.00
1430,The Last King of Scotland,Biography,Kevin Macdonald,2006,123,16,2026-05-13 16:00,6.50
1431,Ghostbusters,Action,Ivan Reitman,1984,105,12,2026-05-13 13:30,8.50
1432,Taegukgi hwinalrimyeo,Action,Je-kyu Kang,2004,140,16,2026-05-13 10:30,6.50
1433,The Lost Weekend,Drama,Billy Wilder,1945,101,12,2026-05-12 15:30,7.50
1434,Boyz n the Hood,Crime,John Singleton,1991,112,12,2026-05-12 13:00,7.00
1435,The Graduate,Comedy,Mike Nichols,1967,106,12,2026-05-12 10:30,7.50
1436,Before Sunrise,Drama,Richard Linklater,1995,101,16,2026-05-11 13:30,7.00
1437,Anand,Drama,Hrishikesh Mukherjee,1971,122,0,2026-05-11 10:30,8.50
1438,Sen to Chihiro no kamikakushi,Animation,Hayao Miyazaki,2001,125,0,2026-05-10 18:00,9.00
1439,Terminator 2: Judgment Day,Action,James Cameron,1991,137,0,2026-05-10 15:00,8.00
1440,The Graduate,Comedy,Mike Nichols,1967,106,12,2026-05-10 12:30,7.00
1441,Blood Simple,Crime,Joel Coen,1984,99,12,2026-05-10 10:00,7.00
1442,300,Action,Zack Snyder,2006,117,12,2026-05-09 19:00,10.00
1443,Inside Man,Crime,Spike Lee,2006,129,16,2026-05-09 16:00,7.00
1444,Trois couleurs: Rouge,Drama,Krzysztof Kieslowski,1994,99,0,2026-05-09 13:30,8.50
1445,Omohide poro poro,Animation,Isao Takahata,1991,118,0,2026-05-09 10:30,8.00
1446,Before Sunrise,Drama,Richard Linklater,1995,101,16,2026-05-08 10:00,7.50
1447,Sen to Chihiro no kamikakushi,Animation,Hayao Miyazaki,2001,125,0,2026-05-07 15:30,7.50
1448,Rashômon,Crime,Akira Kurosawa,1950,88,12,2026-05-07 13:00,7.00
1449,Boyz n the Hood,Crime,John Singleton,1991,112,12,2026-05-07 10:00,7.00
1450,À bout de souffle,Crime,Jean-Luc Godard,1960,90,0,2026-05-06 15:00,8.50
1451,300,Action,Zack Snyder,2006,117,12,2026-05-06 12:30,7.50
1452,Annie Hall,Comedy,Woody Allen,1977,93,12,2026-05-06 10:00,6.50
1453,Cinderella Man,Biography,Ron Howard,2005,144,12,2026-05-05 13:30,7.00
1454,Omohide poro poro,Animation,Isao Takahata,1991,118,0,2026-05-05 10:30,7.50
1455,The Incredibles,Animation,Brad Bird,2004,115,0,2026-05-04 12:30,6.50
1456,Ivanovo detstvo,Drama,Andrei Tarkovsky,1962,95,12,2026-05-04 10:00,6.50
1457,Before Sunrise,Drama,Richard Linklater,1995,101,16,2026-05-03 18:00,9.50
1458,The Treasure of the Sierra Madre,Adventure,John Huston,1948,126,12,2026-05-03 15:00,6.50
1459,Charade,Comedy,Stanley Donen,1963,113,0,2026-05-03 12:30,7.00
1460,À bout de souffle,Crime,Jean-Luc Godard,1960,90,0,2026-05-03 10:00,7.00
1461,Kurenai no buta,Animation,Hayao Miyazaki,1992,94,0,2026-05-02 16:00,8.00
1462,Pan's Labyrinth,Drama,Guillermo del Toro,2006,118,12,2026-05-02 13:00,8.00
1463,The Iron Giant,Animation,Brad Bird,1999,86,6,2026-05-02 10:30,8.00
1464,On Golden Pond,Drama,Mark Rydell,1981,109,12,2026-05-01 10:30,7.00
1465,Cinderella Man,Biography,Ron Howard,2005,144,12,2026-04-30 15:30,6.50
1466,The Treasure of the Sierra Madre,Adventure,John Huston,1948,126,12,2026-04-30 12:30,8.50
1467,The Maltese Falcon,Film-Noir,John Huston,1941,100,12,2026-04-30 10:00,6.50
1468,The African Queen,Adventure,John Huston,1951,105,6,2026-04-29 10:30,6.50
1469,The Blues Brothers,Action,John Landis,1980,133,0,2026-04-28 15:00,6.50
1470,The Incredibles,Animation,Brad Bird,2004,115,0,2026-04-28 12:30,6.50
1471,Kurenai no buta,Animation,Hayao Miyazaki,1992,94,0,2026-04-28 10:00,7.50
1472,Cinderella Man,Biography,Ron Howard,2005,144,12,2026-04-27 10:30,7.00
1473,Trois couleurs: Rouge,Drama,Krzysztof Kieslowski,1994,99,0,2026-04-26 19:00,8.50
1474,Letters from Iwo Jima,Action,Clint Eastwood,2006,141,12,2026-04-26 16:00,8.50
1475,Blood Simple,Crime,Joel Coen,1984,99,12,2026-04-26 13:30,8.00
1476,Taegukgi hwinalrimyeo,Action,Je-kyu Kang,2004,140,16,2026-04-26 10:30,6.50
1477,The Treasure of the Sierra Madre,Adventure,John Huston,1948,126,12,2026-04-25 18:30,9.50
1478,Inherit the Wind,Biography,Stanley Kramer,1960,128,12,2026-04-25 15:30,7.50
1479,Letters from Iwo Jima,Action,Clint Eastwood,2006,141,12,2026-04-25 12:30,7.50
1480,Lethal Weapon,Action,Richard Donner,1987,109,12,2026-04-25 10:00,8.50
1481,Kurenai no buta,Animation,Hayao Miyazaki,1992,94,0,2026-04-24 16:00,7.00
1482,Death Note: Desu nôto,Crime,Shûsuke Kaneko,2006,126,12,2026-04-24 13:00,7.50
1483,Sabrina,Comedy,Billy Wilder,1954,113,12,2026-04-24 10:00,8.00
1484,The Treasure of the Sierra Madre,Adventure,John Huston,1948,126,12,2026-04-23 10:30,6.50
1485,The African Queen,Adventure,John Huston,1951,105,6,2026-04-22 12:30,7.00
1486,Hotaru no haka,Animation,Isao Takahata,1988,89,0,2026-04-22 10:00,8.00
1487,The Incredibles,Animation,Brad Bird,2004,115,0,2026-04-21 14:30,8.00
1488,The Godfather,Crime,Francis Ford Coppola,1972,175,12,2026-04-21 10:30,6.50
1489,The Blues Brothers,Action,John Landis,1980,133,0,2026-04-20 10:00,7.00
1490,Aliens,Action,James Cameron,1986,137,0,2026-04-19 17:30,7.00
1491,Tôkyô goddofâzâzu,Animation,Satoshi Kon,2003,90,12,2026-04-19 15:00,7.00
1492,Kurenai no buta,Animation,Hayao Miyazaki,1992,94,0,2026-04-19 12:30,8.00
1493,The Maltese Falcon,Film-Noir,John Huston,1941,100,12,2026-04-19 10:00,7.00
1494,The Godfather,Crime,Francis Ford Coppola,1972,175,12,2026-04-18 18:30,8.50
1495,À bout de souffle,Crime,Jean-Luc Godard,1960,90,0,2026-04-18 16:00,8.00
1496,Sabrina,Comedy,Billy Wilder,1954,113,12,2026-04-18 13:00,6.50
1497,Sen to Chihiro no kamikakushi,Animation,Hayao Miyazaki,2001,125,0,2026-04-18 10:00,6.50
1498,On Golden Pond,Drama,Mark Rydell,1981,109,12,2026-04-17 16:30,6.50
1499,The Godfather,Crime,Francis Ford Coppola,1972,175,12,2026-04-17 13:00,7.00
1500,Ivanovo detstvo,Drama,Andrei Tarkovsky,1962,95,12,2026-04-17 10:30,8.00
1501,Taegukgi hwinalrimyeo,Action,Je-kyu Kang,2004,140,16,2026-04-16 15:30,7.50
1502,The African Queen,Adventure,John Huston,1951,105,6,2026-04-16 13:00,8.00
1503,Fa yeung nin wah,Drama,Kar-Wai Wong,2000,98,0,2026-04-16 10:30,8.00
1504,Lethal Weapon,Action,Richard Donner,1987,109,12,2026-04-15 16:30,6.50
1505,Hotaru no haka,Animation,Isao Takahata,1988,89,0,2026-04-15 14:00,7.00
1506,Taegukgi hwinalrimyeo,Action,Je-kyu Kang,2004,140,16,2026-04-15 10:30,8.50
1507,Ivanovo detstvo,Drama,Andrei Tarkovsky,1962,95,12,2026-04-14 13:30,7.00
1508,Sabrina,Comedy,Billy Wilder,1954,113,12,2026-04-14 10:30,8.00
1509,The African Queen,Adventure,John Huston,1951,105,6,2026-04-13 10:30,7.50
1510,Inherit the Wind,Biography,Stanley Kramer,1960,128,12,2026-04-12 17:30,6.50
1511,Ivanovo detstvo,Drama,Andrei Tarkovsky,1962,95,12,2026-04-12 15:00,8.00
1512,To Have and Have Not,Adventure,Howard Hawks,1944,100,6,2026-04-12 12:30,7.50
1513,The Conversation,Drama,Francis Ford Coppola,1974,113,0,2026-04-12 10:00,7.50
1514,Sabrina,Comedy,Billy Wilder,1954,113,12,2026-04-11 17:00,6.50
1515,The Lord of the Rings: The Return of the King,Action,Peter Jackson,2003,201,0,2026-04-11 13:00,7.50
1516,À bout de souffle,Crime,Jean-Luc Godard,1960,90,0,2026-04-11 10:30,8.00
1517,The Conversation,Drama,Francis Ford Coppola,1974,113,0,2026-04-10 15:00,8.00
1518,Airplane!,Comedy,Jim Abrahams,1980,88,0,2026-04-10 12:30,8.50
1519,The Conversation,Drama,Francis Ford Coppola,1974,113,0,2026-04-10 10:00,6.50
1520,On Golden Pond,Drama,Mark Rydell,1981,109,12,2026-04-09 13:00,7.00
1521,The Odd Couple,Comedy,Gene Saks,1968,105,0,2026-04-09 10:30,6.50
1522,Airplane!,Comedy,Jim Abrahams,1980,88,0,2026-04-08 15:30,6.50
1523,Death Note: Desu nôto,Crime,Shûsuke Kaneko,2006,126,12,2026-04-08 12:30,8.00
1524,Hiroshima mon amour,Drama,Alain Resnais,1959,90,12,2026-04-08 10:00,8.50
1525,Taegukgi hwinalrimyeo,Action,Je-kyu Kang,2004,140,16,2026-04-07 15:00,8.00
1526,Annie Hall,Comedy,Woody Allen,1977,93,12,2026-04-07 12:30,7.50
1527,Hiroshima mon amour,Drama,Alain Resnais,1959,90,12,2026-04-07 10:00,8.00
1528,Ivanovo detstvo,Drama,Andrei Tarkovsky,1962,95,12,2026-04-06 15:30,7.50
1529,Taegukgi hwinalrimyeo,Action,Je-kyu Kang,2004,140,16,2026-04-06 12:30,8.50
1530,Ivanovo detstvo,Drama,Andrei Tarkovsky,1962,95,12,2026-04-06 10:00,7.50
1531,Mononoke-hime,Animation,Hayao Miyazaki,1997,134,0,2026-04-05 16:00,8.50
1532,Aliens,Action,James Cameron,1986,137,0,2026-04-05 13:00,7.50
1533,Sen to Chihiro no kamikakushi,Animation,Hayao Miyazaki,2001,125,0,2026-04-05 10:00,8.50
1534,Aliens,Action,James Cameron,1986,137,0,2026-04-04 16:30,7.50
1535,The Big Lebowski,Comedy,Joel Coen,1998,117,16,2026-04-04 13:30,8.00
1536,Inherit the Wind,Biography,Stanley Kramer,1960,128,12,2026-04-04 10:30,7.50
1537,Inside Man,Crime,Spike Lee,2006,129,16,2026-04-03 10:00,8.00
1538,The Big Lebowski,Comedy,Joel Coen,1998,117,16,2026-04-02 10:30,8.00
1539,Wait Until Dark,Thriller,Terence Young,1967,108,12,2026-04-01 15:30,8.00
1540,Tôkyô monogatari,Drama,Yasujirô Ozu,1953,136,0,2026-04-01 12:30,7.00
1541,Manhattan,Comedy,Woody Allen,1979,96,16,2026-04-01 10:00,8.00
1542,Vertigo,Mystery,Alfred Hitchcock,1958,128,12,2026-03-31 10:00,8.00
1543,Sholay,Action,Ramesh Sippy,1975,204,0,2026-03-30 12:30,6.50
1544,Back to the Future Part II,Adventure,Robert Zemeckis,1989,108,0,2026-03-30 10:00,7.00
1545,Billy Elliot,Drama,Stephen Daldry,2000,110,16,2026-03-29 15:30,8.00
1546,Ivanovo detstvo,Drama,Andrei Tarkovsky,1962,95,12,2026-03-29 13:00,7.50
1547,Death Note: Desu nôto,Crime,Shûsuke Kaneko,2006,126,12,2026-03-29 10:00,8.00
1548,Letters from Iwo Jima,Action,Clint Eastwood,2006,141,12,2026-03-28 17:30,8.50
1549,Airplane!,Comedy,Jim Abrahams,1980,88,0,2026-03-28 15:00,7.50
1550,The General,Action,Clyde Bruckman,1926,67,12,2026-03-28 13:00,8.00
1551,The Wizard of Oz,Adventure,Victor Fleming,1939,102,0,2026-03-28 10:30,7.50
1552,Star Wars: Episode VI - Return of the Jedi,Action,Richard Marquand,1983,131,0,2026-03-27 13:30,8.50
1553,Taegukgi hwinalrimyeo,Action,Je-kyu Kang,2004,140,16,2026-03-27 10:00,8.00
1554,Pan's Labyrinth,Drama,Guillermo del Toro,2006,118,12,2026-03-26 16:00,7.50
1555,Back to the Future Part II,Adventure,Robert Zemeckis,1989,108,0,2026-03-26 13:30,6.50
1556,The Bridges of Madison County,Drama,Clint Eastwood,1995,135,12,2026-03-26 10:30,7.00
1557,Letters from Iwo Jima,Action,Clint Eastwood,2006,141,12,2026-03-25 15:30,8.50
1558,Pan's Labyrinth,Drama,Guillermo del Toro,2006,118,12,2026-03-25 12:30,6.50
1559,Nosferatu,Fantasy,F.W. Murnau,1922,94,12,2026-03-25 10:00,7.50
1560,Pride & Prejudice,Drama,Joe Wright,2005,129,6,2026-03-24 10:30,7.50
1561,The Odd Couple,Comedy,Gene Saks,1968,105,0,2026-03-23 10:00,7.50
1562,The Lord of the Rings: The Return of the King,Action,Peter Jackson,2003,201,0,2026-03-22 15:30,7.50
1563,La leggenda del pianista sull'oceano,Drama,Giuseppe Tornatore,1998,169,0,2026-03-22 12:00,7.00
1564,Sherlock Jr.,Action,Buster Keaton,1924,45,12,2026-03-22 10:30,7.00
1565,Badlands,Action,Terrence Malick,1973,94,6,2026-03-21 15:30,7.50
1566,Ivanovo detstvo,Drama,Andrei Tarkovsky,1962,95,12,2026-03-21 13:00,8.00
1567,The Conversation,Drama,Francis Ford Coppola,1974,113,0,2026-03-21 10:00,7.50
1568,The Bridges of Madison County,Drama,Clint Eastwood,1995,135,12,2026-03-20 10:30,6.50
1569,To Have and Have Not,Adventure,Howard Hawks,1944,100,6,2026-03-19 17:00,7.50
1570,Sen to Chihiro no kamikakushi,Animation,Hayao Miyazaki,2001,125,0,2026-03-19 14:00,7.00
1571,Stalker,Drama,Andrei Tarkovsky,1979,162,0,2026-03-19 10:30,8.50
1572,The Day the Earth Stood Still,Drama,Robert Wise,1951,92,0,2026-03-18 17:00,8.50
1573,Star Wars: Episode VI - Return of the Jedi,Action,Richard Marquand,1983,131,0,2026-03-18 14:00,7.00
1574,Stalker,Drama,Andrei Tarkovsky,1979,162,0,2026-03-18 10:30,7.00
1575,Road to Perdition,Crime,Sam Mendes,2002,117,12,2026-03-17 10:00,8.50
1576,The Kid,Comedy,Charles Chaplin,1921,68,12,2026-03-16 10:00,6.50
1577,Stalker,Drama,Andrei Tarkovsky,1979,162,0,2026-03-15 16:00,8.00
1578,Ivanovo detstvo,Drama,Andrei Tarkovsky,1962,95,12,2026-03-15 13:30,7.00
1579,Tôkyô monogatari,Drama,Yasujirô Ozu,1953,136,0,2026-03-15 10:00,8.00
1580,Do the Right Thing,Comedy,Spike Lee,1989,120,16,2026-03-14 19:30,10.00
1581,Wait Until Dark,Thriller,Terence Young,1967,108,12,2026-03-14 17:00,8.00
1582,The Lord of the Rings: The Return of the King,Action,Peter Jackson,2003,201,0,2026-03-14 13:00,8.50
1583,Badlands,Action,Terrence Malick,1973,94,6,2026-03-14 10:30,6.50
1584,The General,Action,Clyde Bruckman,1926,67,12,2026-03-13 10:30,6.50
1585,La leggenda del pianista sull'oceano,Drama,Giuseppe Tornatore,1998,169,0,2026-03-12 10:30,6.50
1586,Manhattan,Comedy,Woody Allen,1979,96,16,2026-03-11 13:00,7.50
1587,Citizen Kane,Drama,Orson Welles,1941,119,12,2026-03-11 10:00,8.00
1588,Mononoke-hime,Animation,Hayao Miyazaki,1997,134,0,2026-03-10 14:30,7.50
1589,The Kid,Comedy,Charles Chaplin,1921,68,12,2026-03-10 12:30,8.00
1590,Citizen Kane,Drama,Orson Welles,1941,119,12,2026-03-10 10:00,6.50
1591,Sholay,Action,Ramesh Sippy,1975,204,0,2026-03-09 10:30,6.50
1592,"Monsters, Inc.",Animation,Pete Docter,2001,92,0,2026-03-08 17:00,6.50
1593,Star Wars: Episode VI - Return of the Jedi,Action,Richard Marquand,1983,131,0,2026-03-08 14:00,8.50
1594,The Lord of the Rings: The Return of the King,Action,Peter Jackson,2003,201,0,2026-03-08 10:00,8.50
1595,Road to Perdition,Crime,Sam Mendes,2002,117,12,2026-03-07 14:30,6.50
1596,Badlands,Action,Terrence Malick,1973,94,6,2026-03-07 12:00,8.00
1597,The Kid,Comedy,Charles Chaplin,1921,68,12,2026-03-07 10:00,8.50
1598,Nuovo Cinema Paradiso,Drama,Giuseppe Tornatore,1988,155,0,2026-03-06 15:00,7.50
1599,Do the Right Thing,Comedy,Spike Lee,1989,120,16,2026-03-06 12:00,6.50
1600,La planète sauvage,Animation,René Laloux,1973,72,0,2026-03-06 10:00,8.00
1601,Citizen Kane,Drama,Orson Welles,1941,119,12,2026-03-05 18:00,9.00
1602,Sholay,Action,Ramesh Sippy,1975,204,0,2026-03-05 14:00,7.00
1603,Nuovo Cinema Paradiso,Drama,Giuseppe Tornatore,1988,155,0,2026-03-05 10:30,7.00
1604,Au revoir les enfants,Drama,Louis Malle,1987,104,0,2026-03-04 13:30,7.50
1605,Fitzcarraldo,Adventure,Werner Herzog,1982,158,16,2026-03-04 10:00,6.50
1606,Fitzcarraldo,Adventure,Werner Herzog,1982,158,16,2026-03-03 12:30,8.00
1607,Back to the Future Part II,Adventure,Robert Zemeckis,1989,108,0,2026-03-03 10:00,7.00
1608,Nuovo Cinema Paradiso,Drama,Giuseppe Tornatore,1988,155,0,2026-03-02 10:30,8.00
1609,Nosferatu,Fantasy,F.W. Murnau,1922,94,12,2026-03-01 16:30,7.00
1610,Sholay,Action,Ramesh Sippy,1975,204,0,2026-03-01 12:30,8.00
1611,Au revoir les enfants,Drama,Louis Malle,1987,104,0,2026-03-01 10:00,7.00
1612,Badlands,Action,Terrence Malick,1973,94,6,2026-02-28 19:00,9.50
1613,Edward Scissorhands,Drama,Tim Burton,1990,105,0,2026-02-28 16:30,6.50
1614,The Blues Brothers,Action,John Landis,1980,133,0,2026-02-28 13:30,7.00
1615,Road to Perdition,Crime,Sam Mendes,2002,117,12,2026-02-28 10:30,6.50
1616,The Blues Brothers,Action,John Landis,1980,133,0,2026-02-27 10:30,7.50
1617,Sholay,Action,Ramesh Sippy,1975,204,0,2026-02-26 12:30,8.00
1618,The General,Action,Clyde Bruckman,1926,67,12,2026-02-26 10:30,6.50
1619,Stalker,Drama,Andrei Tarkovsky,1979,162,0,2026-02-25 10:30,7.50
1620,Do the Right Thing,Comedy,Spike Lee,1989,120,16,2026-02-24 13:30,7.50
1621,Stalker,Drama,Andrei Tarkovsky,1979,162,0,2026-02-24 10:00,8.00
1622,Viskningar och rop,Drama,Ingmar Bergman,1972,91,12,2026-02-23 12:30,6.50
1623,Viskningar och rop,Drama,Ingmar Bergman,1972,91,12,2026-02-23 10:00,8.00
1624,Forrest Gump,Drama,Robert Zemeckis,1994,142,12,2026-02-22 17:30,7.00
1625,The 39 Steps,Crime,Alfred Hitchcock,1935,86,12,2026-02-22 15:30,8.50
1626,Au revoir les enfants,Drama,Louis Malle,1987,104,0,2026-02-22 13:00,7.00
1627,Minority Report,Action,Steven Spielberg,2002,145,12,2026-02-22 10:00,8.50
1628,Badlands,Action,Terrence Malick,1973,94,6,2026-02-21 14:00,7.50
1629,High Noon,Drama,Fred Zinnemann,1952,85,6,2026-02-21 11:30,7.00
1630,Sherlock Jr.,Action,Buster Keaton,1924,45,12,2026-02-21 10:00,6.50
1631,La planète sauvage,Animation,René Laloux,1973,72,0,2026-02-20 16:00,7.50
1632,Gongdong gyeongbi guyeok JSA,Action,Chan-wook Park,2000,110,12,2026-02-20 13:30,6.50
1633,Stalker,Drama,Andrei Tarkovsky,1979,162,0,2026-02-20 10:00,6.50
1634,The Last Picture Show,Drama,Peter Bogdanovich,1971,118,16,2026-02-19 10:30,7.00
1635,Sherlock Jr.,Action,Buster Keaton,1924,45,12,2026-02-18 15:00,8.00
1636,Dirty Harry,Action,Don Siegel,1971,102,12,2026-02-18 12:30,7.00
1637,Au revoir les enfants,Drama,Louis Malle,1987,104,0,2026-02-18 10:00,8.00
1638,Stalker,Drama,Andrei Tarkovsky,1979,162,0,2026-02-17 10:30,7.00
1639,Barton Fink,Comedy,Joel Coen,1991,116,0,2026-02-16 10:00,8.50
1640,The Blues Brothers,Action,John Landis,1980,133,0,2026-02-15 15:30,7.50
1641,Withnail & I,Comedy,Bruce Robinson,1987,107,16,2026-02-15 13:00,7.00
1642,No Man's Land,Comedy,Danis Tanovic,2001,98,16,2026-02-15 10:30,8.00
1643,Citizen Kane,Drama,Orson Welles,1941,119,12,2026-02-14 14:30,7.50
1644,Sherlock Jr.,Action,Buster Keaton,1924,45,12,2026-02-14 13:00,8.00
1645,Viskningar och rop,Drama,Ingmar Bergman,1972,91,12,2026-02-14 10:30,8.50
1646,The Color Purple,Drama,Steven Spielberg,1985,154,0,2026-02-13 14:00,7.50
1647,Barry Lyndon,Adventure,Stanley Kubrick,1975,185,6,2026-02-13 10:00,7.00
1648,Back to the Future Part II,Adventure,Robert Zemeckis,1989,108,0,2026-02-12 10:00,6.50
1649,The Usual Suspects,Crime,Bryan Singer,1995,106,12,2026-02-11 13:30,8.00
1650,Barton Fink,Comedy,Joel Coen,1991,116,0,2026-02-11 10:30,7.50
1651,No Man's Land,Comedy,Danis Tanovic,2001,98,16,2026-02-10 16:30,8.00
1652,Nuovo Cinema Paradiso,Drama,Giuseppe Tornatore,1988,155,0,2026-02-10 13:00,8.00
1653,Children of Men,Adventure,Alfonso Cuarón,2006,109,12,2026-02-10 10:30,6.50
1654,Viskningar och rop,Drama,Ingmar Bergman,1972,91,12,2026-02-09 12:30,8.00
1655,Gongdong gyeongbi guyeok JSA,Action,Chan-wook Park,2000,110,12,2026-02-09 10:00,8.50
1656,Mississippi Burning,Crime,Alan Parker,1988,128,12,2026-02-08 18:30,9.00
1657,Amadeus,Biography,Milos Forman,1984,160,16,2026-02-08 15:00,7.00
1658,Billy Elliot,Drama,Stephen Daldry,2000,110,16,2026-02-08 12:30,8.50
1659,Edward Scissorhands,Drama,Tim Burton,1990,105,0,2026-02-08 10:00,7.50
1660,Blade Runner,Action,Ridley Scott,1982,117,12,2026-02-07 15:00,7.00
1661,The Usual Suspects,Crime,Bryan Singer,1995,106,12,2026-02-07 12:30,8.50
1662,Zerkalo,Biography,Andrei Tarkovsky,1975,107,0,2026-02-07 10:00,6.50
1663,Minority Report,Action,Steven Spielberg,2002,145,12,2026-02-06 13:00,7.00
1664,Les yeux sans visage,Drama,Georges Franju,1960,90,12,2026-02-06 10:30,8.50
1665,Billy Elliot,Drama,Stephen Daldry,2000,110,16,2026-02-05 10:00,6.50
1666,Dirty Harry,Action,Don Siegel,1971,102,12,2026-02-04 10:30,8.00
1667,Gongdong gyeongbi guyeok JSA,Action,Chan-wook Park,2000,110,12,2026-02-03 15:30,6.50
1668,The Remains of the Day,Drama,James Ivory,1993,134,0,2026-02-03 12:30,7.50
1669,Withnail & I,Comedy,Bruce Robinson,1987,107,16,2026-02-03 10:00,7.50
1670,Les yeux sans visage,Drama,Georges Franju,1960,90,12,2026-02-02 15:30,8.00
1671,Children of Men,Adventure,Alfonso Cuarón,2006,109,12,2026-02-02 13:00,6.50
1672,The 39 Steps,Crime,Alfred Hitchcock,1935,86,12,2026-02-02 10:30,6.50
1673,Blade Runner,Action,Ridley Scott,1982,117,12,2026-02-01 16:00,8.00
1674,Les yeux sans visage,Drama,Georges Franju,1960,90,12,2026-02-01 13:30,7.50
1675,Forrest Gump,Drama,Robert Zemeckis,1994,142,12,2026-02-01 10:00,8.50
1676,Brokeback Mountain,Drama,Ang Lee,2005,134,12,2026-01-31 15:00,8.00
1677,No Man's Land,Comedy,Danis Tanovic,2001,98,16,2026-01-31 12:30,8.50
1678,Wait Until Dark,Thriller,Terence Young,1967,108,12,2026-01-31 10:00,7.50
1679,Midnight Express,Biography,Alan Parker,1978,121,12,2026-01-30 10:30,7.50
1680,Withnail & I,Comedy,Bruce Robinson,1987,107,16,2026-01-29 15:00,7.00
1681,Viskningar och rop,Drama,Ingmar Bergman,1972,91,12,2026-01-29 12:30,7.50
1682,Dirty Harry,Action,Don Siegel,1971,102,12,2026-01-29 10:00,7.00
1683,The Usual Suspects,Crime,Bryan Singer,1995,106,12,2026-01-28 13:00,8.00
1684,Au revoir les enfants,Drama,Louis Malle,1987,104,0,2026-01-28 10:30,8.50
1685,Blade Runner,Action,Ridley Scott,1982,117,12,2026-01-27 13:00,8.50
1686,Au revoir les enfants,Drama,Louis Malle,1987,104,0,2026-01-27 10:30,7.50
1687,To Have and Have Not,Adventure,Howard Hawks,1944,100,6,2026-01-26 15:30,6.50
1688,Wait Until Dark,Thriller,Terence Young,1967,108,12,2026-01-26 12:30,7.50
1689,No Man's Land,Comedy,Danis Tanovic,2001,98,16,2026-01-26 10:00,7.50
1690,The 39 Steps,Crime,Alfred Hitchcock,1935,86,12,2026-01-25 16:30,7.50
1691,Forrest Gump,Drama,Robert Zemeckis,1994,142,12,2026-01-25 13:00,7.00
1692,Fargo,Crime,Joel Coen,1996,98,12,2026-01-25 10:30,8.00
1693,Ray,Biography,Taylor Hackford,2004,152,12,2026-01-24 17:00,7.00
1694,Taegukgi hwinalrimyeo,Action,Je-kyu Kang,2004,140,16,2026-01-24 13:30,7.50
1695,Gongdong gyeongbi guyeok JSA,Action,Chan-wook Park,2000,110,12,2026-01-24 10:30,8.00
1696,Predator,Action,John McTiernan,1987,107,12,2026-01-23 10:30,8.50
1697,Barry Lyndon,Adventure,Stanley Kubrick,1975,185,6,2026-01-22 10:30,6.50
1698,Fargo,Crime,Joel Coen,1996,98,12,2026-01-21 10:00,8.00
1699,Dirty Harry,Action,Don Siegel,1971,102,12,2026-01-20 13:30,8.00
1700,Mississippi Burning,Crime,Alan Parker,1988,128,12,2026-01-20 10:30,6.50
1701,The Third Man,Film-Noir,Carol Reed,1949,104,12,2026-01-19 16:00,7.50
1702,Forrest Gump,Drama,Robert Zemeckis,1994,142,12,2026-01-19 13:00,7.50
1703,Withnail & I,Comedy,Bruce Robinson,1987,107,16,2026-01-19 10:30,7.00
1704,The Remains of the Day,Drama,James Ivory,1993,134,0,2026-01-18 19:30,9.00
1705,Amadeus,Biography,Milos Forman,1984,160,16,2026-01-18 16:00,8.00
1706,High Noon,Drama,Fred Zinnemann,1952,85,6,2026-01-18 13:30,6.50
1707,The Remains of the Day,Drama,James Ivory,1993,134,0,2026-01-18 10:30,8.50
1708,Taegukgi hwinalrimyeo,Action,Je-kyu Kang,2004,140,16,2026-01-17 20:00,10.00
1709,To Kill a Mockingbird,Crime,Robert Mulligan,1962,129,0,2026-01-17 17:00,8.00
1710,The Last Samurai,Action,Edward Zwick,2003,154,12,2026-01-17 13:30,8.50
1711,Forrest Gump,Drama,Robert Zemeckis,1994,142,12,2026-01-17 10:30,8.50
1712,Withnail & I,Comedy,Bruce Robinson,1987,107,16,2026-01-16 13:00,8.00
1713,Zerkalo,Biography,Andrei Tarkovsky,1975,107,0,2026-01-16 10:30,7.00
1714,Office Space,Comedy,Mike Judge,1999,89,16,2026-01-15 16:00,8.50
1715,No Man's Land,Comedy,Danis Tanovic,2001,98,16,2026-01-15 13:30,7.50
1716,Ray,Biography,Taylor Hackford,2004,152,12,2026-01-15 10:00,8.00
1717,Midnight Express,Biography,Alan Parker,1978,121,12,2026-01-14 10:30,8.50
1718,Dirty Harry,Action,Don Siegel,1971,102,12,2026-01-13 10:30,6.50
1719,When Harry Met Sally...,Comedy,Rob Reiner,1989,95,12,2026-01-12 12:30,8.50
1720,Predator,Action,John McTiernan,1987,107,12,2026-01-12 10:00,8.50
1721,Taegukgi hwinalrimyeo,Action,Je-kyu Kang,2004,140,16,2026-01-11 18:30,9.00
1722,Fargo,Crime,Joel Coen,1996,98,12,2026-01-11 16:00,8.50
1723,Dirty Harry,Action,Don Siegel,1971,102,12,2026-01-11 13:30,8.00
1724,Ray,Biography,Taylor Hackford,2004,152,12,2026-01-11 10:00,8.50
1725,Dirty Harry,Action,Don Siegel,1971,102,12,2026-01-10 18:30,9.50
1726,High Noon,Drama,Fred Zinnemann,1952,85,6,2026-01-10 16:00,7.50
1727,Papillon,Biography,Franklin J. Schaffner,1973,151,16,2026-01-10 12:30,7.50
1728,Office Space,Comedy,Mike Judge,1999,89,16,2026-01-10 10:00,7.50
1729,Kôkaku Kidôtai,Animation,Mamoru Oshii,1995,83,12,2026-01-09 10:00,7.00
1730,Harvey,Comedy,Henry Koster,1950,104,12,2026-01-08 16:00,8.50
1731,Double Indemnity,Crime,Billy Wilder,1944,107,12,2026-01-08 13:30,7.50
1732,Taegukgi hwinalrimyeo,Action,Je-kyu Kang,2004,140,16,2026-01-08 10:00,7.50
1733,Taegukgi hwinalrimyeo,Action,Je-kyu Kang,2004,140,16,2026-01-07 10:00,7.50
1734,Hannah and Her Sisters,Comedy,Woody Allen,1986,107,12,2026-01-06 13:30,6.50
1735,Hannah and Her Sisters,Comedy,Woody Allen,1986,107,12,2026-01-06 10:30,6.50
1736,The Last Samurai,Action,Edward Zwick,2003,154,12,2026-01-05 16:30,6.50
1737,Papillon,Biography,Franklin J. Schaffner,1973,151,16,2026-01-05 13:00,7.00
1738,Office Space,Comedy,Mike Judge,1999,89,16,2026-01-05 10:30,7.00
1739,Fargo,Crime,Joel Coen,1996,98,12,2026-01-04 19:00,9.00
1740,The Remains of the Day,Drama,James Ivory,1993,134,0,2026-01-04 16:00,8.00
1741,L.A. Confidential,Crime,Curtis Hanson,1997,138,12,2026-01-04 13:00,7.50
1742,Chung Hing sam lam,Comedy,Kar-Wai Wong,1994,102,0,2026-01-04 10:30,8.50
1743,Mississippi Burning,Crime,Alan Parker,1988,128,12,2026-01-03 19:00,10.00
1744,Predator,Action,John McTiernan,1987,107,12,2026-01-03 16:30,7.50
1745,The Last Samurai,Action,Edward Zwick,2003,154,12,2026-01-03 13:00,7.50
1746,Fargo,Crime,Joel Coen,1996,98,12,2026-01-03 10:30,7.00
1747,The Third Man,Film-Noir,Carol Reed,1949,104,12,2026-01-02 10:00,6.50
1748,Love and Death,Comedy,Woody Allen,1975,85,6,2026-01-01 17:00,8.00
1749,Midnight Express,Biography,Alan Parker,1978,121,12,2026-01-01 14:00,8.50
1750,The Departed,Crime,Martin Scorsese,2006,151,12,2026-01-01 10:30,8.00
1751,The Wild Bunch,Action,Sam Peckinpah,1969,145,12,2025-12-31 10:30,6.50
1752,Office Space,Comedy,Mike Judge,1999,89,16,2025-12-30 10:00,7.50
1753,Papillon,Biography,Franklin J. Schaffner,1973,151,16,2025-12-29 12:30,8.00
1754,Chung Hing sam lam,Comedy,Kar-Wai Wong,1994,102,0,2025-12-29 10:00,7.50
1755,La planète sauvage,Animation,René Laloux,1973,72,0,2025-12-28 16:30,8.50
1756,Yôjinbô,Action,Akira Kurosawa,1961,110,12,2025-12-28 14:00,8.00
1757,The Great Escape,Adventure,John Sturges,1963,172,0,2025-12-28 10:30,8.50
1758,American Psycho,Comedy,Mary Harron,2000,101,12,2025-12-27 15:30,7.00
1759,When Harry Met Sally...,Comedy,Rob Reiner,1989,95,12,2025-12-27 13:00,8.50
1760,High Noon,Drama,Fred Zinnemann,1952,85,6,2025-12-27 10:30,8.00
1761,My Left Foot: The Story of Christy Brown,Biography,Jim Sheridan,1989,103,0,2025-12-26 10:30,8.50
1762,L.A. Confidential,Crime,Curtis Hanson,1997,138,12,2025-12-25 16:00,7.00
1763,Minority Report,Action,Steven Spielberg,2002,145,12,2025-12-25 13:00,8.50
1764,Predator,Action,John McTiernan,1987,107,12,2025-12-25 10:30,6.50
1765,American Psycho,Comedy,Mary Harron,2000,101,12,2025-12-24 12:30,7.50
1766,When Harry Met Sally...,Comedy,Rob Reiner,1989,95,12,2025-12-24 10:00,7.00
1767,Office Space,Comedy,Mike Judge,1999,89,16,2025-12-23 16:30,6.50
1768,The Fugitive,Action,Andrew Davis,1993,130,0,2025-12-23 13:30,7.00
1769,Papillon,Biography,Franklin J. Schaffner,1973,151,16,2025-12-23 10:00,7.00
1770,The Wild Bunch,Action,Sam Peckinpah,1969,145,12,2025-12-22 16:00,8.00
1771,When Harry Met Sally...,Comedy,Rob Reiner,1989,95,12,2025-12-22 13:30,6.50
1772,Midnight Express,Biography,Alan Parker,1978,121,12,2025-12-22 10:30,7.50
1773,Yôjinbô,Action,Akira Kurosawa,1961,110,12,2025-12-21 15:00,8.50
1774,Pink Floyd: The Wall,Drama,Alan Parker,1982,95,12,2025-12-21 12:30,8.00
1775,Trois couleurs: Bleu,Drama,Krzysztof Kieslowski,1993,94,0,2025-12-21 10:00,8.50
1776,Midnight Express,Biography,Alan Parker,1978,121,12,2025-12-20 15:30,7.50
1777,All That Jazz,Drama,Bob Fosse,1979,123,12,2025-12-20 12:30,7.50
1778,Kumonosu-jô,Drama,Akira Kurosawa,1957,110,12,2025-12-20 10:00,7.50
1779,Predator,Action,John McTiernan,1987,107,12,2025-12-19 15:30,8.50
1780,Love and Death,Comedy,Woody Allen,1975,85,6,2025-12-19 13:00,8.00
1781,Fa yeung nin wah,Drama,Kar-Wai Wong,2000,98,0,2025-12-19 10:30,8.00
1782,La montaña sagrada,Adventure,Alejandro Jodorowsky,1973,114,16,2025-12-18 15:30,8.00
1783,All That Jazz,Drama,Bob Fosse,1979,123,12,2025-12-18 12:30,8.00
1784,Bom Yeoareum Gaeul Gyeoul Geurigo Bom,Drama,Ki-duk Kim,2003,103,16,2025-12-18 10:00,8.00
1785,Yôjinbô,Action,Akira Kurosawa,1961,110,12,2025-12-17 16:30,8.50
1786,All That Jazz,Drama,Bob Fosse,1979,123,12,2025-12-17 13:30,8.00
1787,Predator,Action,John McTiernan,1987,107,12,2025-12-17 10:30,8.50
1788,High Noon,Drama,Fred Zinnemann,1952,85,6,2025-12-16 13:00,7.00
1789,28 Days Later...,Drama,Danny Boyle,2002,113,12,2025-12-16 10:30,8.00
1790,Papillon,Biography,Franklin J. Schaffner,1973,151,16,2025-12-15 13:00,8.50
1791,The Fugitive,Action,Andrew Davis,1993,130,0,2025-12-15 10:00,6.50
1792,Kumonosu-jô,Drama,Akira Kurosawa,1957,110,12,2025-12-14 15:30,7.00
1793,Rupan sansei: Kariosutoro no shiro,Animation,Hayao Miyazaki,1979,100,0,2025-12-14 13:00,8.00
1794,Dip huet seung hung,Action,John Woo,1989,111,16,2025-12-14 10:30,6.50
1795,Bom Yeoareum Gaeul Gyeoul Geurigo Bom,Drama,Ki-duk Kim,2003,103,16,2025-12-13 16:30,7.50
1796,Fa yeung nin wah,Drama,Kar-Wai Wong,2000,98,0,2025-12-13 14:00,6.50
1797,The Great Escape,Adventure,John Sturges,1963,172,0,2025-12-13 10:00,8.00
1798,La battaglia di Algeri,Drama,Gillo Pontecorvo,1966,121,12,2025-12-12 10:00,8.00
1799,Scarface,Crime,Brian De Palma,1983,170,12,2025-12-11 10:30,8.00
1800,The Wild Bunch,Action,Sam Peckinpah,1969,145,12,2025-12-10 12:30,7.50
1801,Trois couleurs: Bleu,Drama,Krzysztof Kieslowski,1993,94,0,2025-12-10 10:00,7.50
1802,Once Were Warriors,Crime,Lee Tamahori,1994,102,12,2025-12-09 10:30,7.50
1803,The Great Escape,Adventure,John Sturges,1963,172,0,2025-12-08 16:00,7.50
1804,La montaña sagrada,Adventure,Alejandro Jodorowsky,1973,114,16,2025-12-08 13:30,7.50
1805,The Great Escape,Adventure,John Sturges,1963,172,0,2025-12-08 10:00,6.50
1806,Once Were Warriors,Crime,Lee Tamahori,1994,102,12,2025-12-07 15:30,7.00
1807,Trois couleurs: Bleu,Drama,Krzysztof Kieslowski,1993,94,0,2025-12-07 13:00,8.50
1808,La montaña sagrada,Adventure,Alejandro Jodorowsky,1973,114,16,2025-12-07 10:00,8.00
1809,Dilwale Dulhania Le Jayenge,Drama,Aditya Chopra,1995,189,0,2025-12-06 15:30,6.50
1810,Bom Yeoareum Gaeul Gyeoul Geurigo Bom,Drama,Ki-duk Kim,2003,103,16,2025-12-06 13:00,6.50
1811,Once Were Warriors,Crime,Lee Tamahori,1994,102,12,2025-12-06 10:30,8.00
1812,Dilwale Dulhania Le Jayenge,Drama,Aditya Chopra,1995,189,0,2025-12-05 18:00,9.50
1813,Kumonosu-jô,Drama,Akira Kurosawa,1957,110,12,2025-12-05 15:30,7.50
1814,Gone with the Wind,Drama,Victor Fleming,1939,238,0,2025-12-05 10:30,7.00
1815,Minority Report,Action,Steven Spielberg,2002,145,12,2025-12-04 18:00,9.50
1816,Gone with the Wind,Drama,Victor Fleming,1939,238,0,2025-12-04 13:00,6.50
1817,Once Were Warriors,Crime,Lee Tamahori,1994,102,12,2025-12-04 10:30,8.00
1818,Minority Report,Action,Steven Spielberg,2002,145,12,2025-12-03 15:30,6.50
1819,The Fugitive,Action,Andrew Davis,1993,130,0,2025-12-03 12:30,7.50
1820,My Left Foot: The Story of Christy Brown,Biography,Jim Sheridan,1989,103,0,2025-12-03 10:00,7.00
1821,Dilwale Dulhania Le Jayenge,Drama,Aditya Chopra,1995,189,0,2025-12-02 16:00,6.50
1822,Papillon,Biography,Franklin J. Schaffner,1973,151,16,2025-12-02 12:30,8.00
1823,When Harry Met Sally...,Comedy,Rob Reiner,1989,95,12,2025-12-02 10:00,6.50
1824,The Wild Bunch,Action,Sam Peckinpah,1969,145,12,2025-12-01 10:00,7.50
1825,"Lock, Stock and Two Smoking Barrels",Action,Guy Ritchie,1998,107,12,2025-11-30 21:00,10.00
1826,Malcolm X,Biography,Spike Lee,1992,202,0,2025-11-30 16:30,6.50
1827,La battaglia di Algeri,Drama,Gillo Pontecorvo,1966,121,12,2025-11-30 13:30,7.50
1828,Stalker,Drama,Andrei Tarkovsky,1979,162,0,2025-11-30 10:00,8.50
1829,La planète sauvage,Animation,René Laloux,1973,72,0,2025-11-29 19:00,10.00
1830,Scarface,Crime,Brian De Palma,1983,170,12,2025-11-29 15:30,8.00
1831,Bom Yeoareum Gaeul Gyeoul Geurigo Bom,Drama,Ki-duk Kim,2003,103,16,2025-11-29 13:00,7.50
1832,"Lock, Stock and Two Smoking Barrels",Action,Guy Ritchie,1998,107,12,2025-11-29 10:00,7.50
1833,East of Eden,Drama,Elia Kazan,1955,118,0,2025-11-28 10:00,8.50
1834,My Left Foot: The Story of Christy Brown,Biography,Jim Sheridan,1989,103,0,2025-11-27 17:00,8.50
1835,American Psycho,Comedy,Mary Harron,2000,101,12,2025-11-27 14:30,7.00
1836,Malcolm X,Biography,Spike Lee,1992,202,0,2025-11-27 10:30,8.50
1837,Rupan sansei: Kariosutoro no shiro,Animation,Hayao Miyazaki,1979,100,0,2025-11-26 16:00,8.50
1838,Stalker,Drama,Andrei Tarkovsky,1979,162,0,2025-11-26 12:30,8.50
1839,La planète sauvage,Animation,René Laloux,1973,72,0,2025-11-26 10:30,7.50
1840,28 Days Later...,Drama,Danny Boyle,2002,113,12,2025-11-25 10:00,8.00
1841,East of Eden,Drama,Elia Kazan,1955,118,0,2025-11-24 14:00,8.00
1842,Minority Report,Action,Steven Spielberg,2002,145,12,2025-11-24 10:30,7.00
1843,The Machinist,Drama,Brad Anderson,2004,101,16,2025-11-23 18:00,8.50
1844,"Lock, Stock and Two Smoking Barrels",Action,Guy Ritchie,1998,107,12,2025-11-23 15:00,8.00
1845,Trois couleurs: Bleu,Drama,Krzysztof Kieslowski,1993,94,0,2025-11-23 12:30,8.50
1846,Trois couleurs: Bleu,Drama,Krzysztof Kieslowski,1993,94,0,2025-11-23 10:00,6.50
1847,Das Boot,Adventure,Wolfgang Petersen,1981,149,16,2025-11-22 18:30,8.50
1848,The Sandlot,Comedy,David Mickey Evans,1993,101,0,2025-11-22 16:00,8.00
1849,Sleuth,Mystery,Joseph L. Mankiewicz,1972,138,6,2025-11-22 13:00,6.50
1850,American Psycho,Comedy,Mary Harron,2000,101,12,2025-11-22 10:30,6.50
1851,Minority Report,Action,Steven Spielberg,2002,145,12,2025-11-21 10:00,7.00
1852,Minority Report,Action,Steven Spielberg,2002,145,12,2025-11-20 12:00,6.50
1853,La planète sauvage,Animation,René Laloux,1973,72,0,2025-11-20 10:00,8.00
1854,When Harry Met Sally...,Comedy,Rob Reiner,1989,95,12,2025-11-19 12:30,7.50
1855,28 Days Later...,Drama,Danny Boyle,2002,113,12,2025-11-19 10:00,8.50
1856,Stalker,Drama,Andrei Tarkovsky,1979,162,0,2025-11-18 13:30,8.50
1857,Das Boot,Adventure,Wolfgang Petersen,1981,149,16,2025-11-18 10:30,7.50
1858,Das Boot,Adventure,Wolfgang Petersen,1981,149,16,2025-11-17 16:00,8.00
1859,Ray,Biography,Taylor Hackford,2004,152,12,2025-11-17 12:30,8.00
1860,Enter the Dragon,Action,Robert Clouse,1973,102,12,2025-11-17 10:00,8.50
1861,Rosemary's Baby,Drama,Roman Polanski,1968,137,12,2025-11-16 17:00,7.50
1862,Stalker,Drama,Andrei Tarkovsky,1979,162,0,2025-11-16 13:30,7.50
1863,Minority Report,Action,Steven Spielberg,2002,145,12,2025-11-16 10:00,6.50
1864,American Psycho,Comedy,Mary Harron,2000,101,12,2025-11-15 20:30,9.00
1865,Harry Potter and the Goblet of Fire,Adventure,Mike Newell,2005,157,12,2025-11-15 17:00,7.50
1866,Stalker,Drama,Andrei Tarkovsky,1979,162,0,2025-11-15 13:30,8.00
1867,Crash,Crime,Paul Haggis,2004,112,12,2025-11-15 10:30,7.50
1868,American Psycho,Comedy,Mary Harron,2000,101,12,2025-11-14 15:00,7.00
1869,American Psycho,Comedy,Mary Harron,2000,101,12,2025-11-14 12:30,6.50
1870,The Machinist,Drama,Brad Anderson,2004,101,16,2025-11-14 10:00,6.50
1871,The Machinist,Drama,Brad Anderson,2004,101,16,2025-11-13 10:30,8.00
1872,King Kong,Adventure,Merian C. Cooper,1933,100,12,2025-11-12 10:00,8.50
1873,Malcolm X,Biography,Spike Lee,1992,202,0,2025-11-11 13:30,8.00
1874,Stalker,Drama,Andrei Tarkovsky,1979,162,0,2025-11-11 10:00,7.00
1875,Minority Report,Action,Steven Spielberg,2002,145,12,2025-11-10 15:00,7.00
1876,Crash,Crime,Paul Haggis,2004,112,12,2025-11-10 12:30,7.50
1877,King Kong,Adventure,Merian C. Cooper,1933,100,12,2025-11-10 10:00,7.50
1878,Ray,Biography,Taylor Hackford,2004,152,12,2025-11-09 20:00,9.50
1879,Titanic,Drama,James Cameron,1997,194,12,2025-11-09 16:00,7.00
1880,28 Days Later...,Drama,Danny Boyle,2002,113,12,2025-11-09 13:00,8.50
1881,28 Days Later...,Drama,Danny Boyle,2002,113,12,2025-11-09 10:00,8.00
1882,Tengoku to jigoku,Crime,Akira Kurosawa,1963,143,12,2025-11-08 15:30,8.00
1883,When Harry Met Sally...,Comedy,Rob Reiner,1989,95,12,2025-11-08 13:00,8.00
1884,Indiana Jones and the Last Crusade,Action,Steven Spielberg,1989,127,0,2025-11-08 10:00,8.50
1885,A Streetcar Named Desire,Drama,Elia Kazan,1951,122,12,2025-11-07 10:30,8.00
1886,Harry Potter and the Goblet of Fire,Adventure,Mike Newell,2005,157,12,2025-11-06 13:00,8.50
1887,Sleuth,Mystery,Joseph L. Mankiewicz,1972,138,6,2025-11-06 10:00,7.50
1888,When Harry Met Sally...,Comedy,Rob Reiner,1989,95,12,2025-11-05 10:30,7.00
1889,Das Boot,Adventure,Wolfgang Petersen,1981,149,16,2025-11-04 13:00,7.00
1890,The Machinist,Drama,Brad Anderson,2004,101,16,2025-11-04 10:30,6.50
1891,Indiana Jones and the Last Crusade,Action,Steven Spielberg,1989,127,0,2025-11-03 13:30,8.50
1892,Per qualche dollaro in più,Western,Sergio Leone,1965,132,0,2025-11-03 10:30,8.00
1893,Harry Potter and the Goblet of Fire,Adventure,Mike Newell,2005,157,12,2025-11-02 19:30,8.50
1894,Ray,Biography,Taylor Hackford,2004,152,12,2025-11-02 16:00,6.50
1895,Indiana Jones and the Last Crusade,Action,Steven Spielberg,1989,127,0,2025-11-02 13:00,7.00
1896,King Kong,Adventure,Merian C. Cooper,1933,100,12,2025-11-02 10:30,6.50
1897,The Sound of Music,Biography,Robert Wise,1965,172,0,2025-11-01 19:30,8.50
1898,East of Eden,Drama,Elia Kazan,1955,118,0,2025-11-01 16:30,6.50
1899,Indiana Jones and the Last Crusade,Action,Steven Spielberg,1989,127,0,2025-11-01 13:30,7.50
1900,Tengoku to jigoku,Crime,Akira Kurosawa,1963,143,12,2025-11-01 10:00,7.00
1901,On Golden Pond,Drama,Mark Rydell,1981,109,12,2025-10-31 15:30,6.50
1902,The Goonies,Adventure,Richard Donner,1985,114,0,2025-10-31 13:00,8.00
1903,The Philadelphia Story,Comedy,George Cukor,1940,112,12,2025-10-31 10:00,8.50
1904,Enter the Dragon,Action,Robert Clouse,1973,102,12,2025-10-30 10:00,8.00
1905,Enter the Dragon,Action,Robert Clouse,1973,102,12,2025-10-29 14:00,7.50
1906,Tengoku to jigoku,Crime,Akira Kurosawa,1963,143,12,2025-10-29 10:30,8.00
1907,Rosemary's Baby,Drama,Roman Polanski,1968,137,12,2025-10-28 14:00,7.50
1908,Harry Potter and the Goblet of Fire,Adventure,Mike Newell,2005,157,12,2025-10-28 10:30,7.50
1909,The Sound of Music,Biography,Robert Wise,1965,172,0,2025-10-27 10:30,8.00
1910,Harry Potter and the Goblet of Fire,Adventure,Mike Newell,2005,157,12,2025-10-26 17:30,7.50
1911,Das Boot,Adventure,Wolfgang Petersen,1981,149,16,2025-10-26 14:00,6.50
1912,Harry Potter and the Goblet of Fire,Adventure,Mike Newell,2005,157,12,2025-10-26 10:30,8.00
1913,Vizontele,Comedy,Yilmaz Erdogan,2001,110,12,2025-10-25 17:00,6.50
1914,Ray,Biography,Taylor Hackford,2004,152,12,2025-10-25 13:30,6.50
1915,Kelly's Heroes,Adventure,Brian G. Hutton,1970,144,12,2025-10-25 10:00,8.50
1916,A Streetcar Named Desire,Drama,Elia Kazan,1951,122,12,2025-10-24 10:30,8.00
1917,Rushmore,Comedy,Wes Anderson,1998,93,12,2025-10-23 15:30,7.00
1918,On Golden Pond,Drama,Mark Rydell,1981,109,12,2025-10-23 13:00,7.00
1919,Tengoku to jigoku,Crime,Akira Kurosawa,1963,143,12,2025-10-23 10:00,8.50
1920,The Sound of Music,Biography,Robert Wise,1965,172,0,2025-10-22 10:00,6.50
1921,Ray,Biography,Taylor Hackford,2004,152,12,2025-10-21 15:30,8.50
1922,The Lady Vanishes,Mystery,Alfred Hitchcock,1938,96,12,2025-10-21 13:00,8.00
1923,On Golden Pond,Drama,Mark Rydell,1981,109,12,2025-10-21 10:30,7.50
1924,Manhattan,Comedy,Woody Allen,1979,96,16,2025-10-20 10:00,7.50
1925,Indiana Jones and the Last Crusade,Action,Steven Spielberg,1989,127,0,2025-10-19 18:30,10.00
1926,Kelly's Heroes,Adventure,Brian G. Hutton,1970,144,12,2025-10-19 15:30,8.50
1927,Midnight Express,Biography,Alan Parker,1978,121,12,2025-10-19 12:30,6.50
1928,Enter the Dragon,Action,Robert Clouse,1973,102,12,2025-10-19 10:00,6.50
1929,Harry Potter and the Goblet of Fire,Adventure,Mike Newell,2005,157,12,2025-10-18 16:00,7.00
1930,Zerkalo,Biography,Andrei Tarkovsky,1975,107,0,2025-10-18 13:30,6.50
1931,Kelly's Heroes,Adventure,Brian G. Hutton,1970,144,12,2025-10-18 10:30,6.50
1932,The Sound of Music,Biography,Robert Wise,1965,172,0,2025-10-17 10:00,8.50
1933,Harry Potter and the Goblet of Fire,Adventure,Mike Newell,2005,157,12,2025-10-16 16:30,7.50
1934,L'avventura,Drama,Michelangelo Antonioni,1960,144,0,2025-10-16 13:30,8.00
1935,A Streetcar Named Desire,Drama,Elia Kazan,1951,122,12,2025-10-16 10:30,7.50
1936,Ray,Biography,Taylor Hackford,2004,152,12,2025-10-15 16:00,7.00
1937,Vizontele,Comedy,Yilmaz Erdogan,2001,110,12,2025-10-15 13:00,6.50
1938,Rushmore,Comedy,Wes Anderson,1998,93,12,2025-10-15 10:30,8.50
1939,King Kong,Adventure,Merian C. Cooper,1933,100,12,2025-10-14 14:00,7.00
1940,Ray,Biography,Taylor Hackford,2004,152,12,2025-10-14 10:30,7.50
1941,Pirates of the Caribbean: The Curse of the Black Pearl,Action,Gore Verbinski,2003,143,12,2025-10-13 12:30,7.50
1942,Halloween,Horror,John Carpenter,1978,91,12,2025-10-13 10:00,8.50
1943,Kelly's Heroes,Adventure,Brian G. Hutton,1970,144,12,2025-10-12 18:30,9.50
1944,The Lady Vanishes,Mystery,Alfred Hitchcock,1938,96,12,2025-10-12 16:00,8.50
1945,The Goonies,Adventure,Richard Donner,1985,114,0,2025-10-12 13:30,8.00
1946,Pirates of the Caribbean: The Curse of the Black Pearl,Action,Gore Verbinski,2003,143,12,2025-10-12 10:00,8.00
1947,Rushmore,Comedy,Wes Anderson,1998,93,12,2025-10-11 19:00,8.50
1948,Rushmore,Comedy,Wes Anderson,1998,93,12,2025-10-11 16:30,8.00
1949,Enter the Dragon,Action,Robert Clouse,1973,102,12,2025-10-11 14:00,7.00
1950,Titanic,Drama,James Cameron,1997,194,12,2025-10-11 10:00,7.50
1951,The Sound of Music,Biography,Robert Wise,1965,172,0,2025-10-10 16:30,8.00
1952,Manhattan,Comedy,Woody Allen,1979,96,16,2025-10-10 14:00,8.50
1953,The Godfather: Part II,Crime,Francis Ford Coppola,1974,202,12,2025-10-10 10:00,6.50
1954,The Goonies,Adventure,Richard Donner,1985,114,0,2025-10-09 16:30,8.00
1955,The Godfather: Part II,Crime,Francis Ford Coppola,1974,202,12,2025-10-09 12:30,7.50
1956,Enter the Dragon,Action,Robert Clouse,1973,102,12,2025-10-09 10:00,8.00
1957,Halloween,Horror,John Carpenter,1978,91,12,2025-10-08 12:30,8.00
1958,Paper Moon,Comedy,Peter Bogdanovich,1973,102,0,2025-10-08 10:00,8.50
1959,Rushmore,Comedy,Wes Anderson,1998,93,12,2025-10-07 14:00,8.00
1960,The Sound of Music,Biography,Robert Wise,1965,172,0,2025-10-07 10:30,8.50
1961,Philadelphia,Drama,Jonathan Demme,1993,125,12,2025-10-06 12:30,6.50
1962,The Lady Vanishes,Mystery,Alfred Hitchcock,1938,96,12,2025-10-06 10:00,8.50
1963,The Sound of Music,Biography,Robert Wise,1965,172,0,2025-10-05 18:30,9.00
1964,Rushmore,Comedy,Wes Anderson,1998,93,12,2025-10-05 16:00,7.50
1965,Donnie Darko,Drama,Richard Kelly,2001,113,16,2025-10-05 13:00,8.00
1966,The Goonies,Adventure,Richard Donner,1985,114,0,2025-10-05 10:00,7.00
1967,Manhattan,Comedy,Woody Allen,1979,96,16,2025-10-04 19:00,9.50
1968,A Streetcar Named Desire,Drama,Elia Kazan,1951,122,12,2025-10-04 16:00,7.00
1969,Midnight Express,Biography,Alan Parker,1978,121,12,2025-10-04 13:00,7.50
1970,Kelly's Heroes,Adventure,Brian G. Hutton,1970,144,12,2025-10-04 10:00,8.00
1971,Manhattan,Comedy,Woody Allen,1979,96,16,2025-10-03 10:30,8.00
1972,Ying xiong,Action,Yimou Zhang,2002,120,12,2025-10-02 13:00,7.00
1973,Withnail & I,Comedy,Bruce Robinson,1987,107,16,2025-10-02 10:00,8.50
1974,Pirates of the Caribbean: The Curse of the Black Pearl,Action,Gore Verbinski,2003,143,12,2025-10-01 13:00,6.50
1975,Per qualche dollaro in più,Western,Sergio Leone,1965,132,0,2025-10-01 10:00,6.50
1976,Bronenosets Potemkin,Drama,Sergei M. Eisenstein,1925,75,12,2025-09-30 10:30,7.50
1977,Pirates of the Caribbean: The Curse of the Black Pearl,Action,Gore Verbinski,2003,143,12,2025-09-29 10:00,7.00
1978,Bronenosets Potemkin,Drama,Sergei M. Eisenstein,1925,75,12,2025-09-28 16:00,8.00
1979,Ying xiong,Action,Yimou Zhang,2002,120,12,2025-09-28 13:00,6.50
1980,The Conversation,Drama,Francis Ford Coppola,1974,113,0,2025-09-28 10:30,7.50
1981,Cidade de Deus,Crime,Fernando Meirelles,2002,130,12,2025-09-27 20:00,8.50
1982,Philadelphia,Drama,Jonathan Demme,1993,125,12,2025-09-27 17:00,7.00
1983,Kelly's Heroes,Adventure,Brian G. Hutton,1970,144,12,2025-09-27 14:00,8.00
1984,The Right Stuff,Adventure,Philip Kaufman,1983,193,6,2025-09-27 10:00,8.50
1985,Midnight Express,Biography,Alan Parker,1978,121,12,2025-09-26 10:00,8.50
1986,The Wizard of Oz,Adventure,Victor Fleming,1939,102,0,2025-09-25 16:00,6.50
1987,Ying xiong,Action,Yimou Zhang,2002,120,12,2025-09-25 13:00,7.50
1988,Withnail & I,Comedy,Bruce Robinson,1987,107,16,2025-09-25 10:30,8.00
1989,The Wizard of Oz,Adventure,Victor Fleming,1939,102,0,2025-09-24 13:00,8.00
1990,The Lady Vanishes,Mystery,Alfred Hitchcock,1938,96,12,2025-09-24 10:30,7.00
1991,Dà hóng denglong gaogao guà,Drama,Yimou Zhang,1991,125,6,2025-09-23 13:30,7.50
1992,The Conversation,Drama,Francis Ford Coppola,1974,113,0,2025-09-23 10:30,8.50
1993,Withnail & I,Comedy,Bruce Robinson,1987,107,16,2025-09-22 16:00,8.00
1994,La double vie de Véronique,Drama,Krzysztof Kieslowski,1991,98,16,2025-09-22 13:30,6.50
1995,Wo hu cang long,Action,Ang Lee,2000,120,12,2025-09-22 10:30,6.50
1996,The Right Stuff,Adventure,Philip Kaufman,1983,193,6,2025-09-21 19:30,10.00
1997,L'avventura,Drama,Michelangelo Antonioni,1960,144,0,2025-09-21 16:00,7.00
1998,Per un pugno di dollari,Action,Sergio Leone,1964,99,12,2025-09-21 13:30,7.00
1999,L'avventura,Drama,Michelangelo Antonioni,1960,144,0,2025-09-21 10:30,6.50
2000,Kaze no tani no Naushika,Animation,Hayao Miyazaki,1984,117,0,2025-09-20 19:00,10.00
2001,Philadelphia,Drama,Jonathan Demme,1993,125,12,2025-09-20 16:00,8.50
2002,The Wizard of Oz,Adventure,Victor Fleming,1939,102,0,2025-09-20 13:30,7.00
2003,Ying xiong,Action,Yimou Zhang,2002,120,12,2025-09-20 10:30,7.00
2004,Ladri di biciclette,Drama,Vittorio De Sica,1948,89,12,2025-09-19 12:30,8.00
2005,The Wizard of Oz,Adventure,Victor Fleming,1939,102,0,2025-09-19 10:00,7.00
2006,Black Hawk Down,Drama,Ridley Scott,2001,144,12,2025-09-18 13:00,7.00
2007,Cidade de Deus,Crime,Fernando Meirelles,2002,130,12,2025-09-18 10:00,7.00
2008,Kelly's Heroes,Adventure,Brian G. Hutton,1970,144,12,2025-09-17 16:00,7.00
2009,Per un pugno di dollari,Action,Sergio Leone,1964,99,12,2025-09-17 13:30,7.00
2010,Dà hóng denglong gaogao guà,Drama,Yimou Zhang,1991,125,6,2025-09-17 10:30,7.00
2011,The Lady Vanishes,Mystery,Alfred Hitchcock,1938,96,12,2025-09-16 10:00,7.00
2012,Kelly's Heroes,Adventure,Brian G. Hutton,1970,144,12,2025-09-15 10:00,7.50
2013,A Streetcar Named Desire,Drama,Elia Kazan,1951,122,12,2025-09-14 15:00,6.50
2014,The Wizard of Oz,Adventure,Victor Fleming,1939,102,0,2025-09-14 12:30,8.00
2015,La double vie de Véronique,Drama,Krzysztof Kieslowski,1991,98,16,2025-09-14 10:00,7.50
2016,A Streetcar Named Desire,Drama,Elia Kazan,1951,122,12,2025-09-13 19:00,9.50
2017,Withnail & I,Comedy,Bruce Robinson,1987,107,16,2025-09-13 16:30,6.50
2018,Cidade de Deus,Crime,Fernando Meirelles,2002,130,12,2025-09-13 13:30,8.00
2019,Boksuneun naui geot,Crime,Chan-wook Park,2002,129,16,2025-09-13 10:30,8.50
2020,The Wizard of Oz,Adventure,Victor Fleming,1939,102,0,2025-09-12 12:30,8.00
2021,Bronenosets Potemkin,Drama,Sergei M. Eisenstein,1925,75,12,2025-09-12 10:30,6.50
2022,Withnail & I,Comedy,Bruce Robinson,1987,107,16,2025-09-11 10:30,7.00
2023,The Count of Monte Cristo,Action,Kevin Reynolds,2002,131,12,2025-09-10 17:30,7.50
2024,Les yeux sans visage,Drama,Georges Franju,1960,90,12,2025-09-10 15:00,8.50
2025,Spartacus,Adventure,Stanley Kubrick,1960,197,12,2025-09-10 10:30,8.50
2026,Ying xiong,Action,Yimou Zhang,2002,120,12,2025-09-09 10:00,8.00
2027,Spartacus,Adventure,Stanley Kubrick,1960,197,12,2025-09-08 10:30,7.00
2028,Donnie Darko,Drama,Richard Kelly,2001,113,16,2025-09-07 15:30,8.50
2029,Bonnie and Clyde,Action,Arthur Penn,1967,111,12,2025-09-07 13:00,8.00
2030,Breakfast at Tiffany's,Comedy,Blake Edwards,1961,115,12,2025-09-07 10:00,8.50
2031,The Count of Monte Cristo,Action,Kevin Reynolds,2002,131,12,2025-09-06 19:00,10.00
2032,Mr. Smith Goes to Washington,Comedy,Frank Capra,1939,129,12,2025-09-06 16:00,7.00
2033,The Conversation,Drama,Francis Ford Coppola,1974,113,0,2025-09-06 13:30,8.50
2034,Seppuku,Action,Masaki Kobayashi,1962,133,12,2025-09-06 10:30,6.50
2035,The Right Stuff,Adventure,Philip Kaufman,1983,193,6,2025-09-05 14:00,7.50
2036,Metropolis,Drama,Fritz Lang,1927,153,12,2025-09-05 10:30,8.00
2037,Love and Death,Comedy,Woody Allen,1975,85,6,2025-09-04 10:00,8.00
2038,Metropolis,Drama,Fritz Lang,1927,153,12,2025-09-03 10:00,8.50
2039,Kaze no tani no Naushika,Animation,Hayao Miyazaki,1984,117,0,2025-09-02 10:30,8.50
2040,Fiddler on the Roof,Drama,Norman Jewison,1971,181,0,2025-09-01 16:00,6.50
2041,Dà hóng denglong gaogao guà,Drama,Yimou Zhang,1991,125,6,2025-09-01 13:00,7.00
2042,Per un pugno di dollari,Action,Sergio Leone,1964,99,12,2025-09-01 10:30,7.00
2043,Harvey,Comedy,Henry Koster,1950,104,12,2025-08-31 19:00,9.50
2044,Full Metal Jacket,Drama,Stanley Kubrick,1987,116,12,2025-08-31 16:00,6.50
2045,Good Will Hunting,Drama,Gus Van Sant,1997,126,0,2025-08-31 13:00,8.00
2046,Per un pugno di dollari,Action,Sergio Leone,1964,99,12,2025-08-31 10:30,8.00
2047,The Count of Monte Cristo,Action,Kevin Reynolds,2002,131,12,2025-08-30 17:00,7.00
2048,All Quiet on the Western Front,Drama,Lewis Milestone,1930,152,0,2025-08-30 13:30,7.00
2049,Naked,Comedy,Mike Leigh,1993,132,12,2025-08-30 10:30,6.50
2050,Boksuneun naui geot,Crime,Chan-wook Park,2002,129,16,2025-08-29 13:30,6.50
2051,Full Metal Jacket,Drama,Stanley Kubrick,1987,116,12,2025-08-29 10:30,8.00
2052,Naked,Comedy,Mike Leigh,1993,132,12,2025-08-28 10:30,8.00
2053,Les yeux sans visage,Drama,Georges Franju,1960,90,12,2025-08-27 16:30,8.50
2054,Breakfast at Tiffany's,Comedy,Blake Edwards,1961,115,12,2025-08-27 13:30,6.50
2055,Black Hawk Down,Drama,Ridley Scott,2001,144,12,2025-08-27 10:30,6.50
2056,The Green Mile,Crime,Frank Darabont,1999,189,12,2025-08-26 15:30,7.50
2057,Kaze no tani no Naushika,Animation,Hayao Miyazaki,1984,117,0,2025-08-26 12:30,7.50
2058,Jungfrukällan,Drama,Ingmar Bergman,1960,89,12,2025-08-26 10:00,6.50
2059,All Quiet on the Western Front,Drama,Lewis Milestone,1930,152,0,2025-08-25 13:00,7.50
2060,Harvey,Comedy,Henry Koster,1950,104,12,2025-08-25 10:30,7.00
2061,The Green Mile,Crime,Frank Darabont,1999,189,12,2025-08-24 20:00,9.00
2062,The Outlaw Josey Wales,Western,Clint Eastwood,1976,135,12,2025-08-24 17:00,8.00
2063,Spartacus,Adventure,Stanley Kubrick,1960,197,12,2025-08-24 13:00,6.50
2064,Eskiya,Crime,Yavuz Turgul,1996,128,12,2025-08-24 10:00,7.50
2065,Days of Heaven,Drama,Terrence Malick,1978,94,6,2025-08-23 18:30,9.50
2066,Withnail & I,Comedy,Bruce Robinson,1987,107,16,2025-08-23 15:30,6.50
2067,Mr. Smith Goes to Washington,Comedy,Frank Capra,1939,129,12,2025-08-23 12:30,8.00
2068,Withnail & I,Comedy,Bruce Robinson,1987,107,16,2025-08-23 10:00,6.50
2069,Full Metal Jacket,Drama,Stanley Kubrick,1987,116,12,2025-08-22 10:00,7.00
2070,American Beauty,Drama,Sam Mendes,1999,122,12,2025-08-21 10:00,7.50
2071,G.O.R.A.,Adventure,Ömer Faruk Sorak,2004,127,12,2025-08-20 16:30,6.50
2072,One Flew Over the Cuckoo's Nest,Drama,Milos Forman,1975,133,12,2025-08-20 13:30,7.50
2073,Black,Drama,Sanjay Leela Bhansali,2005,122,0,2025-08-20 10:30,8.00
2074,Mr. Smith Goes to Washington,Comedy,Frank Capra,1939,129,12,2025-08-19 10:00,8.00
2075,Ordinary People,Drama,Robert Redford,1980,124,0,2025-08-18 15:30,6.50
2076,The Outlaw Josey Wales,Western,Clint Eastwood,1976,135,12,2025-08-18 12:30,7.00
2077,Watership Down,Animation,Martin Rosen,1978,91,0,2025-08-18 10:00,6.50
2078,Kaze no tani no Naushika,Animation,Hayao Miyazaki,1984,117,0,2025-08-17 19:00,10.00
2079,Interstate 60: Episodes of the Road,Adventure,Bob Gale,2002,116,16,2025-08-17 16:00,7.50
2080,Breakfast at Tiffany's,Comedy,Blake Edwards,1961,115,12,2025-08-17 13:00,8.00
2081,Naked,Comedy,Mike Leigh,1993,132,12,2025-08-17 10:00,6.50
2082,The Day of the Jackal,Crime,Fred Zinnemann,1973,143,12,2025-08-16 19:00,8.50
2083,Some Like It Hot,Comedy,Billy Wilder,1959,121,0,2025-08-16 16:00,7.50
2084,Watership Down,Animation,Martin Rosen,1978,91,0,2025-08-16 13:30,8.00
2085,The Bourne Supremacy,Action,Paul Greengrass,2004,108,12,2025-08-16 10:30,8.00
2086,American Beauty,Drama,Sam Mendes,1999,122,12,2025-08-15 13:30,7.00
2087,Lord of War,Action,Andrew Niccol,2005,122,16,2025-08-15 10:30,7.50
2088,The Outlaw Josey Wales,Western,Clint Eastwood,1976,135,12,2025-08-14 13:00,7.50
2089,Requiem for a Dream,Drama,Darren Aronofsky,2000,102,12,2025-08-14 10:30,7.50
2090,Spartacus,Adventure,Stanley Kubrick,1960,197,12,2025-08-13 10:00,8.50
2091,Black Hawk Down,Drama,Ridley Scott,2001,144,12,2025-08-12 13:00,8.00
2092,Black Hawk Down,Drama,Ridley Scott,2001,144,12,2025-08-12 10:00,7.50
2093,Kaze no tani no Naushika,Animation,Hayao Miyazaki,1984,117,0,2025-08-11 13:30,7.00
2094,Full Metal Jacket,Drama,Stanley Kubrick,1987,116,12,2025-08-11 10:30,7.00
2095,Mr. Smith Goes to Washington,Comedy,Frank Capra,1939,129,12,2025-08-10 18:30,9.50
2096,Watership Down,Animation,Martin Rosen,1978,91,0,2025-08-10 16:00,8.00
2097,One Flew Over the Cuckoo's Nest,Drama,Milos Forman,1975,133,12,2025-08-10 13:00,8.00
2098,American Beauty,Drama,Sam Mendes,1999,122,12,2025-08-10 10:00,7.00
2099,The Day of the Jackal,Crime,Fred Zinnemann,1973,143,12,2025-08-09 18:30,10.00
2100,Spartacus,Adventure,Stanley Kubrick,1960,197,12,2025-08-09 14:30,7.50
2101,Spartacus,Adventure,Stanley Kubrick,1960,197,12,2025-08-09 10:30,8.50
2102,Spartacus,Adventure,Stanley Kubrick,1960,197,12,2025-08-08 14:00,6.50
2103,Fiddler on the Roof,Drama,Norman Jewison,1971,181,0,2025-08-08 10:00,8.00
2104,The Best Years of Our Lives,Drama,William Wyler,1946,170,12,2025-08-07 13:30,7.00
2105,Black,Drama,Sanjay Leela Bhansali,2005,122,0,2025-08-07 10:30,8.50
2106,A Streetcar Named Desire,Drama,Elia Kazan,1951,122,12,2025-08-06 10:30,7.00
2107,American Beauty,Drama,Sam Mendes,1999,122,12,2025-08-05 10:00,7.50
2108,The Day of the Jackal,Crime,Fred Zinnemann,1973,143,12,2025-08-04 13:00,8.50
2109,American Beauty,Drama,Sam Mendes,1999,122,12,2025-08-04 10:00,7.50
2110,The Day of the Jackal,Crime,Fred Zinnemann,1973,143,12,2025-08-03 15:00,6.50
2111,Höstsonaten,Drama,Ingmar Bergman,1978,99,0,2025-08-03 12:30,7.00
2112,The Bourne Supremacy,Action,Paul Greengrass,2004,108,12,2025-08-03 10:00,7.00
2113,Du rififi chez les hommes,Crime,Jules Dassin,1955,118,12,2025-08-02 19:00,8.50
2114,Naked,Comedy,Mike Leigh,1993,132,12,2025-08-02 16:00,7.00
2115,The Outlaw Josey Wales,Western,Clint Eastwood,1976,135,12,2025-08-02 13:00,6.50
2116,Lord of War,Action,Andrew Niccol,2005,122,16,2025-08-02 10:00,7.50
2117,Bonnie and Clyde,Action,Arthur Penn,1967,111,12,2025-08-01 15:30,8.50
2118,Du rififi chez les hommes,Crime,Jules Dassin,1955,118,12,2025-08-01 13:00,7.50
2119,Central do Brasil,Drama,Walter Salles,1998,110,16,2025-08-01 10:30,7.50
2120,Seppuku,Action,Masaki Kobayashi,1962,133,12,2025-07-31 13:30,6.50
2121,American Beauty,Drama,Sam Mendes,1999,122,12,2025-07-31 10:30,8.00
2122,G.O.R.A.,Adventure,Ömer Faruk Sorak,2004,127,12,2025-07-30 10:00,7.00
2123,The Straight Story,Biography,David Lynch,1999,112,0,2025-07-29 13:30,8.00
2124,Some Like It Hot,Comedy,Billy Wilder,1959,121,0,2025-07-29 10:30,7.50
2125,Black,Drama,Sanjay Leela Bhansali,2005,122,0,2025-07-28 13:30,8.50
2126,Match Point,Drama,Woody Allen,2005,124,16,2025-07-28 10:30,6.50
2127,One Flew Over the Cuckoo's Nest,Drama,Milos Forman,1975,133,12,2025-07-27 15:30,8.00
2128,Days of Heaven,Drama,Terrence Malick,1978,94,6,2025-07-27 13:00,7.50
2129,Höstsonaten,Drama,Ingmar Bergman,1978,99,0,2025-07-27 10:30,8.00
2130,Days of Heaven,Drama,Terrence Malick,1978,94,6,2025-07-26 15:30,8.00
2131,Interstate 60: Episodes of the Road,Adventure,Bob Gale,2002,116,16,2025-07-26 13:00,8.50
2132,Du rififi chez les hommes,Crime,Jules Dassin,1955,118,12,2025-07-26 10:00,7.00
2133,Days of Heaven,Drama,Terrence Malick,1978,94,6,2025-07-25 13:30,8.00
2134,Anand,Drama,Hrishikesh Mukherjee,1971,122,0,2025-07-25 10:30,8.50
2135,Du rififi chez les hommes,Crime,Jules Dassin,1955,118,12,2025-07-24 10:00,8.50
2136,The Best Years of Our Lives,Drama,William Wyler,1946,170,12,2025-07-23 10:00,7.50
2137,Mr. Smith Goes to Washington,Comedy,Frank Capra,1939,129,12,2025-07-22 13:30,8.00
2138,Ordinary People,Drama,Robert Redford,1980,124,0,2025-07-22 10:30,7.50
2139,The Fifth Element,Action,Luc Besson,1997,126,12,2025-07-21 17:00,7.50
2140,The Straight Story,Biography,David Lynch,1999,112,0,2025-07-21 14:00,7.00
2141,The Best Years of Our Lives,Drama,William Wyler,1946,170,12,2025-07-21 10:30,6.50
2142,Interstate 60: Episodes of the Road,Adventure,Bob Gale,2002,116,16,2025-07-20 18:30,9.00
2143,Roman Holiday,Comedy,William Wyler,1953,118,12,2025-07-20 15:30,8.50
2144,The Straight Story,Biography,David Lynch,1999,112,0,2025-07-20 13:00,8.00
2145,Days of Heaven,Drama,Terrence Malick,1978,94,6,2025-07-20 10:30,7.00
2146,Kelly's Heroes,Adventure,Brian G. Hutton,1970,144,12,2025-07-19 15:30,6.50
2147,The Bourne Supremacy,Action,Paul Greengrass,2004,108,12,2025-07-19 13:00,6.50
2148,Lord of War,Action,Andrew Niccol,2005,122,16,2025-07-19 10:00,7.50
2149,Toy Story 2,Animation,John Lasseter,1999,92,0,2025-07-18 13:00,7.00
2150,Match Point,Drama,Woody Allen,2005,124,16,2025-07-18 10:00,7.00
2151,Mr. Smith Goes to Washington,Comedy,Frank Capra,1939,129,12,2025-07-17 13:00,8.00
2152,The Day of the Jackal,Crime,Fred Zinnemann,1973,143,12,2025-07-17 10:00,8.00
2153,Anand,Drama,Hrishikesh Mukherjee,1971,122,0,2025-07-16 16:30,6.50
2154,Boogie Nights,Drama,Paul Thomas Anderson,1997,155,16,2025-07-16 13:00,8.50
2155,The Fifth Element,Action,Luc Besson,1997,126,12,2025-07-16 10:00,8.00
2156,Ben-Hur,Adventure,William Wyler,1959,212,0,2025-07-15 10:30,7.00
2157,The Best Years of Our Lives,Drama,William Wyler,1946,170,12,2025-07-14 17:00,8.50
2158,Charade,Comedy,Stanley Donen,1963,113,0,2025-07-14 14:00,8.00
2159,The Best Years of Our Lives,Drama,William Wyler,1946,170,12,2025-07-14 10:30,8.50
2160,Solaris,Drama,Andrei Tarkovsky,1972,167,6,2025-07-13 17:00,8.50
2161,Kelly's Heroes,Adventure,Brian G. Hutton,1970,144,12,2025-07-13 13:30,8.00
2162,Un long dimanche de fiançailles,Drama,Jean-Pierre Jeunet,2004,133,0,2025-07-13 10:30,6.50
2163,Match Point,Drama,Woody Allen,2005,124,16,2025-07-12 16:30,8.50
2164,It's a Wonderful Life,Drama,Frank Capra,1946,130,6,2025-07-12 13:30,6.50
2165,The Fifth Element,Action,Luc Besson,1997,126,12,2025-07-12 10:30,6.50
2166,Lost in Translation,Comedy,Sofia Coppola,2003,102,12,2025-07-11 10:30,8.50
2167,The Bourne Supremacy,Action,Paul Greengrass,2004,108,12,2025-07-10 13:30,6.50
2168,Eskiya,Crime,Yavuz Turgul,1996,128,12,2025-07-10 10:30,8.00
2169,Mulan,Animation,Tony Bancroft,1998,88,0,2025-07-09 10:00,8.00
2170,Solaris,Drama,Andrei Tarkovsky,1972,167,6,2025-07-08 10:30,7.00
2171,The Fifth Element,Action,Luc Besson,1997,126,12,2025-07-07 16:30,8.50
2172,The Fifth Element,Action,Luc Besson,1997,126,12,2025-07-07 13:30,8.50
2173,Akira,Animation,Katsuhiro Ôtomo,1988,124,12,2025-07-07 10:30,6.50
2174,Ben-Hur,Adventure,William Wyler,1959,212,0,2025-07-06 17:30,6.50
2175,The Bourne Supremacy,Action,Paul Greengrass,2004,108,12,2025-07-06 15:00,7.50
2176,The Jungle Book,Animation,Wolfgang Reitherman,1967,78,0,2025-07-06 13:00,8.50
2177,The Verdict,Drama,Sidney Lumet,1982,129,0,2025-07-06 10:00,6.50
2178,"O Brother, Where Art Thou?",Adventure,Joel Coen,2000,107,0,2025-07-05 19:00,10.00
2179,Vozvrashchenie,Drama,Andrey Zvyagintsev,2003,110,12,2025-07-05 16:30,7.50
2180,Back to the Future,Adventure,Robert Zemeckis,1985,116,0,2025-07-05 13:30,7.50
2181,Back to the Future,Adventure,Robert Zemeckis,1985,116,0,2025-07-05 10:30,7.50
2182,Match Point,Drama,Woody Allen,2005,124,16,2025-07-04 13:00,7.00
2183,The Untouchables,Crime,Brian De Palma,1987,119,12,2025-07-04 10:00,7.00
2184,Akira,Animation,Katsuhiro Ôtomo,1988,124,12,2025-07-03 10:00,6.50
2185,Match Point,Drama,Woody Allen,2005,124,16,2025-07-02 16:30,7.50
2186,The Fifth Element,Action,Luc Besson,1997,126,12,2025-07-02 13:30,6.50
2187,Match Point,Drama,Woody Allen,2005,124,16,2025-07-02 10:30,6.50
2188,Requiem for a Dream,Drama,Darren Aronofsky,2000,102,12,2025-07-01 10:30,6.50
2189,Akira,Animation,Katsuhiro Ôtomo,1988,124,12,2025-06-30 13:00,8.50
2190,Eskiya,Crime,Yavuz Turgul,1996,128,12,2025-06-30 10:00,7.00
2191,Kelly's Heroes,Adventure,Brian G. Hutton,1970,144,12,2025-06-29 14:30,6.50
2192,The General,Action,Clyde Bruckman,1926,67,12,2025-06-29 12:30,8.00
2193,Ladri di biciclette,Drama,Vittorio De Sica,1948,89,12,2025-06-29 10:00,7.50
2194,Toy Story 2,Animation,John Lasseter,1999,92,0,2025-06-28 15:30,6.50
2195,The Quiet Man,Comedy,John Ford,1952,129,12,2025-06-28 12:30,7.00
2196,The General,Action,Clyde Bruckman,1926,67,12,2025-06-28 10:30,6.50
2197,Vozvrashchenie,Drama,Andrey Zvyagintsev,2003,110,12,2025-06-27 10:00,6.50
2198,Where Eagles Dare,Action,Brian G. Hutton,1968,158,0,2025-06-26 10:00,7.00
2199,Akira,Animation,Katsuhiro Ôtomo,1988,124,12,2025-06-25 13:00,6.50
2200,The Untouchables,Crime,Brian De Palma,1987,119,12,2025-06-25 10:00,8.50
2201,Where Eagles Dare,Action,Brian G. Hutton,1968,158,0,2025-06-24 15:00,7.50
2202,Ben-Hur,Adventure,William Wyler,1959,212,0,2025-06-24 10:30,8.00
2203,Andaz Apna Apna,Action,Rajkumar Santoshi,1994,160,0,2025-06-23 16:00,6.50
2204,Ordinary People,Drama,Robert Redford,1980,124,0,2025-06-23 13:00,7.50
2205,It's a Wonderful Life,Drama,Frank Capra,1946,130,6,2025-06-23 10:00,7.50
2206,The Count of Monte Cristo,Action,Kevin Reynolds,2002,131,12,2025-06-22 15:00,7.00
2207,High Noon,Drama,Fred Zinnemann,1952,85,6,2025-06-22 12:30,6.50
2208,The Iron Giant,Animation,Brad Bird,1999,86,6,2025-06-22 10:30,6.50
2209,Roman Holiday,Comedy,William Wyler,1953,118,12,2025-06-21 15:30,6.50
2210,Les triplettes de Belleville,Animation,Sylvain Chomet,2003,80,12,2025-06-21 13:30,8.00
2211,The Count of Monte Cristo,Action,Kevin Reynolds,2002,131,12,2025-06-21 10:30,6.50
2212,Akira,Animation,Katsuhiro Ôtomo,1988,124,12,2025-06-20 13:00,6.50
2213,It's a Wonderful Life,Drama,Frank Capra,1946,130,6,2025-06-20 10:00,8.00
2214,Akira,Animation,Katsuhiro Ôtomo,1988,124,12,2025-06-19 10:00,7.50
2215,The Iron Giant,Animation,Brad Bird,1999,86,6,2025-06-18 10:30,7.50
2216,Toy Story 2,Animation,John Lasseter,1999,92,0,2025-06-17 13:00,6.50
2217,Ladri di biciclette,Drama,Vittorio De Sica,1948,89,12,2025-06-17 10:30,7.50
2218,The Untouchables,Crime,Brian De Palma,1987,119,12,2025-06-16 12:00,8.00
2219,The Iron Giant,Animation,Brad Bird,1999,86,6,2025-06-16 10:00,7.00
2220,Fitzcarraldo,Adventure,Werner Herzog,1982,158,16,2025-06-15 16:00,7.50
2221,Fitzcarraldo,Adventure,Werner Herzog,1982,158,16,2025-06-15 12:30,7.00
2222,Bin-jip,Crime,Ki-duk Kim,2004,88,0,2025-06-15 10:00,8.00
2223,Andaz Apna Apna,Action,Rajkumar Santoshi,1994,160,0,2025-06-14 19:00,9.00
2224,Ordinary People,Drama,Robert Redford,1980,124,0,2025-06-14 16:00,7.50
2225,The Jungle Book,Animation,Wolfgang Reitherman,1967,78,0,2025-06-14 14:00,6.50
2226,Where Eagles Dare,Action,Brian G. Hutton,1968,158,0,2025-06-14 10:30,7.00
2227,Ladri di biciclette,Drama,Vittorio De Sica,1948,89,12,2025-06-13 10:00,7.50
2228,Les triplettes de Belleville,Animation,Sylvain Chomet,2003,80,12,2025-06-12 10:00,8.00
2229,Ying xiong,Action,Yimou Zhang,2002,120,12,2025-06-11 16:00,7.50
2230,Andaz Apna Apna,Action,Rajkumar Santoshi,1994,160,0,2025-06-11 12:30,7.00
2231,Airplane!,Comedy,Jim Abrahams,1980,88,0,2025-06-11 10:30,8.50
2232,Ladri di biciclette,Drama,Vittorio De Sica,1948,89,12,2025-06-10 14:00,8.50
2233,Andaz Apna Apna,Action,Rajkumar Santoshi,1994,160,0,2025-06-10 10:30,8.50
2234,"O Brother, Where Art Thou?",Adventure,Joel Coen,2000,107,0,2025-06-09 13:00,7.50
2235,The Verdict,Drama,Sidney Lumet,1982,129,0,2025-06-09 10:00,8.50
2236,Eskiya,Crime,Yavuz Turgul,1996,128,12,2025-06-08 18:00,8.50
2237,High Noon,Drama,Fred Zinnemann,1952,85,6,2025-06-08 15:30,7.50
2238,G.O.R.A.,Adventure,Ömer Faruk Sorak,2004,127,12,2025-06-08 12:30,7.00
2239,The General,Action,Clyde Bruckman,1926,67,12,2025-06-08 10:30,8.00
2240,High Noon,Drama,Fred Zinnemann,1952,85,6,2025-06-07 19:00,9.00
2241,Fitzcarraldo,Adventure,Werner Herzog,1982,158,16,2025-06-07 15:30,8.00
2242,Ying xiong,Action,Yimou Zhang,2002,120,12,2025-06-07 12:30,8.50
2243,"O Brother, Where Art Thou?",Adventure,Joel Coen,2000,107,0,2025-06-07 10:00,8.00
2244,Ladri di biciclette,Drama,Vittorio De Sica,1948,89,12,2025-06-06 10:00,6.50
2245,"O Brother, Where Art Thou?",Adventure,Joel Coen,2000,107,0,2025-06-05 10:00,6.50
2246,Edward Scissorhands,Drama,Tim Burton,1990,105,0,2025-06-04 10:00,8.00
2247,"O Brother, Where Art Thou?",Adventure,Joel Coen,2000,107,0,2025-06-03 10:00,6.50
2248,High Noon,Drama,Fred Zinnemann,1952,85,6,2025-06-02 13:00,6.50
2249,Ladri di biciclette,Drama,Vittorio De Sica,1948,89,12,2025-06-02 10:30,6.50
2250,Le samouraï,Crime,Jean-Pierre Melville,1967,105,12,2025-06-01 18:00,9.00
2251,A Little Princess,Drama,Alfonso Cuarón,1995,97,0,2025-06-01 15:30,7.00
2252,The Untouchables,Crime,Brian De Palma,1987,119,12,2025-06-01 12:30,8.00
2253,Le samouraï,Crime,Jean-Pierre Melville,1967,105,12,2025-06-01 10:00,8.50
2254,The Verdict,Drama,Sidney Lumet,1982,129,0,2025-05-31 15:30,8.50
2255,High Noon,Drama,Fred Zinnemann,1952,85,6,2025-05-31 13:30,8.00
2256,Secrets & Lies,Comedy,Mike Leigh,1996,136,0,2025-05-31 10:30,6.50
2257,21 Grams,Crime,Alejandro G. Iñárritu,2003,124,12,2025-05-30 10:00,8.50
2258,The Iron Giant,Animation,Brad Bird,1999,86,6,2025-05-29 14:00,8.00
2259,Gandhi,Biography,Richard Attenborough,1982,191,0,2025-05-29 10:00,8.00
2260,Edward Scissorhands,Drama,Tim Burton,1990,105,0,2025-05-28 12:30,8.00
2261,Les triplettes de Belleville,Animation,Sylvain Chomet,2003,80,12,2025-05-28 10:30,8.50
2262,Taxi Driver,Crime,Martin Scorsese,1976,114,12,2025-05-27 10:00,8.50
2263,21 Grams,Crime,Alejandro G. Iñárritu,2003,124,12,2025-05-26 14:00,7.50
2264,Fitzcarraldo,Adventure,Werner Herzog,1982,158,16,2025-05-26 10:30,7.50
2265,Clerks,Comedy,Kevin Smith,1994,92,16,2025-05-25 17:30,7.00
2266,"O Brother, Where Art Thou?",Adventure,Joel Coen,2000,107,0,2025-05-25 15:00,8.50
2267,Night on Earth,Comedy,Jim Jarmusch,1991,129,16,2025-05-25 12:00,7.00
2268,Les triplettes de Belleville,Animation,Sylvain Chomet,2003,80,12,2025-05-25 10:00,8.50
2269,The Iron Giant,Animation,Brad Bird,1999,86,6,2025-05-24 18:30,10.00
2270,The General,Action,Clyde Bruckman,1926,67,12,2025-05-24 16:30,7.00
2271,Fitzcarraldo,Adventure,Werner Herzog,1982,158,16,2025-05-24 13:00,7.50
2272,G.O.R.A.,Adventure,Ömer Faruk Sorak,2004,127,12,2025-05-24 10:00,8.50
2273,Le samouraï,Crime,Jean-Pierre Melville,1967,105,12,2025-05-23 15:30,7.50
2274,The Jungle Book,Animation,Wolfgang Reitherman,1967,78,0,2025-05-23 13:30,6.50
2275,Andaz Apna Apna,Action,Rajkumar Santoshi,1994,160,0,2025-05-23 10:00,8.50
2276,The General,Action,Clyde Bruckman,1926,67,12,2025-05-22 13:00,6.50
2277,Happiness,Comedy,Todd Solondz,1998,134,12,2025-05-22 10:00,7.50
2278,The Verdict,Drama,Sidney Lumet,1982,129,0,2025-05-21 12:30,7.00
2279,The General,Action,Clyde Bruckman,1926,67,12,2025-05-21 10:30,6.50
2280,Edward Scissorhands,Drama,Tim Burton,1990,105,0,2025-05-20 10:00,7.50
2281,Le samouraï,Crime,Jean-Pierre Melville,1967,105,12,2025-05-19 12:30,6.50
2282,Bin-jip,Crime,Ki-duk Kim,2004,88,0,2025-05-19 10:00,8.00
2283,Bin-jip,Crime,Ki-duk Kim,2004,88,0,2025-05-18 15:00,8.00
2284,21 Grams,Crime,Alejandro G. Iñárritu,2003,124,12,2025-05-18 12:00,7.00
2285,The General,Action,Clyde Bruckman,1926,67,12,2025-05-18 10:00,8.00
2286,Secrets & Lies,Comedy,Mike Leigh,1996,136,0,2025-05-17 15:30,7.00
2287,Ladri di biciclette,Drama,Vittorio De Sica,1948,89,12,2025-05-17 13:00,8.50
2288,Happiness,Comedy,Todd Solondz,1998,134,12,2025-05-17 10:00,8.50
2289,A Little Princess,Drama,Alfonso Cuarón,1995,97,0,2025-05-16 10:00,8.50
2290,My Cousin Vinny,Comedy,Jonathan Lynn,1992,120,12,2025-05-15 10:30,7.50
2291,The Last of the Mohicans,Action,Michael Mann,1992,112,12,2025-05-14 14:30,8.00
2292,Clerks,Comedy,Kevin Smith,1994,92,16,2025-05-14 12:00,8.50
2293,The General,Action,Clyde Bruckman,1926,67,12,2025-05-14 10:00,8.00
2294,Night on Earth,Comedy,Jim Jarmusch,1991,129,16,2025-05-13 16:00,6.50
2295,Miracle on 34th Street,Comedy,George Seaton,1947,96,12,2025-05-13 13:30,7.00
2296,Forrest Gump,Drama,Robert Zemeckis,1994,142,12,2025-05-13 10:30,6.50
2297,Edward Scissorhands,Drama,Tim Burton,1990,105,0,2025-05-12 15:30,7.00
2298,The Bridges of Madison County,Drama,Clint Eastwood,1995,135,12,2025-05-12 12:30,6.50
2299,The Breakfast Club,Comedy,John Hughes,1985,97,12,2025-05-12 10:00,8.50
2300,Night on Earth,Comedy,Jim Jarmusch,1991,129,16,2025-05-11 16:00,6.50
2301,In America,Drama,Jim Sheridan,2002,105,12,2025-05-11 13:30,8.50
2302,21 Grams,Crime,Alejandro G. Iñárritu,2003,124,12,2025-05-11 10:30,8.50
2303,21 Grams,Crime,Alejandro G. Iñárritu,2003,124,12,2025-05-10 19:30,10.00
2304,Giù la testa,Drama,Sergio Leone,1971,157,6,2025-05-10 16:00,8.00
2305,Deliverance,Adventure,John Boorman,1972,109,0,2025-05-10 13:30,7.00
2306,Giù la testa,Drama,Sergio Leone,1971,157,6,2025-05-10 10:00,7.00
2307,Mononoke-hime,Animation,Hayao Miyazaki,1997,134,0,2025-05-09 10:00,7.50
2308,Trois couleurs: Bleu,Drama,Krzysztof Kieslowski,1993,94,0,2025-05-08 13:30,8.50
2309,Amélie,Comedy,Jean-Pierre Jeunet,2001,122,0,2025-05-08 10:30,8.50
2310,My Cousin Vinny,Comedy,Jonathan Lynn,1992,120,12,2025-05-07 10:30,8.00
2311,Deliverance,Adventure,John Boorman,1972,109,0,2025-05-06 10:30,8.00
2312,Mononoke-hime,Animation,Hayao Miyazaki,1997,134,0,2025-05-05 10:30,8.00
2313,The Sting,Comedy,George Roy Hill,1973,129,0,2025-05-04 16:30,6.50
2314,Un long dimanche de fiançailles,Drama,Jean-Pierre Jeunet,2004,133,0,2025-05-04 13:30,8.00
2315,Forrest Gump,Drama,Robert Zemeckis,1994,142,12,2025-05-04 10:30,8.50
2316,Deliverance,Adventure,John Boorman,1972,109,0,2025-05-03 20:30,9.50
2317,Gandhi,Biography,Richard Attenborough,1982,191,0,2025-05-03 16:30,6.50
2318,Un long dimanche de fiançailles,Drama,Jean-Pierre Jeunet,2004,133,0,2025-05-03 13:30,8.50
2319,Amélie,Comedy,Jean-Pierre Jeunet,2001,122,0,2025-05-03 10:30,8.50
2320,Nuovo Cinema Paradiso,Drama,Giuseppe Tornatore,1988,155,0,2025-05-02 15:30,6.50
2321,Wait Until Dark,Thriller,Terence Young,1967,108,12,2025-05-02 13:00,8.00
2322,The Bridges of Madison County,Drama,Clint Eastwood,1995,135,12,2025-05-02 10:00,8.00
2323,Amélie,Comedy,Jean-Pierre Jeunet,2001,122,0,2025-05-01 16:00,7.00
2324,Happiness,Comedy,Todd Solondz,1998,134,12,2025-05-01 13:00,7.50
2325,Night on Earth,Comedy,Jim Jarmusch,1991,129,16,2025-05-01 10:00,6.50
2326,In America,Drama,Jim Sheridan,2002,105,12,2025-04-30 16:30,8.00
2327,Lilja 4-ever,Crime,Lukas Moodysson,2002,109,16,2025-04-30 14:00,8.50
2328,Giù la testa,Drama,Sergio Leone,1971,157,6,2025-04-30 10:30,7.50
2329,Forrest Gump,Drama,Robert Zemeckis,1994,142,12,2025-04-29 16:00,7.50
2330,The Last of the Mohicans,Action,Michael Mann,1992,112,12,2025-04-29 13:30,6.50
2331,Pride & Prejudice,Drama,Joe Wright,2005,129,6,2025-04-29 10:30,8.50
2332,Fried Green Tomatoes,Drama,Jon Avnet,1991,130,12,2025-04-28 13:00,7.50
2333,Night on Earth,Comedy,Jim Jarmusch,1991,129,16,2025-04-28 10:00,7.50
2334,Mononoke-hime,Animation,Hayao Miyazaki,1997,134,0,2025-04-27 18:30,9.00
2335,The Breakfast Club,Comedy,John Hughes,1985,97,12,2025-04-27 16:00,6.50
2336,Pride & Prejudice,Drama,Joe Wright,2005,129,6,2025-04-27 13:00,8.00
2337,The Last of the Mohicans,Action,Michael Mann,1992,112,12,2025-04-27 10:30,7.50
2338,Mononoke-hime,Animation,Hayao Miyazaki,1997,134,0,2025-04-26 18:30,8.50
2339,Amélie,Comedy,Jean-Pierre Jeunet,2001,122,0,2025-04-26 15:30,7.50
2340,Airplane!,Comedy,Jim Abrahams,1980,88,0,2025-04-26 13:00,8.50
2341,The Breakfast Club,Comedy,John Hughes,1985,97,12,2025-04-26 10:30,6.50
2342,Kelly's Heroes,Adventure,Brian G. Hutton,1970,144,12,2025-04-25 15:30,6.50
2343,The Sting,Comedy,George Roy Hill,1973,129,0,2025-04-25 12:30,8.00
2344,Airplane!,Comedy,Jim Abrahams,1980,88,0,2025-04-25 10:30,7.00
2345,Mary Poppins,Comedy,Robert Stevenson,1964,139,0,2025-04-24 15:30,8.50
2346,Trois couleurs: Blanc,Comedy,Krzysztof Kieslowski,1994,92,0,2025-04-24 13:00,6.50
2347,My Cousin Vinny,Comedy,Jonathan Lynn,1992,120,12,2025-04-24 10:30,6.50
2348,Giù la testa,Drama,Sergio Leone,1971,157,6,2025-04-23 10:30,6.50
2349,Pink Floyd: The Wall,Drama,Alan Parker,1982,95,12,2025-04-22 16:00,7.50
2350,Breaking the Waves,Drama,Lars von Trier,1996,159,16,2025-04-22 12:30,7.50
2351,Deliverance,Adventure,John Boorman,1972,109,0,2025-04-22 10:00,6.50
2352,Forrest Gump,Drama,Robert Zemeckis,1994,142,12,2025-04-21 12:30,8.50
2353,Who Framed Roger Rabbit,Animation,Robert Zemeckis,1988,104,0,2025-04-21 10:00,8.00
2354,Full Metal Jacket,Drama,Stanley Kubrick,1987,116,12,2025-04-20 18:00,9.50
2355,My Cousin Vinny,Comedy,Jonathan Lynn,1992,120,12,2025-04-20 15:00,7.50
2356,Miracle on 34th Street,Comedy,George Seaton,1947,96,12,2025-04-20 12:30,7.50
2357,Pink Floyd: The Wall,Drama,Alan Parker,1982,95,12,2025-04-20 10:00,8.50
2358,Deliverance,Adventure,John Boorman,1972,109,0,2025-04-19 18:30,9.00
2359,The Sting,Comedy,George Roy Hill,1973,129,0,2025-04-19 15:30,8.50
2360,The Bridges of Madison County,Drama,Clint Eastwood,1995,135,12,2025-04-19 12:30,8.50
2361,Paper Moon,Comedy,Peter Bogdanovich,1973,102,0,2025-04-19 10:00,7.00
2362,Amélie,Comedy,Jean-Pierre Jeunet,2001,122,0,2025-04-18 10:30,8.50
2363,The Bridges of Madison County,Drama,Clint Eastwood,1995,135,12,2025-04-17 15:30,7.00
2364,The Last of the Mohicans,Action,Michael Mann,1992,112,12,2025-04-17 12:30,6.50
2365,My Cousin Vinny,Comedy,Jonathan Lynn,1992,120,12,2025-04-17 10:00,8.50
2366,In America,Drama,Jim Sheridan,2002,105,12,2025-04-16 10:00,7.50
2367,Le locataire,Drama,Roman Polanski,1976,126,16,2025-04-15 14:00,8.50
2368,Breaking the Waves,Drama,Lars von Trier,1996,159,16,2025-04-15 10:30,8.00
2369,The Muppet Christmas Carol,Comedy,Brian Henson,1992,85,0,2025-04-14 13:00,7.00
2370,Who Framed Roger Rabbit,Animation,Robert Zemeckis,1988,104,0,2025-04-14 10:30,6.50
2371,Full Metal Jacket,Drama,Stanley Kubrick,1987,116,12,2025-04-13 19:30,10.00
2372,Mary Poppins,Comedy,Robert Stevenson,1964,139,0,2025-04-13 16:00,7.00
2373,Un long dimanche de fiançailles,Drama,Jean-Pierre Jeunet,2004,133,0,2025-04-13 13:00,8.50
2374,Le locataire,Drama,Roman Polanski,1976,126,16,2025-04-13 10:00,8.00
2375,Les choristes,Drama,Christophe Barratier,2004,97,12,2025-04-12 18:00,9.50
2376,Tengoku to jigoku,Crime,Akira Kurosawa,1963,143,12,2025-04-12 15:00,6.50
2377,In America,Drama,Jim Sheridan,2002,105,12,2025-04-12 12:30,6.50
2378,In America,Drama,Jim Sheridan,2002,105,12,2025-04-12 10:00,7.50
2379,Home Alone,Comedy,Chris Columbus,1990,103,0,2025-04-11 13:00,6.50
2380,Paper Moon,Comedy,Peter Bogdanovich,1973,102,0,2025-04-11 10:30,8.50
2381,The Breakfast Club,Comedy,John Hughes,1985,97,12,2025-04-10 10:30,8.00
2382,In America,Drama,Jim Sheridan,2002,105,12,2025-04-09 13:00,8.50
2383,Pink Floyd: The Wall,Drama,Alan Parker,1982,95,12,2025-04-09 10:30,8.50
2384,Judgment at Nuremberg,Drama,Stanley Kramer,1961,179,12,2025-04-08 10:30,7.00
2385,Short Cuts,Comedy,Robert Altman,1993,188,16,2025-04-07 13:00,7.00
2386,The Incredibles,Animation,Brad Bird,2004,115,0,2025-04-07 10:00,8.50
2387,The Purple Rose of Cairo,Comedy,Woody Allen,1985,82,0,2025-04-06 15:00,8.00
2388,Predator,Action,John McTiernan,1987,107,12,2025-04-06 12:30,8.00
2389,The Purple Rose of Cairo,Comedy,Woody Allen,1985,82,0,2025-04-06 10:30,8.50
2390,The Purple Rose of Cairo,Comedy,Woody Allen,1985,82,0,2025-04-05 18:30,8.50
2391,In America,Drama,Jim Sheridan,2002,105,12,2025-04-05 16:00,8.50
2392,Cinderella Man,Biography,Ron Howard,2005,144,12,2025-04-05 12:30,6.50
2393,Who Framed Roger Rabbit,Animation,Robert Zemeckis,1988,104,0,2025-04-05 10:00,7.00
2394,The 39 Steps,Crime,Alfred Hitchcock,1935,86,12,2025-04-04 13:00,6.50
2395,Airplane!,Comedy,Jim Abrahams,1980,88,0,2025-04-04 10:30,8.50
2396,Kelly's Heroes,Adventure,Brian G. Hutton,1970,144,12,2025-04-03 10:00,7.00
2397,The Odd Couple,Comedy,Gene Saks,1968,105,0,2025-04-02 10:30,7.50
2398,Pink Floyd: The Wall,Drama,Alan Parker,1982,95,12,2025-04-01 10:30,7.50
2399,Aladdin,Animation,Ron Clements,1992,90,0,2025-03-31 10:30,7.50
2400,Fried Green Tomatoes,Drama,Jon Avnet,1991,130,12,2025-03-30 16:30,7.00
2401,The Odd Couple,Comedy,Gene Saks,1968,105,0,2025-03-30 14:00,8.00
2402,Sleepers,Crime,Barry Levinson,1996,147,12,2025-03-30 10:30,8.00
2403,Kelly's Heroes,Adventure,Brian G. Hutton,1970,144,12,2025-03-29 16:00,6.50
2404,Who Framed Roger Rabbit,Animation,Robert Zemeckis,1988,104,0,2025-03-29 13:30,7.50
2405,Le locataire,Drama,Roman Polanski,1976,126,16,2025-03-29 10:30,8.50
2406,Forrest Gump,Drama,Robert Zemeckis,1994,142,12,2025-03-28 10:30,6.50
2407,The Odd Couple,Comedy,Gene Saks,1968,105,0,2025-03-27 16:30,7.00
2408,The Sting,Comedy,George Roy Hill,1973,129,0,2025-03-27 13:30,7.50
2409,Breaking the Waves,Drama,Lars von Trier,1996,159,16,2025-03-27 10:00,6.50
2410,Indiana Jones and the Last Crusade,Action,Steven Spielberg,1989,127,0,2025-03-26 13:00,6.50
2411,Full Metal Jacket,Drama,Stanley Kubrick,1987,116,12,2025-03-26 10:00,6.50
2412,Kelly's Heroes,Adventure,Brian G. Hutton,1970,144,12,2025-03-25 14:00,7.00
2413,The Wild Bunch,Action,Sam Peckinpah,1969,145,12,2025-03-25 10:30,7.00
2414,The Odd Couple,Comedy,Gene Saks,1968,105,0,2025-03-24 12:30,8.50
2415,Pink Floyd: The Wall,Drama,Alan Parker,1982,95,12,2025-03-24 10:00,8.50
2416,Network,Drama,Sidney Lumet,1976,121,12,2025-03-23 20:30,9.50
2417,Fried Green Tomatoes,Drama,Jon Avnet,1991,130,12,2025-03-23 17:30,8.50
2418,The Incredibles,Animation,Brad Bird,2004,115,0,2025-03-23 14:30,7.50
2419,Judgment at Nuremberg,Drama,Stanley Kramer,1961,179,12,2025-03-23 10:30,6.50
2420,Indiana Jones and the Last Crusade,Action,Steven Spielberg,1989,127,0,2025-03-22 18:30,9.50
2421,Pink Floyd: The Wall,Drama,Alan Parker,1982,95,12,2025-03-22 16:00,6.50
2422,The Incredibles,Animation,Brad Bird,2004,115,0,2025-03-22 13:00,8.00
2423,Who Framed Roger Rabbit,Animation,Robert Zemeckis,1988,104,0,2025-03-22 10:30,7.00
2424,Cat on a Hot Tin Roof,Drama,Richard Brooks,1958,108,12,2025-03-21 13:30,7.50
2425,Mary Poppins,Comedy,Robert Stevenson,1964,139,0,2025-03-21 10:30,7.00
2426,Once Were Warriors,Crime,Lee Tamahori,1994,102,12,2025-03-20 16:00,7.00
2427,Fried Green Tomatoes,Drama,Jon Avnet,1991,130,12,2025-03-20 13:00,8.50
2428,The Odd Couple,Comedy,Gene Saks,1968,105,0,2025-03-20 10:30,7.50
2429,Breaking the Waves,Drama,Lars von Trier,1996,159,16,2025-03-19 16:00,6.50
2430,Tengoku to jigoku,Crime,Akira Kurosawa,1963,143,12,2025-03-19 12:30,8.50
2431,Pink Floyd: The Wall,Drama,Alan Parker,1982,95,12,2025-03-19 10:00,6.50
2432,Les choristes,Drama,Christophe Barratier,2004,97,12,2025-03-18 15:30,8.50
2433,The King of Comedy,Comedy,Martin Scorsese,1982,109,0,2025-03-18 12:30,8.00
2434,Cat on a Hot Tin Roof,Drama,Richard Brooks,1958,108,12,2025-03-18 10:00,7.50
2435,Schindler's List,Biography,Steven Spielberg,1993,195,12,2025-03-17 13:00,7.50
2436,Back to the Future,Adventure,Robert Zemeckis,1985,116,0,2025-03-17 10:00,6.50
2437,Die Hard,Action,John McTiernan,1988,132,12,2025-03-16 20:00,8.50
2438,The Shining,Drama,Stanley Kubrick,1980,146,12,2025-03-16 16:30,7.50
2439,The Incredibles,Animation,Brad Bird,2004,115,0,2025-03-16 13:30,8.00
2440,Fried Green Tomatoes,Drama,Jon Avnet,1991,130,12,2025-03-16 10:30,6.50
2441,Once Were Warriors,Crime,Lee Tamahori,1994,102,12,2025-03-15 20:00,8.50
2442,Le locataire,Drama,Roman Polanski,1976,126,16,2025-03-15 17:00,8.50
2443,Belle de jour,Drama,Luis Buñuel,1967,100,12,2025-03-15 14:30,6.50
2444,Schindler's List,Biography,Steven Spielberg,1993,195,12,2025-03-15 10:30,8.00
2445,Aladdin,Animation,Ron Clements,1992,90,0,2025-03-14 13:00,6.50
2446,Rosemary's Baby,Drama,Roman Polanski,1968,137,12,2025-03-14 10:00,8.50
2447,Les choristes,Drama,Christophe Barratier,2004,97,12,2025-03-13 10:00,8.50
2448,Cat on a Hot Tin Roof,Drama,Richard Brooks,1958,108,12,2025-03-12 13:30,6.50
2449,Network,Drama,Sidney Lumet,1976,121,12,2025-03-12 10:30,8.00
2450,It Happened One Night,Comedy,Frank Capra,1934,105,12,2025-03-11 10:00,7.50
2451,Les choristes,Drama,Christophe Barratier,2004,97,12,2025-03-10 16:30,7.00
2452,Network,Drama,Sidney Lumet,1976,121,12,2025-03-10 13:30,6.50
2453,Back to the Future,Adventure,Robert Zemeckis,1985,116,0,2025-03-10 10:30,6.50
2454,Viskningar och rop,Drama,Ingmar Bergman,1972,91,12,2025-03-09 17:00,8.00
2455,Das Cabinet des Dr. Caligari,Fantasy,Robert Wiene,1920,76,12,2025-03-09 15:00,6.50
2456,Paper Moon,Comedy,Peter Bogdanovich,1973,102,0,2025-03-09 12:30,6.50
2457,Kind Hearts and Coronets,Comedy,Robert Hamer,1949,106,0,2025-03-09 10:00,7.50
2458,The Incredibles,Animation,Brad Bird,2004,115,0,2025-03-08 15:30,8.00
2459,Lilja 4-ever,Crime,Lukas Moodysson,2002,109,16,2025-03-08 13:00,7.50
2460,The King of Comedy,Comedy,Martin Scorsese,1982,109,0,2025-03-08 10:30,8.50
2461,Aladdin,Animation,Ron Clements,1992,90,0,2025-03-07 14:00,8.50
2462,Schindler's List,Biography,Steven Spielberg,1993,195,12,2025-03-07 10:00,6.50
2463,One Flew Over the Cuckoo's Nest,Drama,Milos Forman,1975,133,12,2025-03-06 13:00,7.00
2464,True Romance,Crime,Tony Scott,1993,119,16,2025-03-06 10:00,7.50
2465,Die Hard,Action,John McTiernan,1988,132,12,2025-03-05 10:00,7.00
2466,Pink Floyd: The Wall,Drama,Alan Parker,1982,95,12,2025-03-04 10:30,6.50
2467,Back to the Future,Adventure,Robert Zemeckis,1985,116,0,2025-03-03 15:00,7.50
2468,Home Alone,Comedy,Chris Columbus,1990,103,0,2025-03-03 12:30,6.50
2469,The Wizard of Oz,Adventure,Victor Fleming,1939,102,0,2025-03-03 10:00,6.50
2470,Sleepers,Crime,Barry Levinson,1996,147,12,2025-03-02 15:00,7.00
2471,Halloween,Horror,John Carpenter,1978,91,12,2025-03-02 12:30,8.00
2472,Lilja 4-ever,Crime,Lukas Moodysson,2002,109,16,2025-03-02 10:00,7.00
2473,Lilja 4-ever,Crime,Lukas Moodysson,2002,109,16,2025-03-01 18:30,10.00
2474,One Flew Over the Cuckoo's Nest,Drama,Milos Forman,1975,133,12,2025-03-01 15:30,7.50
2475,The Lady Vanishes,Mystery,Alfred Hitchcock,1938,96,12,2025-03-01 13:00,8.50
2476,Once Were Warriors,Crime,Lee Tamahori,1994,102,12,2025-03-01 10:30,8.00
2477,Paper Moon,Comedy,Peter Bogdanovich,1973,102,0,2025-02-28 15:00,7.00
2478,Once Were Warriors,Crime,Lee Tamahori,1994,102,12,2025-02-28 12:30,8.00
2479,Pink Floyd: The Wall,Drama,Alan Parker,1982,95,12,2025-02-28 10:00,6.50
2480,The Wild Bunch,Action,Sam Peckinpah,1969,145,12,2025-02-27 10:00,7.50
2481,Red River,Action,Howard Hawks,1948,133,12,2025-02-26 10:00,7.00
2482,One Flew Over the Cuckoo's Nest,Drama,Milos Forman,1975,133,12,2025-02-25 10:30,8.50
2483,Fa yeung nin wah,Drama,Kar-Wai Wong,2000,98,0,2025-02-24 10:30,8.00
2484,Les choristes,Drama,Christophe Barratier,2004,97,12,2025-02-23 16:00,7.00
2485,Viskningar och rop,Drama,Ingmar Bergman,1972,91,12,2025-02-23 13:30,7.00
2486,One Flew Over the Cuckoo's Nest,Drama,Milos Forman,1975,133,12,2025-02-23 10:30,6.50
2487,Paper Moon,Comedy,Peter Bogdanovich,1973,102,0,2025-02-22 19:00,9.00
2488,Sleepers,Crime,Barry Levinson,1996,147,12,2025-02-22 15:30,8.50
2489,Halloween,Horror,John Carpenter,1978,91,12,2025-02-22 13:00,8.00
2490,One Flew Over the Cuckoo's Nest,Drama,Milos Forman,1975,133,12,2025-02-22 10:00,6.50
2491,The Lady Vanishes,Mystery,Alfred Hitchcock,1938,96,12,2025-02-21 10:30,7.50
2492,The King of Comedy,Comedy,Martin Scorsese,1982,109,0,2025-02-20 16:00,7.50
2493,The Wild Bunch,Action,Sam Peckinpah,1969,145,12,2025-02-20 12:30,6.50
2494,Pink Floyd: The Wall,Drama,Alan Parker,1982,95,12,2025-02-20 10:00,8.50
2495,Rosemary's Baby,Drama,Roman Polanski,1968,137,12,2025-02-19 14:30,7.50
2496,Ben-Hur,Adventure,William Wyler,1959,212,0,2025-02-19 10:00,8.50
2497,Primal Fear,Crime,Gregory Hoblit,1996,129,12,2025-02-18 17:30,7.50
2498,Barry Lyndon,Adventure,Stanley Kubrick,1975,185,6,2025-02-18 13:30,7.00
2499,The Wild Bunch,Action,Sam Peckinpah,1969,145,12,2025-02-18 10:00,8.50
2500,Rosemary's Baby,Drama,Roman Polanski,1968,137,12,2025-02-17 13:30,6.50
2501,Network,Drama,Sidney Lumet,1976,121,12,2025-02-17 10:30,7.50
2502,Platoon,Drama,Oliver Stone,1986,120,12,2025-02-16 18:00,9.00
2503,The Wizard of Oz,Adventure,Victor Fleming,1939,102,0,2025-02-16 15:30,8.50
2504,Arsenic and Old Lace,Comedy,Frank Capra,1942,118,12,2025-02-16 12:30,6.50
2505,The Lady Vanishes,Mystery,Alfred Hitchcock,1938,96,12,2025-02-16 10:00,8.00
2506,Bound by Honor,Crime,Taylor Hackford,1993,180,16,2025-02-15 18:30,10.00
2507,Halloween,Horror,John Carpenter,1978,91,12,2025-02-15 16:00,7.00
2508,Mad Max 2,Action,George Miller,1981,96,12,2025-02-15 13:30,7.50
2509,In the Name of the Father,Biography,Jim Sheridan,1993,133,12,2025-02-15 10:30,6.50
2510,Training Day,Crime,Antoine Fuqua,2001,122,12,2025-02-14 10:00,8.00
2511,Network,Drama,Sidney Lumet,1976,121,12,2025-02-13 13:00,7.50
2512,Fa yeung nin wah,Drama,Kar-Wai Wong,2000,98,0,2025-02-13 10:30,8.00
2513,Das Cabinet des Dr. Caligari,Fantasy,Robert Wiene,1920,76,12,2025-02-12 15:30,8.50
2514,Aladdin,Animation,Ron Clements,1992,90,0,2025-02-12 13:00,7.50
2515,Die Hard,Action,John McTiernan,1988,132,12,2025-02-12 10:00,8.00
2516,Amélie,Comedy,Jean-Pierre Jeunet,2001,122,0,2025-02-11 10:30,8.50
2517,Rosemary's Baby,Drama,Roman Polanski,1968,137,12,2025-02-10 10:30,7.00
2518,Aladdin,Animation,Ron Clements,1992,90,0,2025-02-09 17:30,6.50
2519,Kind Hearts and Coronets,Comedy,Robert Hamer,1949,106,0,2025-02-09 15:00,8.00
2520,Clerks,Comedy,Kevin Smith,1994,92,16,2025-02-09 12:30,6.50
2521,Clerks,Comedy,Kevin Smith,1994,92,16,2025-02-09 10:00,8.00
2522,Platoon,Drama,Oliver Stone,1986,120,12,2025-02-08 15:30,7.00
2523,It Happened One Night,Comedy,Frank Capra,1934,105,12,2025-02-08 13:00,8.00
2524,Les choristes,Drama,Christophe Barratier,2004,97,12,2025-02-08 10:30,8.50
2525,Twelve Monkeys,Mystery,Terry Gilliam,1995,129,12,2025-02-07 16:00,7.50
2526,Back to the Future,Adventure,Robert Zemeckis,1985,116,0,2025-02-07 13:00,6.50
2527,The Magnificent Seven,Action,John Sturges,1960,128,12,2025-02-07 10:00,6.50
2528,Rashômon,Crime,Akira Kurosawa,1950,88,12,2025-02-06 15:00,8.50
2529,Das Cabinet des Dr. Caligari,Fantasy,Robert Wiene,1920,76,12,2025-02-06 13:00,7.00
2530,Les choristes,Drama,Christophe Barratier,2004,97,12,2025-02-06 10:30,6.50
2531,Au revoir les enfants,Drama,Louis Malle,1987,104,0,2025-02-05 10:00,7.50
2532,Kind Hearts and Coronets,Comedy,Robert Hamer,1949,106,0,2025-02-04 15:00,7.50
2533,Strangers on a Train,Crime,Alfred Hitchcock,1951,101,12,2025-02-04 12:30,6.50
2534,It Happened One Night,Comedy,Frank Capra,1934,105,12,2025-02-04 10:00,7.00
2535,Clerks,Comedy,Kevin Smith,1994,92,16,2025-02-03 15:00,8.50
2536,Home Alone,Comedy,Chris Columbus,1990,103,0,2025-02-03 12:30,8.50
2537,"Shin seiki Evangelion Gekijô-ban: Air/Magokoro wo, kimi ni",Animation,Hideaki Anno,1997,87,12,2025-02-03 10:00,8.50
2538,Training Day,Crime,Antoine Fuqua,2001,122,12,2025-02-02 16:00,6.50
2539,Dog Day Afternoon,Biography,Sidney Lumet,1975,125,0,2025-02-02 13:00,7.00
2540,Strangers on a Train,Crime,Alfred Hitchcock,1951,101,12,2025-02-02 10:30,7.50
2541,Amélie,Comedy,Jean-Pierre Jeunet,2001,122,0,2025-02-01 18:00,9.00
2542,Au revoir les enfants,Drama,Louis Malle,1987,104,0,2025-02-01 15:30,8.50
2543,The Goonies,Adventure,Richard Donner,1985,114,0,2025-02-01 13:00,7.50
2544,Primal Fear,Crime,Gregory Hoblit,1996,129,12,2025-02-01 10:00,7.00
2545,The Goonies,Adventure,Richard Donner,1985,114,0,2025-01-31 13:00,7.50
2546,Clerks,Comedy,Kevin Smith,1994,92,16,2025-01-31 10:30,7.50
2547,Au revoir les enfants,Drama,Louis Malle,1987,104,0,2025-01-30 10:30,6.50
2548,Home Alone,Comedy,Chris Columbus,1990,103,0,2025-01-29 13:30,8.00
2549,"Il buono, il brutto, il cattivo",Western,Sergio Leone,1966,161,12,2025-01-29 10:00,7.50
2550,Arsenic and Old Lace,Comedy,Frank Capra,1942,118,12,2025-01-28 10:00,7.50
2551,The Magnificent Seven,Action,John Sturges,1960,128,12,2025-01-27 16:30,8.50
2552,Training Day,Crime,Antoine Fuqua,2001,122,12,2025-01-27 13:30,8.50
2553,Training Day,Crime,Antoine Fuqua,2001,122,12,2025-01-27 10:30,7.00
2554,The Godfather: Part III,Crime,Francis Ford Coppola,1990,162,12,2025-01-26 19:00,9.50
2555,Rashômon,Crime,Akira Kurosawa,1950,88,12,2025-01-26 16:30,8.00
2556,Mononoke-hime,Animation,Hayao Miyazaki,1997,134,0,2025-01-26 13:30,6.50
2557,The Magnificent Seven,Action,John Sturges,1960,128,12,2025-01-26 10:30,7.00
2558,Twelve Monkeys,Mystery,Terry Gilliam,1995,129,12,2025-01-25 17:00,6.50
2559,Barry Lyndon,Adventure,Stanley Kubrick,1975,185,6,2025-01-25 13:00,6.50
2560,Training Day,Crime,Antoine Fuqua,2001,122,12,2025-01-25 10:00,7.00
2561,Escape from Alcatraz,Action,Don Siegel,1979,112,12,2025-01-24 13:00,8.00
2562,Repulsion,Drama,Roman Polanski,1965,105,12,2025-01-24 10:30,7.50
2563,Amélie,Comedy,Jean-Pierre Jeunet,2001,122,0,2025-01-23 15:30,6.50
2564,Amélie,Comedy,Jean-Pierre Jeunet,2001,122,0,2025-01-23 12:30,8.50
2565,Jeux d'enfants,Comedy,Yann Samuell,2003,93,16,2025-01-23 10:00,8.00
2566,The Goonies,Adventure,Richard Donner,1985,114,0,2025-01-22 15:30,7.00
2567,Les choristes,Drama,Christophe Barratier,2004,97,12,2025-01-22 13:00,7.00
2568,It Happened One Night,Comedy,Frank Capra,1934,105,12,2025-01-22 10:30,8.00
2569,All About Eve,Drama,Joseph L. Mankiewicz,1950,138,12,2025-01-21 13:00,7.00
2570,Repulsion,Drama,Roman Polanski,1965,105,12,2025-01-21 10:30,7.50
2571,Platoon,Drama,Oliver Stone,1986,120,12,2025-01-20 13:30,7.00
2572,Twelve Monkeys,Mystery,Terry Gilliam,1995,129,12,2025-01-20 10:30,6.50
2573,Gongdong gyeongbi guyeok JSA,Action,Chan-wook Park,2000,110,12,2025-01-19 18:00,8.50
2574,"Shin seiki Evangelion Gekijô-ban: Air/Magokoro wo, kimi ni",Animation,Hideaki Anno,1997,87,12,2025-01-19 16:00,7.50
2575,Au revoir les enfants,Drama,Louis Malle,1987,104,0,2025-01-19 13:30,8.50
2576,Platoon,Drama,Oliver Stone,1986,120,12,2025-01-19 10:30,8.50
2577,Barry Lyndon,Adventure,Stanley Kubrick,1975,185,6,2025-01-18 18:00,9.00
2578,First Blood,Action,Ted Kotcheff,1982,93,12,2025-01-18 15:30,6.50
2579,Au revoir les enfants,Drama,Louis Malle,1987,104,0,2025-01-18 13:00,7.00
2580,Escape from Alcatraz,Action,Don Siegel,1979,112,12,2025-01-18 10:00,8.50
2581,First Blood,Action,Ted Kotcheff,1982,93,12,2025-01-17 16:00,7.00
2582,Gongdong gyeongbi guyeok JSA,Action,Chan-wook Park,2000,110,12,2025-01-17 13:30,6.50
2583,Platoon,Drama,Oliver Stone,1986,120,12,2025-01-17 10:30,8.00
2584,All About Eve,Drama,Joseph L. Mankiewicz,1950,138,12,2025-01-16 15:30,7.00
2585,Finding Nemo,Animation,Andrew Stanton,2003,100,0,2025-01-16 13:00,8.50
2586,Stand by Me,Adventure,Rob Reiner,1986,89,0,2025-01-16 10:30,6.50
2587,City Lights,Comedy,Charles Chaplin,1931,87,0,2025-01-15 13:00,7.50
2588,Fa yeung nin wah,Drama,Kar-Wai Wong,2000,98,0,2025-01-15 10:30,6.50
2589,Twelve Monkeys,Mystery,Terry Gilliam,1995,129,12,2025-01-14 10:30,7.00
2590,Amélie,Comedy,Jean-Pierre Jeunet,2001,122,0,2025-01-13 10:00,8.00
2591,The Godfather: Part III,Crime,Francis Ford Coppola,1990,162,12,2025-01-12 15:30,6.50
2592,Escape from Alcatraz,Action,Don Siegel,1979,112,12,2025-01-12 13:00,6.50
2593,The Thin Man,Comedy,W.S. Van Dyke,1934,91,12,2025-01-12 10:30,6.50
2594,Platoon,Drama,Oliver Stone,1986,120,12,2025-01-11 15:00,8.50
2595,City Lights,Comedy,Charles Chaplin,1931,87,0,2025-01-11 12:30,8.50
2596,Les choristes,Drama,Christophe Barratier,2004,97,12,2025-01-11 10:00,6.50
2597,The Thin Man,Comedy,W.S. Van Dyke,1934,91,12,2025-01-10 10:30,7.50
2598,Mononoke-hime,Animation,Hayao Miyazaki,1997,134,0,2025-01-09 13:00,7.50
2599,The Thin Man,Comedy,W.S. Van Dyke,1934,91,12,2025-01-09 10:30,7.00
2600,All About Eve,Drama,Joseph L. Mankiewicz,1950,138,12,2025-01-08 16:00,7.50
2601,Mononoke-hime,Animation,Hayao Miyazaki,1997,134,0,2025-01-08 13:00,8.50
2602,All About Eve,Drama,Joseph L. Mankiewicz,1950,138,12,2025-01-08 10:00,8.50
2603,Repulsion,Drama,Roman Polanski,1965,105,12,2025-01-07 16:30,6.50
2604,Twelve Monkeys,Mystery,Terry Gilliam,1995,129,12,2025-01-07 13:30,6.50
2605,The Godfather: Part III,Crime,Francis Ford Coppola,1990,162,12,2025-01-07 10:00,6.50
2606,Home Alone,Comedy,Chris Columbus,1990,103,0,2025-01-06 10:30,7.50
2607,The Apartment,Comedy,Billy Wilder,1960,125,0,2025-01-05 19:00,9.50
2608,Dial M for Murder,Crime,Alfred Hitchcock,1954,105,12,2025-01-05 16:30,7.00
2609,In the Name of the Father,Biography,Jim Sheridan,1993,133,12,2025-01-05 13:30,7.50
2610,The Apartment,Comedy,Billy Wilder,1960,125,0,2025-01-05 10:30,7.00
2611,First Blood,Action,Ted Kotcheff,1982,93,12,2025-01-04 18:30,8.50
2612,Fa yeung nin wah,Drama,Kar-Wai Wong,2000,98,0,2025-01-04 16:00,7.00
2613,Repulsion,Drama,Roman Polanski,1965,105,12,2025-01-04 13:30,8.50
2614,In the Name of the Father,Biography,Jim Sheridan,1993,133,12,2025-01-04 10:30,7.00
2615,The Kid,Comedy,Charles Chaplin,1921,68,12,2025-01-03 10:00,8.50
2616,Stagecoach,Adventure,John Ford,1939,96,12,2025-01-02 16:00,7.00
2617,The Last Samurai,Action,Edward Zwick,2003,154,12,2025-01-02 12:30,6.50
2618,The Thin Man,Comedy,W.S. Van Dyke,1934,91,12,2025-01-02 10:00,8.50
2619,The Apartment,Comedy,Billy Wilder,1960,125,0,2025-01-01 13:00,8.50
2620,Stand by Me,Adventure,Rob Reiner,1986,89,0,2025-01-01 10:30,7.00
2621,Gongdong gyeongbi guyeok JSA,Action,Chan-wook Park,2000,110,12,2024-12-31 13:00,6.50
2622,First Blood,Action,Ted Kotcheff,1982,93,12,2024-12-31 10:30,6.50
2623,Lola rennt,Crime,Tom Tykwer,1998,81,12,2024-12-30 16:30,7.50
2624,Midnight Cowboy,Drama,John Schlesinger,1969,113,12,2024-12-30 13:30,8.00
2625,Mississippi Burning,Crime,Alan Parker,1988,128,12,2024-12-30 10:30,7.00
2626,Gongdong gyeongbi guyeok JSA,Action,Chan-wook Park,2000,110,12,2024-12-29 16:30,6.50
2627,Jeux d'enfants,Comedy,Yann Samuell,2003,93,16,2024-12-29 14:00,7.00
2628,The Godfather: Part III,Crime,Francis Ford Coppola,1990,162,12,2024-12-29 10:30,8.00
2629,Harry Potter and the Prisoner of Azkaban,Adventure,Alfonso Cuarón,2004,142,0,2024-12-28 19:00,8.50
2630,Harry Potter and the Prisoner of Azkaban,Adventure,Alfonso Cuarón,2004,142,0,2024-12-28 16:00,6.50
2631,Anatomy of a Murder,Crime,Otto Preminger,1959,161,12,2024-12-28 12:30,7.00
2632,"Shin seiki Evangelion Gekijô-ban: Air/Magokoro wo, kimi ni",Animation,Hideaki Anno,1997,87,12,2024-12-28 10:30,8.00
2633,Finding Nemo,Animation,Andrew Stanton,2003,100,0,2024-12-27 13:00,6.50
2634,Le samouraï,Crime,Jean-Pierre Melville,1967,105,12,2024-12-27 10:30,6.50
2635,Midnight Cowboy,Drama,John Schlesinger,1969,113,12,2024-12-26 16:00,7.50
2636,Das Boot,Adventure,Wolfgang Petersen,1981,149,16,2024-12-26 12:30,7.00
2637,The Thin Man,Comedy,W.S. Van Dyke,1934,91,12,2024-12-26 10:00,6.50
2638,Finding Nemo,Animation,Andrew Stanton,2003,100,0,2024-12-25 15:30,6.50
2639,Eternal Sunshine of the Spotless Mind,Drama,Michel Gondry,2004,108,12,2024-12-25 13:00,8.50
2640,Blade Runner,Action,Ridley Scott,1982,117,12,2024-12-25 10:30,8.50
2641,Jeux d'enfants,Comedy,Yann Samuell,2003,93,16,2024-12-24 15:30,8.50
2642,Die Hard,Action,John McTiernan,1988,132,12,2024-12-24 12:30,8.50
2643,City Lights,Comedy,Charles Chaplin,1931,87,0,2024-12-24 10:00,7.00
2644,American Psycho,Comedy,Mary Harron,2000,101,12,2024-12-23 10:00,7.00
2645,Anatomy of a Murder,Crime,Otto Preminger,1959,161,12,2024-12-22 15:30,8.50
2646,The Others,Horror,Alejandro Amenábar,2001,101,12,2024-12-22 13:00,7.00
2647,Il postino,Biography,Michael Radford,1994,108,0,2024-12-22 10:30,7.50
2648,In the Name of the Father,Biography,Jim Sheridan,1993,133,12,2024-12-21 18:30,10.00
2649,All About Eve,Drama,Joseph L. Mankiewicz,1950,138,12,2024-12-21 15:00,6.50
2650,City Lights,Comedy,Charles Chaplin,1931,87,0,2024-12-21 12:30,8.50
2651,Gongdong gyeongbi guyeok JSA,Action,Chan-wook Park,2000,110,12,2024-12-21 10:00,7.00
2652,The Night of the Hunter,Crime,Charles Laughton,1955,92,12,2024-12-20 15:30,8.50
2653,Freaks,Drama,Tod Browning,1932,64,12,2024-12-20 13:30,8.00
2654,Die Hard,Action,John McTiernan,1988,132,12,2024-12-20 10:30,7.00
2655,Finding Nemo,Animation,Andrew Stanton,2003,100,0,2024-12-19 13:00,7.00
2656,Dog Day Afternoon,Biography,Sidney Lumet,1975,125,0,2024-12-19 10:00,7.00
2657,The Others,Horror,Alejandro Amenábar,2001,101,12,2024-12-18 10:00,8.00
2658,City Lights,Comedy,Charles Chaplin,1931,87,0,2024-12-17 10:00,6.50
2659,Eternal Sunshine of the Spotless Mind,Drama,Michel Gondry,2004,108,12,2024-12-16 13:00,6.50
2660,The Wild Bunch,Action,Sam Peckinpah,1969,145,12,2024-12-16 10:00,8.50
2661,Snatch,Comedy,Guy Ritchie,2000,104,12,2024-12-15 15:30,8.00
2662,The Outlaw Josey Wales,Western,Clint Eastwood,1976,135,12,2024-12-15 12:30,8.00
2663,Lola rennt,Crime,Tom Tykwer,1998,81,12,2024-12-15 10:00,7.00
2664,The Others,Horror,Alejandro Amenábar,2001,101,12,2024-12-14 16:00,6.50
2665,Harry Potter and the Prisoner of Azkaban,Adventure,Alfonso Cuarón,2004,142,0,2024-12-14 13:00,7.00
2666,Jeux d'enfants,Comedy,Yann Samuell,2003,93,16,2024-12-14 10:30,7.00
2667,Snatch,Comedy,Guy Ritchie,2000,104,12,2024-12-13 10:00,7.00
2668,The Outlaw Josey Wales,Western,Clint Eastwood,1976,135,12,2024-12-12 10:00,7.50
2669,The Night of the Hunter,Crime,Charles Laughton,1955,92,12,2024-12-11 15:00,8.50
2670,Il postino,Biography,Michael Radford,1994,108,0,2024-12-11 12:30,8.50
2671,Midnight Cowboy,Drama,John Schlesinger,1969,113,12,2024-12-11 10:00,7.50
2672,Le samouraï,Crime,Jean-Pierre Melville,1967,105,12,2024-12-10 13:00,7.50
2673,Lola rennt,Crime,Tom Tykwer,1998,81,12,2024-12-10 10:30,6.50
2674,Die Hard,Action,John McTiernan,1988,132,12,2024-12-09 13:30,7.00
2675,Midnight Cowboy,Drama,John Schlesinger,1969,113,12,2024-12-09 10:30,8.00
2676,Ying xiong,Action,Yimou Zhang,2002,120,12,2024-12-08 16:30,6.50
2677,Blade Runner,Action,Ridley Scott,1982,117,12,2024-12-08 13:30,8.00
2678,Midnight Cowboy,Drama,John Schlesinger,1969,113,12,2024-12-08 10:30,6.50
2679,Das Boot,Adventure,Wolfgang Petersen,1981,149,16,2024-12-07 16:00,8.00
2680,Boyz n the Hood,Crime,John Singleton,1991,112,12,2024-12-07 13:00,7.50
2681,Il postino,Biography,Michael Radford,1994,108,0,2024-12-07 10:30,7.00
2682,Das Boot,Adventure,Wolfgang Petersen,1981,149,16,2024-12-06 13:00,7.50
2683,Il postino,Biography,Michael Radford,1994,108,0,2024-12-06 10:30,6.50
2684,Mulan,Animation,Tony Bancroft,1998,88,0,2024-12-05 10:30,8.50
2685,Harry Potter and the Prisoner of Azkaban,Adventure,Alfonso Cuarón,2004,142,0,2024-12-04 10:00,7.00
2686,Blade Runner,Action,Ridley Scott,1982,117,12,2024-12-03 13:00,8.00
2687,Ying xiong,Action,Yimou Zhang,2002,120,12,2024-12-03 10:00,6.50
2688,The Night of the Hunter,Crime,Charles Laughton,1955,92,12,2024-12-02 13:00,6.50
2689,Dial M for Murder,Crime,Alfred Hitchcock,1954,105,12,2024-12-02 10:30,8.50
2690,American Psycho,Comedy,Mary Harron,2000,101,12,2024-12-01 18:00,9.50
2691,The Night of the Hunter,Crime,Charles Laughton,1955,92,12,2024-12-01 15:30,7.50
2692,Ying xiong,Action,Yimou Zhang,2002,120,12,2024-12-01 12:30,8.50
2693,The Night of the Hunter,Crime,Charles Laughton,1955,92,12,2024-12-01 10:00,7.00
2694,Dial M for Murder,Crime,Alfred Hitchcock,1954,105,12,2024-11-30 17:30,8.00
2695,The 39 Steps,Crime,Alfred Hitchcock,1935,86,12,2024-11-30 15:00,8.00
2696,Il postino,Biography,Michael Radford,1994,108,0,2024-11-30 12:30,8.00
2697,The Night of the Hunter,Crime,Charles Laughton,1955,92,12,2024-11-30 10:00,7.50
2698,Alien,Horror,Ridley Scott,1979,117,16,2024-11-29 15:30,8.00
2699,Snatch,Comedy,Guy Ritchie,2000,104,12,2024-11-29 13:00,8.50
2700,Mulan,Animation,Tony Bancroft,1998,88,0,2024-11-29 10:30,8.50
2701,Ying xiong,Action,Yimou Zhang,2002,120,12,2024-11-28 13:00,8.50
2702,La vita è bella,Comedy,Roberto Benigni,1997,116,0,2024-11-28 10:00,8.00
2703,American Psycho,Comedy,Mary Harron,2000,101,12,2024-11-27 10:00,7.50
2704,The Kid,Comedy,Charles Chaplin,1921,68,12,2024-11-26 10:00,7.50
2705,The Last Samurai,Action,Edward Zwick,2003,154,12,2024-11-25 10:00,8.50
2706,Fight Club,Drama,David Fincher,1999,139,12,2024-11-24 18:00,10.00
2707,"Aguirre, der Zorn Gottes",Action,Werner Herzog,1972,95,12,2024-11-24 15:30,7.50
2708,Il postino,Biography,Michael Radford,1994,108,0,2024-11-24 13:00,8.50
2709,E.T. the Extra-Terrestrial,Family,Steven Spielberg,1982,115,0,2024-11-24 10:00,8.00
2710,The Others,Horror,Alejandro Amenábar,2001,101,12,2024-11-23 16:00,8.50
2711,Mulan,Animation,Tony Bancroft,1998,88,0,2024-11-23 13:30,8.00
2712,Fight Club,Drama,David Fincher,1999,139,12,2024-11-23 10:30,8.50
2713,Dial M for Murder,Crime,Alfred Hitchcock,1954,105,12,2024-11-22 13:00,8.00
2714,Eternal Sunshine of the Spotless Mind,Drama,Michel Gondry,2004,108,12,2024-11-22 10:30,8.00
2715,Alien,Horror,Ridley Scott,1979,117,16,2024-11-21 10:00,6.50
2716,Fight Club,Drama,David Fincher,1999,139,12,2024-11-20 14:00,7.00
2717,Underground,Comedy,Emir Kusturica,1995,170,12,2024-11-20 10:00,7.50
2718,Snatch,Comedy,Guy Ritchie,2000,104,12,2024-11-19 10:30,8.00
2719,The Outlaw Josey Wales,Western,Clint Eastwood,1976,135,12,2024-11-18 13:00,8.50
2720,Fight Club,Drama,David Fincher,1999,139,12,2024-11-18 10:00,8.50
2721,Evil Dead II,Action,Sam Raimi,1987,84,12,2024-11-17 16:00,8.50
2722,Crash,Crime,Paul Haggis,2004,112,12,2024-11-17 13:30,6.50
2723,La vita è bella,Comedy,Roberto Benigni,1997,116,0,2024-11-17 10:30,8.00
2724,Scent of a Woman,Drama,Martin Brest,1992,156,12,2024-11-16 16:30,8.00
2725,Snatch,Comedy,Guy Ritchie,2000,104,12,2024-11-16 14:00,8.50
2726,The Sound of Music,Biography,Robert Wise,1965,172,0,2024-11-16 10:30,8.00
2727,Mulan,Animation,Tony Bancroft,1998,88,0,2024-11-15 10:30,7.50
2728,Midnight Cowboy,Drama,John Schlesinger,1969,113,12,2024-11-14 13:00,7.50
2729,Evil Dead II,Action,Sam Raimi,1987,84,12,2024-11-14 10:30,8.00
2730,Jeux d'enfants,Comedy,Yann Samuell,2003,93,16,2024-11-13 16:00,7.50
2731,The Last Samurai,Action,Edward Zwick,2003,154,12,2024-11-13 12:30,7.50
2732,"Aguirre, der Zorn Gottes",Action,Werner Herzog,1972,95,12,2024-11-13 10:00,6.50
2733,E.T. the Extra-Terrestrial,Family,Steven Spielberg,1982,115,0,2024-11-12 13:00,7.50
2734,Sen to Chihiro no kamikakushi,Animation,Hayao Miyazaki,2001,125,0,2024-11-12 10:00,7.00
2735,The Thin Man,Comedy,W.S. Van Dyke,1934,91,12,2024-11-11 10:30,7.00
2736,Hable con ella,Drama,Pedro Almodóvar,2002,112,16,2024-11-10 17:30,8.50
2737,The Sound of Music,Biography,Robert Wise,1965,172,0,2024-11-10 13:30,7.00
2738,Scent of a Woman,Drama,Martin Brest,1992,156,12,2024-11-10 10:00,8.00
2739,Diarios de motocicleta,Adventure,Walter Salles,2004,126,0,2024-11-09 19:00,9.50
2740,Akira,Animation,Katsuhiro Ôtomo,1988,124,12,2024-11-09 16:00,8.00
2741,Alien,Horror,Ridley Scott,1979,117,16,2024-11-09 13:30,8.50
2742,Abre los ojos,Drama,Alejandro Amenábar,1997,119,0,2024-11-09 10:30,6.50
2743,Scent of a Woman,Drama,Martin Brest,1992,156,12,2024-11-08 13:00,7.00
2744,Alien,Horror,Ridley Scott,1979,117,16,2024-11-08 10:00,8.50
2745,Jeux d'enfants,Comedy,Yann Samuell,2003,93,16,2024-11-07 16:30,8.50
2746,Almost Famous,Adventure,Cameron Crowe,2000,122,12,2024-11-07 13:30,7.00
2747,Diarios de motocicleta,Adventure,Walter Salles,2004,126,0,2024-11-07 10:30,7.50
2748,Alien,Horror,Ridley Scott,1979,117,16,2024-11-06 13:30,8.50
2749,Underground,Comedy,Emir Kusturica,1995,170,12,2024-11-06 10:00,8.00
2750,Stand by Me,Adventure,Rob Reiner,1986,89,0,2024-11-05 10:30,7.50
2751,Out of the Past,Crime,Jacques Tourneur,1947,97,12,2024-11-04 13:30,7.00
2752,Amarcord,Comedy,Federico Fellini,1973,123,16,2024-11-04 10:30,7.50
2753,Diarios de motocicleta,Adventure,Walter Salles,2004,126,0,2024-11-03 18:00,9.50
2754,Stand by Me,Adventure,Rob Reiner,1986,89,0,2024-11-03 16:00,8.50
2755,Il conformista,Drama,Bernardo Bertolucci,1970,113,12,2024-11-03 13:30,6.50
2756,E.T. the Extra-Terrestrial,Family,Steven Spielberg,1982,115,0,2024-11-03 10:30,7.50
2757,The Sound of Music,Biography,Robert Wise,1965,172,0,2024-11-02 15:30,6.50
2758,Majo no takkyûbin,Animation,Hayao Miyazaki,1989,103,0,2024-11-02 13:00,8.00
2759,Dip huet seung hung,Action,John Woo,1989,111,16,2024-11-02 10:30,7.50
2760,Dip huet seung hung,Action,John Woo,1989,111,16,2024-11-01 10:00,7.50
2761,Il conformista,Drama,Bernardo Bertolucci,1970,113,12,2024-10-31 16:00,7.00
2762,E.T. the Extra-Terrestrial,Family,Steven Spielberg,1982,115,0,2024-10-31 13:00,7.00
2763,Star Trek II: The Wrath of Khan,Action,Nicholas Meyer,1982,113,0,2024-10-31 10:30,7.50
2764,Almost Famous,Adventure,Cameron Crowe,2000,122,12,2024-10-30 10:00,8.50
2765,E.T. the Extra-Terrestrial,Family,Steven Spielberg,1982,115,0,2024-10-29 15:00,6.50
2766,Seppuku,Action,Masaki Kobayashi,1962,133,12,2024-10-29 12:00,7.50
2767,Les triplettes de Belleville,Animation,Sylvain Chomet,2003,80,12,2024-10-29 10:00,6.50
2768,Fight Club,Drama,David Fincher,1999,139,12,2024-10-28 15:30,7.50
2769,Stand by Me,Adventure,Rob Reiner,1986,89,0,2024-10-28 13:00,7.00
2770,Stand by Me,Adventure,Rob Reiner,1986,89,0,2024-10-28 10:30,7.00
2771,E.T. the Extra-Terrestrial,Family,Steven Spielberg,1982,115,0,2024-10-27 17:00,7.00
2772,All Quiet on the Western Front,Drama,Lewis Milestone,1930,152,0,2024-10-27 13:30,8.00
2773,Almost Famous,Adventure,Cameron Crowe,2000,122,12,2024-10-27 10:30,7.00
2774,La vita è bella,Comedy,Roberto Benigni,1997,116,0,2024-10-26 15:30,8.00
2775,Alien,Horror,Ridley Scott,1979,117,16,2024-10-26 12:30,7.00
2776,"Aguirre, der Zorn Gottes",Action,Werner Herzog,1972,95,12,2024-10-26 10:00,7.00
2777,Almost Famous,Adventure,Cameron Crowe,2000,122,12,2024-10-25 13:00,8.00
2778,Abre los ojos,Drama,Alejandro Amenábar,1997,119,0,2024-10-25 10:00,8.00
2779,Akira,Animation,Katsuhiro Ôtomo,1988,124,12,2024-10-24 17:30,7.00
2780,Airplane!,Comedy,Jim Abrahams,1980,88,0,2024-10-24 15:00,8.00
2781,Hamlet,Drama,Kenneth Branagh,1996,242,12,2024-10-24 10:00,7.50
2782,Kaze no tani no Naushika,Animation,Hayao Miyazaki,1984,117,0,2024-10-23 13:00,8.00
2783,Sen to Chihiro no kamikakushi,Animation,Hayao Miyazaki,2001,125,0,2024-10-23 10:00,8.50
2784,Akira,Animation,Katsuhiro Ôtomo,1988,124,12,2024-10-22 13:00,7.50
2785,E.T. the Extra-Terrestrial,Family,Steven Spielberg,1982,115,0,2024-10-22 10:30,7.50
2786,Le samouraï,Crime,Jean-Pierre Melville,1967,105,12,2024-10-21 12:30,7.50
2787,Out of the Past,Crime,Jacques Tourneur,1947,97,12,2024-10-21 10:00,8.00
2788,The Butterfly Effect,Drama,Eric Bress,2004,113,0,2024-10-20 16:30,6.50
2789,Diarios de motocicleta,Adventure,Walter Salles,2004,126,0,2024-10-20 13:30,7.50
2790,All Quiet on the Western Front,Drama,Lewis Milestone,1930,152,0,2024-10-20 10:00,8.50
2791,Les triplettes de Belleville,Animation,Sylvain Chomet,2003,80,12,2024-10-19 17:30,6.50
2792,Pulp Fiction,Crime,Quentin Tarantino,1994,154,12,2024-10-19 14:00,8.00
2793,Scent of a Woman,Drama,Martin Brest,1992,156,12,2024-10-19 10:30,7.50
2794,Fight Club,Drama,David Fincher,1999,139,12,2024-10-18 16:00,7.50
2795,E.T. the Extra-Terrestrial,Family,Steven Spielberg,1982,115,0,2024-10-18 13:00,7.50
2796,Dog Day Afternoon,Biography,Sidney Lumet,1975,125,0,2024-10-18 10:00,6.50
2797,E.T. the Extra-Terrestrial,Family,Steven Spielberg,1982,115,0,2024-10-17 16:30,7.50
2798,E.T. the Extra-Terrestrial,Family,Steven Spielberg,1982,115,0,2024-10-17 13:30,6.50
2799,It's a Wonderful Life,Drama,Frank Capra,1946,130,6,2024-10-17 10:30,7.50
2800,Seppuku,Action,Masaki Kobayashi,1962,133,12,2024-10-16 10:30,6.50
2801,Raging Bull,Biography,Martin Scorsese,1980,129,12,2024-10-15 13:30,8.00
2802,Idi i smotri,Drama,Elem Klimov,1985,142,12,2024-10-15 10:30,8.50
2803,Il conformista,Drama,Bernardo Bertolucci,1970,113,12,2024-10-14 14:00,8.00
2804,Fitzcarraldo,Adventure,Werner Herzog,1982,158,16,2024-10-14 10:30,8.00
2805,Airplane!,Comedy,Jim Abrahams,1980,88,0,2024-10-13 18:30,9.50
2806,Gilda,Drama,Charles Vidor,1946,110,12,2024-10-13 16:00,7.50
2807,Lethal Weapon,Action,Richard Donner,1987,109,12,2024-10-13 13:30,8.00
2808,The Butterfly Effect,Drama,Eric Bress,2004,113,0,2024-10-13 10:30,6.50
2809,E.T. the Extra-Terrestrial,Family,Steven Spielberg,1982,115,0,2024-10-12 17:30,7.00
2810,City Lights,Comedy,Charles Chaplin,1931,87,0,2024-10-12 15:30,8.00
2811,Before Sunset,Drama,Richard Linklater,2004,80,16,2024-10-12 13:00,6.50
2812,The Thin Man,Comedy,W.S. Van Dyke,1934,91,12,2024-10-12 10:30,7.50
2813,Les triplettes de Belleville,Animation,Sylvain Chomet,2003,80,12,2024-10-11 10:30,8.50
2814,Scent of a Woman,Drama,Martin Brest,1992,156,12,2024-10-10 13:30,7.50
2815,Fight Club,Drama,David Fincher,1999,139,12,2024-10-10 10:00,8.50
2816,The Thin Man,Comedy,W.S. Van Dyke,1934,91,12,2024-10-09 13:30,7.50
2817,The Goonies,Adventure,Richard Donner,1985,114,0,2024-10-09 10:30,6.50
2818,The Bourne Supremacy,Action,Paul Greengrass,2004,108,12,2024-10-08 12:30,7.00
2819,Lethal Weapon,Action,Richard Donner,1987,109,12,2024-10-08 10:00,7.50
2820,Sen to Chihiro no kamikakushi,Animation,Hayao Miyazaki,2001,125,0,2024-10-07 10:30,8.00
2821,Viskningar och rop,Drama,Ingmar Bergman,1972,91,12,2024-10-06 18:30,10.00
2822,Idi i smotri,Drama,Elem Klimov,1985,142,12,2024-10-06 15:00,7.00
2823,Lethal Weapon,Action,Richard Donner,1987,109,12,2024-10-06 12:30,7.00
2824,Airplane!,Comedy,Jim Abrahams,1980,88,0,2024-10-06 10:00,8.00
2825,Gilda,Drama,Charles Vidor,1946,110,12,2024-10-05 17:30,7.00
2826,After Hours,Comedy,Martin Scorsese,1985,97,12,2024-10-05 15:00,7.00
2827,Out of the Past,Crime,Jacques Tourneur,1947,97,12,2024-10-05 12:30,8.50
2828,Out of the Past,Crime,Jacques Tourneur,1947,97,12,2024-10-05 10:00,7.50
2829,Stand by Me,Adventure,Rob Reiner,1986,89,0,2024-10-04 10:00,6.50
2830,Almost Famous,Adventure,Cameron Crowe,2000,122,12,2024-10-03 16:30,7.50
2831,Airplane!,Comedy,Jim Abrahams,1980,88,0,2024-10-03 14:30,7.00
2832,The Lord of the Rings: The Fellowship of the Ring,Action,Peter Jackson,2001,178,0,2024-10-03 10:30,6.50
2833,Amarcord,Comedy,Federico Fellini,1973,123,16,2024-10-02 10:00,7.00
2834,Pulp Fiction,Crime,Quentin Tarantino,1994,154,12,2024-10-01 12:30,7.00
2835,Majo no takkyûbin,Animation,Hayao Miyazaki,1989,103,0,2024-10-01 10:00,7.50
2836,Ace in the Hole,Drama,Billy Wilder,1951,111,12,2024-09-30 15:30,8.00
2837,The Shop Around the Corner,Comedy,Ernst Lubitsch,1940,99,12,2024-09-30 13:00,8.50
2838,The Butterfly Effect,Drama,Eric Bress,2004,113,0,2024-09-30 10:00,8.00
2839,Dog Day Afternoon,Biography,Sidney Lumet,1975,125,0,2024-09-29 18:30,9.00
2840,Le samouraï,Crime,Jean-Pierre Melville,1967,105,12,2024-09-29 16:00,6.50
2841,Almost Famous,Adventure,Cameron Crowe,2000,122,12,2024-09-29 13:00,6.50
2842,Kaze no tani no Naushika,Animation,Hayao Miyazaki,1984,117,0,2024-09-29 10:00,8.50
2843,Enter the Dragon,Action,Robert Clouse,1973,102,12,2024-09-28 18:30,10.00
2844,Le samouraï,Crime,Jean-Pierre Melville,1967,105,12,2024-09-28 16:00,8.00
2845,No Man's Land,Comedy,Danis Tanovic,2001,98,16,2024-09-28 13:30,7.00
2846,It's a Wonderful Life,Drama,Frank Capra,1946,130,6,2024-09-28 10:30,8.00
2847,City Lights,Comedy,Charles Chaplin,1931,87,0,2024-09-27 16:00,7.50
2848,Seppuku,Action,Masaki Kobayashi,1962,133,12,2024-09-27 13:00,8.00
2849,Dog Day Afternoon,Biography,Sidney Lumet,1975,125,0,2024-09-27 10:00,6.50
2850,Midnight Express,Biography,Alan Parker,1978,121,12,2024-09-26 10:30,8.50
2851,Crimes and Misdemeanors,Comedy,Woody Allen,1989,104,12,2024-09-25 10:00,8.50
2852,The Butterfly Effect,Drama,Eric Bress,2004,113,0,2024-09-24 10:30,8.00
2853,After Hours,Comedy,Martin Scorsese,1985,97,12,2024-09-23 16:30,8.50
2854,Lethal Weapon,Action,Richard Donner,1987,109,12,2024-09-23 14:00,6.50
2855,Pulp Fiction,Crime,Quentin Tarantino,1994,154,12,2024-09-23 10:30,8.50
2856,The Grapes of Wrath,Drama,John Ford,1940,129,12,2024-09-22 19:00,10.00
2857,The Goonies,Adventure,Richard Donner,1985,114,0,2024-09-22 16:00,6.50
2858,The Bourne Supremacy,Action,Paul Greengrass,2004,108,12,2024-09-22 13:00,8.50
2859,The Goonies,Adventure,Richard Donner,1985,114,0,2024-09-22 10:30,8.00
2860,Star Trek II: The Wrath of Khan,Action,Nicholas Meyer,1982,113,0,2024-09-21 16:00,7.00
2861,Seppuku,Action,Masaki Kobayashi,1962,133,12,2024-09-21 13:00,8.50
2862,Kaze no tani no Naushika,Animation,Hayao Miyazaki,1984,117,0,2024-09-21 10:30,8.50
2863,The Lord of the Rings: The Fellowship of the Ring,Action,Peter Jackson,2001,178,0,2024-09-20 12:30,6.50
2864,Enter the Dragon,Action,Robert Clouse,1973,102,12,2024-09-20 10:00,7.00
2865,Dog Day Afternoon,Biography,Sidney Lumet,1975,125,0,2024-09-19 12:30,7.50
2866,Saw,Horror,James Wan,2004,103,12,2024-09-19 10:00,8.00
2867,Gilda,Drama,Charles Vidor,1946,110,12,2024-09-18 10:00,6.50
2868,Star Trek II: The Wrath of Khan,Action,Nicholas Meyer,1982,113,0,2024-09-17 13:00,8.50
2869,The Goonies,Adventure,Richard Donner,1985,114,0,2024-09-17 10:00,7.50
2870,The Shop Around the Corner,Comedy,Ernst Lubitsch,1940,99,12,2024-09-16 16:00,8.00
2871,Kaze no tani no Naushika,Animation,Hayao Miyazaki,1984,117,0,2024-09-16 13:30,8.50
2872,Midnight Express,Biography,Alan Parker,1978,121,12,2024-09-16 10:30,7.50
2873,Heat,Crime,Michael Mann,1995,170,12,2024-09-15 19:30,9.50
2874,Viskningar och rop,Drama,Ingmar Bergman,1972,91,12,2024-09-15 17:00,7.50
2875,Vozvrashchenie,Drama,Andrey Zvyagintsev,2003,110,12,2024-09-15 14:00,7.00
2876,Pulp Fiction,Crime,Quentin Tarantino,1994,154,12,2024-09-15 10:30,7.00
2877,Vozvrashchenie,Drama,Andrey Zvyagintsev,2003,110,12,2024-09-14 18:30,10.00
2878,The Butterfly Effect,Drama,Eric Bress,2004,113,0,2024-09-14 16:00,8.50
2879,Akira,Animation,Katsuhiro Ôtomo,1988,124,12,2024-09-14 13:00,8.50
2880,The Shop Around the Corner,Comedy,Ernst Lubitsch,1940,99,12,2024-09-14 10:30,8.50
2881,Heat,Crime,Michael Mann,1995,170,12,2024-09-13 15:30,7.00
2882,The Grapes of Wrath,Drama,John Ford,1940,129,12,2024-09-13 12:30,8.00
2883,After Hours,Comedy,Martin Scorsese,1985,97,12,2024-09-13 10:00,8.00
2884,Back to the Future,Adventure,Robert Zemeckis,1985,116,0,2024-09-12 12:30,6.50
2885,Crimes and Misdemeanors,Comedy,Woody Allen,1989,104,12,2024-09-12 10:00,8.00
2886,City Lights,Comedy,Charles Chaplin,1931,87,0,2024-09-11 16:00,7.00
2887,Glory,Biography,Edward Zwick,1989,122,16,2024-09-11 13:00,7.50
2888,Dr. Strangelove or: How I Learned to Stop Worrying and Love the Bomb,Comedy,Stanley Kubrick,1964,95,12,2024-09-11 10:30,7.50
2889,Modern Times,Comedy,Charles Chaplin,1936,87,0,2024-09-10 13:00,7.00
2890,No Man's Land,Comedy,Danis Tanovic,2001,98,16,2024-09-10 10:30,8.50
2891,Ace in the Hole,Drama,Billy Wilder,1951,111,12,2024-09-09 10:00,8.50
2892,Pulp Fiction,Crime,Quentin Tarantino,1994,154,12,2024-09-08 16:00,8.50
2893,The Bourne Identity,Action,Doug Liman,2002,119,12,2024-09-08 13:00,7.00
2894,Ace in the Hole,Drama,Billy Wilder,1951,111,12,2024-09-08 10:00,7.50
2895,Crimes and Misdemeanors,Comedy,Woody Allen,1989,104,12,2024-09-07 18:30,9.50
2896,Saw,Horror,James Wan,2004,103,12,2024-09-07 16:00,6.50
2897,Monty Python and the Holy Grail,Adventure,Terry Gilliam,1975,91,6,2024-09-07 13:30,7.50
2898,Empire of the Sun,Action,Steven Spielberg,1987,153,0,2024-09-07 10:00,8.00
2899,Crimes and Misdemeanors,Comedy,Woody Allen,1989,104,12,2024-09-06 15:30,8.50
2900,Blood Simple,Crime,Joel Coen,1984,99,12,2024-09-06 13:00,7.50
2901,Glory,Biography,Edward Zwick,1989,122,16,2024-09-06 10:00,8.00
2902,Manhattan,Comedy,Woody Allen,1979,96,16,2024-09-05 10:30,7.00
2903,Midnight Express,Biography,Alan Parker,1978,121,12,2024-09-04 10:30,6.50
2904,A Beautiful Mind,Biography,Ron Howard,2001,135,12,2024-09-03 15:00,6.50
2905,Blood Simple,Crime,Joel Coen,1984,99,12,2024-09-03 12:30,7.00
2906,Saw,Horror,James Wan,2004,103,12,2024-09-03 10:00,7.50
2907,Monty Python and the Holy Grail,Adventure,Terry Gilliam,1975,91,6,2024-09-02 16:30,8.00
2908,The Grapes of Wrath,Drama,John Ford,1940,129,12,2024-09-02 13:30,8.50
2909,Midnight Express,Biography,Alan Parker,1978,121,12,2024-09-02 10:30,7.50
2910,Saw,Horror,James Wan,2004,103,12,2024-09-01 19:00,8.50
2911,Empire of the Sun,Action,Steven Spielberg,1987,153,0,2024-09-01 15:30,8.50
2912,Dr. Strangelove or: How I Learned to Stop Worrying and Love the Bomb,Comedy,Stanley Kubrick,1964,95,12,2024-09-01 13:00,8.00
2913,Manhattan,Comedy,Woody Allen,1979,96,16,2024-09-01 10:30,8.50
2914,Saw,Horror,James Wan,2004,103,12,2024-08-31 16:30,8.00
2915,Akira,Animation,Katsuhiro Ôtomo,1988,124,12,2024-08-31 13:30,8.50
2916,Glory,Biography,Edward Zwick,1989,122,16,2024-08-31 10:30,7.50
2917,Vozvrashchenie,Drama,Andrey Zvyagintsev,2003,110,12,2024-08-30 16:30,7.50
2918,Empire of the Sun,Action,Steven Spielberg,1987,153,0,2024-08-30 13:00,8.50
2919,Akira,Animation,Katsuhiro Ôtomo,1988,124,12,2024-08-30 10:00,8.50
2920,Akira,Animation,Katsuhiro Ôtomo,1988,124,12,2024-08-29 17:00,6.50
2921,Heat,Crime,Michael Mann,1995,170,12,2024-08-29 13:30,7.00
2922,Heat,Crime,Michael Mann,1995,170,12,2024-08-29 10:00,6.50
2923,The Red Shoes,Drama,Michael Powell,1948,135,12,2024-08-28 13:30,7.50
2924,The Butterfly Effect,Drama,Eric Bress,2004,113,0,2024-08-28 10:30,6.50
2925,Dr. Strangelove or: How I Learned to Stop Worrying and Love the Bomb,Comedy,Stanley Kubrick,1964,95,12,2024-08-27 13:30,7.00
2926,The Bourne Identity,Action,Doug Liman,2002,119,12,2024-08-27 10:30,8.00
2927,Paper Moon,Comedy,Peter Bogdanovich,1973,102,0,2024-08-26 13:00,7.00
2928,No Man's Land,Comedy,Danis Tanovic,2001,98,16,2024-08-26 10:30,8.50
2929,Akira,Animation,Katsuhiro Ôtomo,1988,124,12,2024-08-25 18:30,9.50
2930,Back to the Future,Adventure,Robert Zemeckis,1985,116,0,2024-08-25 16:00,7.00
2931,The Shop Around the Corner,Comedy,Ernst Lubitsch,1940,99,12,2024-08-25 13:30,7.50
2932,Back to the Future,Adventure,Robert Zemeckis,1985,116,0,2024-08-25 10:30,7.50
2933,Saw,Horror,James Wan,2004,103,12,2024-08-24 18:30,10.00
2934,Hotel Rwanda,Biography,Terry George,2004,121,12,2024-08-24 15:30,8.00
2935,Before Sunrise,Drama,Richard Linklater,1995,101,16,2024-08-24 13:00,7.50
2936,Saw,Horror,James Wan,2004,103,12,2024-08-24 10:30,8.50
2937,Festen,Drama,Thomas Vinterberg,1998,105,16,2024-08-23 10:30,7.50
2938,Monty Python and the Holy Grail,Adventure,Terry Gilliam,1975,91,6,2024-08-22 15:30,7.00
2939,No Man's Land,Comedy,Danis Tanovic,2001,98,16,2024-08-22 13:00,8.50
2940,Vozvrashchenie,Drama,Andrey Zvyagintsev,2003,110,12,2024-08-22 10:00,8.50
2941,Akira,Animation,Katsuhiro Ôtomo,1988,124,12,2024-08-21 10:30,8.50
2942,Saw,Horror,James Wan,2004,103,12,2024-08-20 10:30,6.50
2943,Manhattan,Comedy,Woody Allen,1979,96,16,2024-08-19 13:30,6.50
2944,Back to the Future,Adventure,Robert Zemeckis,1985,116,0,2024-08-19 10:30,7.00
2945,Anatomy of a Murder,Crime,Otto Preminger,1959,161,12,2024-08-18 20:30,8.50
2946,The Odd Couple,Comedy,Gene Saks,1968,105,0,2024-08-18 18:00,9.50
2947,Heat,Crime,Michael Mann,1995,170,12,2024-08-18 14:00,8.50
2948,Magnolia,Drama,Paul Thomas Anderson,1999,188,16,2024-08-18 10:00,6.50
2949,Saw,Horror,James Wan,2004,103,12,2024-08-17 16:30,8.50
2950,The Grapes of Wrath,Drama,John Ford,1940,129,12,2024-08-17 13:30,8.50
2951,Glory,Biography,Edward Zwick,1989,122,16,2024-08-17 10:30,7.50
2952,The Grapes of Wrath,Drama,John Ford,1940,129,12,2024-08-16 17:00,8.50
2953,Cape Fear,Drama,J. Lee Thompson,1962,106,12,2024-08-16 14:30,7.50
2954,Dilwale Dulhania Le Jayenge,Drama,Aditya Chopra,1995,189,0,2024-08-16 10:30,8.00
2955,Y tu mamá también,Drama,Alfonso Cuarón,2001,106,12,2024-08-15 13:00,7.00
2956,Saw,Horror,James Wan,2004,103,12,2024-08-15 10:30,7.50
2957,Manhattan,Comedy,Woody Allen,1979,96,16,2024-08-14 13:30,8.50
2958,Empire of the Sun,Action,Steven Spielberg,1987,153,0,2024-08-14 10:00,6.50
2959,Saw,Horror,James Wan,2004,103,12,2024-08-13 10:00,8.50
2960,Magnolia,Drama,Paul Thomas Anderson,1999,188,16,2024-08-12 10:00,8.00
2961,Paper Moon,Comedy,Peter Bogdanovich,1973,102,0,2024-08-11 20:00,10.00
2962,"Il buono, il brutto, il cattivo",Western,Sergio Leone,1966,161,12,2024-08-11 16:30,7.50
2963,Dilwale Dulhania Le Jayenge,Drama,Aditya Chopra,1995,189,0,2024-08-11 12:30,7.50
2964,Glengarry Glen Ross,Crime,James Foley,1992,100,16,2024-08-11 10:00,8.50
2965,Akira,Animation,Katsuhiro Ôtomo,1988,124,12,2024-08-10 18:30,8.50
2966,Y tu mamá también,Drama,Alfonso Cuarón,2001,106,12,2024-08-10 16:00,8.50
2967,Cape Fear,Drama,J. Lee Thompson,1962,106,12,2024-08-10 13:00,7.00
2968,Glengarry Glen Ross,Crime,James Foley,1992,100,16,2024-08-10 10:30,6.50
2969,Blood Simple,Crime,Joel Coen,1984,99,12,2024-08-09 10:30,8.00
2970,Badlands,Action,Terrence Malick,1973,94,6,2024-08-08 16:00,7.00
2971,The Man Who Would Be King,Adventure,John Huston,1975,129,6,2024-08-08 13:00,8.50
2972,Before Sunrise,Drama,Richard Linklater,1995,101,16,2024-08-08 10:30,6.50
2973,Magnolia,Drama,Paul Thomas Anderson,1999,188,16,2024-08-07 15:30,7.50
2974,Glengarry Glen Ross,Crime,James Foley,1992,100,16,2024-08-07 13:00,6.50
2975,Festen,Drama,Thomas Vinterberg,1998,105,16,2024-08-07 10:30,6.50
2976,Anatomy of a Murder,Crime,Otto Preminger,1959,161,12,2024-08-06 10:00,6.50
2977,Eskiya,Crime,Yavuz Turgul,1996,128,12,2024-08-05 10:00,7.00
2978,Det sjunde inseglet,Drama,Ingmar Bergman,1957,96,12,2024-08-04 17:30,7.00
2979,Cape Fear,Drama,J. Lee Thompson,1962,106,12,2024-08-04 15:00,7.50
2980,Glengarry Glen Ross,Crime,James Foley,1992,100,16,2024-08-04 12:30,7.00
2981,Paper Moon,Comedy,Peter Bogdanovich,1973,102,0,2024-08-04 10:00,7.50
2982,Cape Fear,Drama,J. Lee Thompson,1962,106,12,2024-08-03 19:30,9.50
2983,Manhattan,Comedy,Woody Allen,1979,96,16,2024-08-03 17:00,8.50
2984,Festen,Drama,Thomas Vinterberg,1998,105,16,2024-08-03 14:30,6.50
2985,Dilwale Dulhania Le Jayenge,Drama,Aditya Chopra,1995,189,0,2024-08-03 10:30,8.00
2986,"Il buono, il brutto, il cattivo",Western,Sergio Leone,1966,161,12,2024-08-02 13:00,8.00
2987,Willy Wonka & the Chocolate Factory,Family,Mel Stuart,1971,100,0,2024-08-02 10:30,6.50
2988,Monty Python and the Holy Grail,Adventure,Terry Gilliam,1975,91,6,2024-08-01 10:30,7.00
2989,Before Sunrise,Drama,Richard Linklater,1995,101,16,2024-07-31 13:00,7.50
2990,The Odd Couple,Comedy,Gene Saks,1968,105,0,2024-07-31 10:30,8.00
2991,Star Wars: Episode V - The Empire Strikes Back,Action,Irvin Kershner,1980,124,12,2024-07-30 15:30,8.50
2992,Serpico,Biography,Sidney Lumet,1973,130,12,2024-07-30 12:30,8.50
2993,Le dîner de cons,Comedy,Francis Veber,1998,80,12,2024-07-30 10:30,8.00
2994,Paper Moon,Comedy,Peter Bogdanovich,1973,102,0,2024-07-29 10:00,7.00
2995,Before Sunrise,Drama,Richard Linklater,1995,101,16,2024-07-28 18:30,10.00
2996,Léon,Action,Luc Besson,1994,110,12,2024-07-28 16:00,7.50
2997,The Bourne Identity,Action,Doug Liman,2002,119,12,2024-07-28 13:00,6.50
2998,Léon,Action,Luc Besson,1994,110,12,2024-07-28 10:00,8.50
2999,Raiders of the Lost Ark,Action,Steven Spielberg,1981,115,12,2024-07-27 17:00,7.50
3000,Dilwale Dulhania Le Jayenge,Drama,Aditya Chopra,1995,189,0,2024-07-27 13:00,7.50
3001,Willy Wonka & the Chocolate Factory,Family,Mel Stuart,1971,100,0,2024-07-27 10:30,7.50
3002,Invasion of the Body Snatchers,Drama,Don Siegel,1956,80,12,2024-07-26 12:30,7.50
3003,Willy Wonka & the Chocolate Factory,Family,Mel Stuart,1971,100,0,2024-07-26 10:00,7.00
3004,Dr. Strangelove or: How I Learned to Stop Worrying and Love the Bomb,Comedy,Stanley Kubrick,1964,95,12,2024-07-25 12:30,8.00
3005,Nosferatu,Fantasy,F.W. Murnau,1922,94,12,2024-07-25 10:00,8.00
3006,Badlands,Action,Terrence Malick,1973,94,6,2024-07-24 17:00,6.50
3007,Dilwale Dulhania Le Jayenge,Drama,Aditya Chopra,1995,189,0,2024-07-24 13:00,8.00
3008,Serpico,Biography,Sidney Lumet,1973,130,12,2024-07-24 10:00,8.50
3009,Kôkaku Kidôtai,Animation,Mamoru Oshii,1995,83,12,2024-07-23 12:00,6.50
3010,The Jungle Book,Animation,Wolfgang Reitherman,1967,78,0,2024-07-23 10:00,6.50
3011,Le dîner de cons,Comedy,Francis Veber,1998,80,12,2024-07-22 13:00,8.50
3012,The Thin Man,Comedy,W.S. Van Dyke,1934,91,12,2024-07-22 10:30,6.50
3013,"Il buono, il brutto, il cattivo",Western,Sergio Leone,1966,161,12,2024-07-21 19:30,10.00
3014,Magnolia,Drama,Paul Thomas Anderson,1999,188,16,2024-07-21 15:30,7.50
3015,Y tu mamá también,Drama,Alfonso Cuarón,2001,106,12,2024-07-21 13:00,6.50
3016,The Grapes of Wrath,Drama,John Ford,1940,129,12,2024-07-21 10:00,7.50
3017,The Man Who Would Be King,Adventure,John Huston,1975,129,6,2024-07-20 16:30,8.50
3018,Kôkaku Kidôtai,Animation,Mamoru Oshii,1995,83,12,2024-07-20 14:30,6.50
3019,Knockin' on Heaven's Door,Action,Thomas Jahn,1997,87,12,2024-07-20 12:00,7.00
3020,Kôkaku Kidôtai,Animation,Mamoru Oshii,1995,83,12,2024-07-20 10:00,6.50
3021,Harry Potter and the Prisoner of Azkaban,Adventure,Alfonso Cuarón,2004,142,0,2024-07-19 15:00,7.00
3022,Paper Moon,Comedy,Peter Bogdanovich,1973,102,0,2024-07-19 12:30,8.50
3023,Kôkaku Kidôtai,Animation,Mamoru Oshii,1995,83,12,2024-07-19 10:30,6.50
3024,Léon,Action,Luc Besson,1994,110,12,2024-07-18 14:00,7.50
3025,Rio Bravo,Action,Howard Hawks,1959,141,12,2024-07-18 10:30,7.50
3026,The Bourne Identity,Action,Doug Liman,2002,119,12,2024-07-17 10:00,6.50
3027,The Shining,Drama,Stanley Kubrick,1980,146,12,2024-07-16 14:30,8.00
3028,Magnolia,Drama,Paul Thomas Anderson,1999,188,16,2024-07-16 10:30,6.50
3029,Eskiya,Crime,Yavuz Turgul,1996,128,12,2024-07-15 10:30,7.50
3030,Willy Wonka & the Chocolate Factory,Family,Mel Stuart,1971,100,0,2024-07-14 17:30,8.00
3031,Key Largo,Action,John Huston,1948,100,12,2024-07-14 15:00,8.50
3032,Festen,Drama,Thomas Vinterberg,1998,105,16,2024-07-14 12:30,8.00
3033,Annie Hall,Comedy,Woody Allen,1977,93,12,2024-07-14 10:00,8.50
3034,Nosferatu,Fantasy,F.W. Murnau,1922,94,12,2024-07-13 18:00,9.00
3035,Star Wars: Episode V - The Empire Strikes Back,Action,Irvin Kershner,1980,124,12,2024-07-13 15:00,7.50
3036,Le dîner de cons,Comedy,Francis Veber,1998,80,12,2024-07-13 13:00,7.00
3037,Raiders of the Lost Ark,Action,Steven Spielberg,1981,115,12,2024-07-13 10:00,7.00
3038,Empire of the Sun,Action,Steven Spielberg,1987,153,0,2024-07-12 15:30,8.50
3039,Rio Bravo,Action,Howard Hawks,1959,141,12,2024-07-12 12:30,8.50
3040,Before Sunrise,Drama,Richard Linklater,1995,101,16,2024-07-12 10:00,7.50
3041,Hotel Rwanda,Biography,Terry George,2004,121,12,2024-07-11 16:00,7.00
3042,Key Largo,Action,John Huston,1948,100,12,2024-07-11 13:30,7.50
3043,"Il buono, il brutto, il cattivo",Western,Sergio Leone,1966,161,12,2024-07-11 10:00,7.50
3044,Fargo,Crime,Joel Coen,1996,98,12,2024-07-10 12:30,6.50
3045,Annie Hall,Comedy,Woody Allen,1977,93,12,2024-07-10 10:00,6.50
3046,Star Wars: Episode V - The Empire Strikes Back,Action,Irvin Kershner,1980,124,12,2024-07-09 10:00,7.50
3047,The Shining,Drama,Stanley Kubrick,1980,146,12,2024-07-08 10:00,8.50
3048,Le dîner de cons,Comedy,Francis Veber,1998,80,12,2024-07-07 19:00,8.50
3049,Eskiya,Crime,Yavuz Turgul,1996,128,12,2024-07-07 16:00,8.00
3050,Knockin' on Heaven's Door,Action,Thomas Jahn,1997,87,12,2024-07-07 13:30,7.00
3051,Harry Potter and the Prisoner of Azkaban,Adventure,Alfonso Cuarón,2004,142,0,2024-07-07 10:30,7.00
3052,Do lok tin si,Comedy,Kar-Wai Wong,1995,99,12,2024-07-06 18:00,10.00
3053,Before Sunrise,Drama,Richard Linklater,1995,101,16,2024-07-06 15:30,7.50
3054,Fargo,Crime,Joel Coen,1996,98,12,2024-07-06 13:00,8.50
3055,Festen,Drama,Thomas Vinterberg,1998,105,16,2024-07-06 10:30,6.50
3056,The Man Who Would Be King,Adventure,John Huston,1975,129,6,2024-07-05 13:00,7.00
3057,Rio Bravo,Action,Howard Hawks,1959,141,12,2024-07-05 10:00,8.00
3058,Star Wars: Episode V - The Empire Strikes Back,Action,Irvin Kershner,1980,124,12,2024-07-04 13:30,8.50
3059,Empire of the Sun,Action,Steven Spielberg,1987,153,0,2024-07-04 10:00,7.50
3060,Roman Holiday,Comedy,William Wyler,1953,118,12,2024-07-03 13:00,8.00
3061,Det sjunde inseglet,Drama,Ingmar Bergman,1957,96,12,2024-07-03 10:30,7.00
3062,Eskiya,Crime,Yavuz Turgul,1996,128,12,2024-07-02 13:30,6.50
3063,The Godfather,Crime,Francis Ford Coppola,1972,175,12,2024-07-02 10:00,7.00
3064,Hera Pheri,Action,Priyadarshan,2000,156,0,2024-07-01 14:00,7.50
3065,Empire of the Sun,Action,Steven Spielberg,1987,153,0,2024-07-01 10:30,7.50
3066,Belle de jour,Drama,Luis Buñuel,1967,100,12,2024-06-30 15:30,8.00
3067,Y tu mamá también,Drama,Alfonso Cuarón,2001,106,12,2024-06-30 13:00,8.00
3068,Y tu mamá también,Drama,Alfonso Cuarón,2001,106,12,2024-06-30 10:30,8.50
3069,Festen,Drama,Thomas Vinterberg,1998,105,16,2024-06-29 15:00,7.00
3070,Y tu mamá también,Drama,Alfonso Cuarón,2001,106,12,2024-06-29 12:30,8.00
3071,Le dîner de cons,Comedy,Francis Veber,1998,80,12,2024-06-29 10:00,8.50
3072,Knockin' on Heaven's Door,Action,Thomas Jahn,1997,87,12,2024-06-28 10:30,6.50
3073,Roman Holiday,Comedy,William Wyler,1953,118,12,2024-06-27 13:30,8.50
3074,Star Wars: Episode V - The Empire Strikes Back,Action,Irvin Kershner,1980,124,12,2024-06-27 10:30,7.50
3075,Hotel Rwanda,Biography,Terry George,2004,121,12,2024-06-26 10:30,7.00
3076,Harry Potter and the Prisoner of Azkaban,Adventure,Alfonso Cuarón,2004,142,0,2024-06-25 10:30,8.50
3077,Dead Man's Shoes,Crime,Shane Meadows,2004,90,12,2024-06-24 15:30,7.00
3078,Belle de jour,Drama,Luis Buñuel,1967,100,12,2024-06-24 13:00,7.50
3079,Belle de jour,Drama,Luis Buñuel,1967,100,12,2024-06-24 10:30,7.50
3080,Roman Holiday,Comedy,William Wyler,1953,118,12,2024-06-23 17:00,7.50
3081,Key Largo,Action,John Huston,1948,100,12,2024-06-23 14:30,6.50
3082,The Lord of the Rings: The Return of the King,Action,Peter Jackson,2003,201,0,2024-06-23 10:30,7.00
3083,A Clockwork Orange,Crime,Stanley Kubrick,1971,136,12,2024-06-22 16:00,6.50
3084,The Shop Around the Corner,Comedy,Ernst Lubitsch,1940,99,12,2024-06-22 13:30,7.00
3085,The Manchurian Candidate,Drama,John Frankenheimer,1962,126,12,2024-06-22 10:30,8.50
3086,Key Largo,Action,John Huston,1948,100,12,2024-06-21 13:00,8.50
3087,Eskiya,Crime,Yavuz Turgul,1996,128,12,2024-06-21 10:00,6.50
3088,The Shop Around the Corner,Comedy,Ernst Lubitsch,1940,99,12,2024-06-20 10:30,7.50
3089,The Muppet Movie,Adventure,James Frawley,1979,95,0,2024-06-19 10:30,6.50
3090,Belle de jour,Drama,Luis Buñuel,1967,100,12,2024-06-18 17:00,7.00
3091,Hotel Rwanda,Biography,Terry George,2004,121,12,2024-06-18 14:00,7.00
3092,Empire of the Sun,Action,Steven Spielberg,1987,153,0,2024-06-18 10:30,7.50
3093,The Bourne Supremacy,Action,Paul Greengrass,2004,108,12,2024-06-17 12:30,8.00
3094,Belle de jour,Drama,Luis Buñuel,1967,100,12,2024-06-17 10:00,7.50
3095,The Shop Around the Corner,Comedy,Ernst Lubitsch,1940,99,12,2024-06-16 15:30,8.00
3096,Forrest Gump,Drama,Robert Zemeckis,1994,142,12,2024-06-16 12:30,8.00
3097,Dead Man's Shoes,Crime,Shane Meadows,2004,90,12,2024-06-16 10:00,6.50
3098,Knockin' on Heaven's Door,Action,Thomas Jahn,1997,87,12,2024-06-15 19:30,9.50
3099,The Insider,Biography,Michael Mann,1999,157,12,2024-06-15 16:00,7.00
3100,Hera Pheri,Action,Priyadarshan,2000,156,0,2024-06-15 12:30,7.00
3101,Trois couleurs: Rouge,Drama,Krzysztof Kieslowski,1994,99,0,2024-06-15 10:00,8.00
3102,Finding Neverland,Biography,Marc Forster,2004,106,0,2024-06-14 13:00,7.00
3103,Rocky,Drama,John G. Avildsen,1976,120,0,2024-06-14 10:00,8.50
3104,Roman Holiday,Comedy,William Wyler,1953,118,12,2024-06-13 13:00,8.50
3105,Il postino,Biography,Michael Radford,1994,108,0,2024-06-13 10:30,7.50
3106,Raiders of the Lost Ark,Action,Steven Spielberg,1981,115,12,2024-06-12 17:00,6.50
3107,Au revoir les enfants,Drama,Louis Malle,1987,104,0,2024-06-12 14:30,6.50
3108,The Lord of the Rings: The Return of the King,Action,Peter Jackson,2003,201,0,2024-06-12 10:30,7.50
3109,Knockin' on Heaven's Door,Action,Thomas Jahn,1997,87,12,2024-06-11 10:00,8.00
3110,Knockin' on Heaven's Door,Action,Thomas Jahn,1997,87,12,2024-06-10 15:30,8.50
3111,Fight Club,Drama,David Fincher,1999,139,12,2024-06-10 12:30,8.50
3112,Majo no takkyûbin,Animation,Hayao Miyazaki,1989,103,0,2024-06-10 10:00,8.00
3113,The Bourne Supremacy,Action,Paul Greengrass,2004,108,12,2024-06-09 15:30,7.00
3114,The Shop Around the Corner,Comedy,Ernst Lubitsch,1940,99,12,2024-06-09 13:00,8.00
3115,Fargo,Crime,Joel Coen,1996,98,12,2024-06-09 10:30,8.00
3116,Roman Holiday,Comedy,William Wyler,1953,118,12,2024-06-08 16:00,6.50
3117,On the Waterfront,Crime,Elia Kazan,1954,108,12,2024-06-08 13:30,8.00
3118,Rocky,Drama,John G. Avildsen,1976,120,0,2024-06-08 10:30,7.00
3119,Rocky,Drama,John G. Avildsen,1976,120,0,2024-06-07 15:00,6.50
3120,The Bourne Supremacy,Action,Paul Greengrass,2004,108,12,2024-06-07 12:30,7.50
3121,The Shop Around the Corner,Comedy,Ernst Lubitsch,1940,99,12,2024-06-07 10:00,7.50
3122,Finding Nemo,Animation,Andrew Stanton,2003,100,0,2024-06-06 15:00,7.00
3123,Trois couleurs: Rouge,Drama,Krzysztof Kieslowski,1994,99,0,2024-06-06 12:30,8.00
3124,The Shop Around the Corner,Comedy,Ernst Lubitsch,1940,99,12,2024-06-06 10:00,6.50
3125,Trois couleurs: Rouge,Drama,Krzysztof Kieslowski,1994,99,0,2024-06-05 13:00,8.00
3126,Knockin' on Heaven's Door,Action,Thomas Jahn,1997,87,12,2024-06-05 10:30,8.00
3127,Hera Pheri,Action,Priyadarshan,2000,156,0,2024-06-04 17:00,8.50
3128,The Godfather,Crime,Francis Ford Coppola,1972,175,12,2024-06-04 13:00,8.50
3129,The Lion in Winter,Biography,Anthony Harvey,1968,134,6,2024-06-04 10:00,8.00
3130,Kramer vs. Kramer,Drama,Robert Benton,1979,105,12,2024-06-03 13:00,7.00
3131,Y tu mamá también,Drama,Alfonso Cuarón,2001,106,12,2024-06-03 10:30,6.50
3132,The Lion in Winter,Biography,Anthony Harvey,1968,134,6,2024-06-02 15:30,8.50
3133,The Shop Around the Corner,Comedy,Ernst Lubitsch,1940,99,12,2024-06-02 13:00,7.50
3134,The Bourne Supremacy,Action,Paul Greengrass,2004,108,12,2024-06-02 10:30,8.50
3135,The Shop Around the Corner,Comedy,Ernst Lubitsch,1940,99,12,2024-06-01 18:30,10.00
3136,Kôkaku Kidôtai,Animation,Mamoru Oshii,1995,83,12,2024-06-01 16:00,8.50
3137,The Night of the Hunter,Crime,Charles Laughton,1955,92,12,2024-06-01 13:30,7.00
3138,The Great Dictator,Comedy,Charles Chaplin,1940,125,12,2024-06-01 10:30,7.00
3139,The Night of the Hunter,Crime,Charles Laughton,1955,92,12,2024-05-31 13:30,6.50
3140,The Best Years of Our Lives,Drama,William Wyler,1946,170,12,2024-05-31 10:00,8.00
3141,The Muppet Movie,Adventure,James Frawley,1979,95,0,2024-05-30 13:30,8.50
3142,Goldfinger,Action,Guy Hamilton,1964,110,12,2024-05-30 10:30,7.50
3143,The Silence of the Lambs,Crime,Jonathan Demme,1991,118,12,2024-05-29 16:30,6.50
3144,Finding Nemo,Animation,Andrew Stanton,2003,100,0,2024-05-29 14:00,8.50
3145,Forrest Gump,Drama,Robert Zemeckis,1994,142,12,2024-05-29 10:30,8.50
3146,Young Frankenstein,Comedy,Mel Brooks,1974,106,12,2024-05-28 12:30,7.50
3147,Touch of Evil,Crime,Orson Welles,1958,95,12,2024-05-28 10:00,8.00
3148,Finding Neverland,Biography,Marc Forster,2004,106,0,2024-05-27 10:30,6.50
3149,Forrest Gump,Drama,Robert Zemeckis,1994,142,12,2024-05-26 16:30,7.00
3150,Fight Club,Drama,David Fincher,1999,139,12,2024-05-26 13:30,8.50
3151,The Lion in Winter,Biography,Anthony Harvey,1968,134,6,2024-05-26 10:30,8.00
3152,Short Cuts,Comedy,Robert Altman,1993,188,16,2024-05-25 19:00,9.50
3153,Hera Pheri,Action,Priyadarshan,2000,156,0,2024-05-25 15:30,8.00
3154,Finding Nemo,Animation,Andrew Stanton,2003,100,0,2024-05-25 13:00,6.50
3155,On the Waterfront,Crime,Elia Kazan,1954,108,12,2024-05-25 10:30,6.50
3156,Y tu mamá también,Drama,Alfonso Cuarón,2001,106,12,2024-05-24 14:30,7.50
3157,Fiddler on the Roof,Drama,Norman Jewison,1971,181,0,2024-05-24 10:30,6.50
3158,All the President's Men,Biography,Alan J. Pakula,1976,138,0,2024-05-23 15:30,8.00
3159,Trois couleurs: Rouge,Drama,Krzysztof Kieslowski,1994,99,0,2024-05-23 13:00,8.50
3160,Majo no takkyûbin,Animation,Hayao Miyazaki,1989,103,0,2024-05-23 10:30,7.50
3161,Le notti di Cabiria,Drama,Federico Fellini,1957,110,12,2024-05-22 17:00,6.50
3162,A Christmas Story,Comedy,Bob Clark,1983,93,0,2024-05-22 14:30,7.50
3163,Fiddler on the Roof,Drama,Norman Jewison,1971,181,0,2024-05-22 10:30,7.00
3164,All the President's Men,Biography,Alan J. Pakula,1976,138,0,2024-05-21 14:00,8.50
3165,Fiddler on the Roof,Drama,Norman Jewison,1971,181,0,2024-05-21 10:00,7.50
3166,Trois couleurs: Rouge,Drama,Krzysztof Kieslowski,1994,99,0,2024-05-20 13:00,8.00
3167,Touch of Evil,Crime,Orson Welles,1958,95,12,2024-05-20 10:30,8.00
3168,Finding Nemo,Animation,Andrew Stanton,2003,100,0,2024-05-19 19:00,9.00
3169,Naked,Comedy,Mike Leigh,1993,132,12,2024-05-19 16:00,7.00
3170,Touch of Evil,Crime,Orson Welles,1958,95,12,2024-05-19 13:30,8.50
3171,The Lion in Winter,Biography,Anthony Harvey,1968,134,6,2024-05-19 10:30,8.00
3172,The Lord of the Rings: The Return of the King,Action,Peter Jackson,2003,201,0,2024-05-18 18:00,9.00
3173,The Taking of Pelham One Two Three,Action,Joseph Sargent,1974,104,0,2024-05-18 15:30,7.00
3174,Kramer vs. Kramer,Drama,Robert Benton,1979,105,12,2024-05-18 13:00,7.00
3175,Belle de jour,Drama,Luis Buñuel,1967,100,12,2024-05-18 10:30,7.00
3176,The Lord of the Rings: The Return of the King,Action,Peter Jackson,2003,201,0,2024-05-17 10:30,8.50
3177,Forrest Gump,Drama,Robert Zemeckis,1994,142,12,2024-05-16 17:00,8.00
3178,The Lord of the Rings: The Return of the King,Action,Peter Jackson,2003,201,0,2024-05-16 12:30,8.00
3179,The Taking of Pelham One Two Three,Action,Joseph Sargent,1974,104,0,2024-05-16 10:00,8.00
3180,Forrest Gump,Drama,Robert Zemeckis,1994,142,12,2024-05-15 16:00,8.50
3181,A Christmas Story,Comedy,Bob Clark,1983,93,0,2024-05-15 13:30,8.50
3182,Naked,Comedy,Mike Leigh,1993,132,12,2024-05-15 10:30,8.50
3183,Naked,Comedy,Mike Leigh,1993,132,12,2024-05-14 12:00,7.50
3184,Bride of Frankenstein,Drama,James Whale,1935,75,12,2024-05-14 10:00,8.50
3185,All the President's Men,Biography,Alan J. Pakula,1976,138,0,2024-05-13 15:30,8.00
3186,A Christmas Story,Comedy,Bob Clark,1983,93,0,2024-05-13 13:00,8.00
3187,A Christmas Story,Comedy,Bob Clark,1983,93,0,2024-05-13 10:30,8.50
3188,A Christmas Story,Comedy,Bob Clark,1983,93,0,2024-05-12 18:30,9.50
3189,Jurassic Park,Action,Steven Spielberg,1993,127,12,2024-05-12 15:30,7.00
3190,Tenkû no shiro Rapyuta,Animation,Hayao Miyazaki,1986,125,0,2024-05-12 12:30,8.50
3191,Edward Scissorhands,Drama,Tim Burton,1990,105,0,2024-05-12 10:00,7.50
3192,Young Frankenstein,Comedy,Mel Brooks,1974,106,12,2024-05-11 15:00,7.00
3193,Delicatessen,Comedy,Marc Caro,1991,99,16,2024-05-11 12:30,7.00
3194,Kramer vs. Kramer,Drama,Robert Benton,1979,105,12,2024-05-11 10:00,7.00
3195,Young Frankenstein,Comedy,Mel Brooks,1974,106,12,2024-05-10 15:30,8.00
3196,The Lady Vanishes,Mystery,Alfred Hitchcock,1938,96,12,2024-05-10 13:00,7.50
3197,Majo no takkyûbin,Animation,Hayao Miyazaki,1989,103,0,2024-05-10 10:30,7.50
3198,Nueve reinas,Crime,Fabián Bielinsky,2000,114,16,2024-05-09 15:30,8.00
3199,On the Waterfront,Crime,Elia Kazan,1954,108,12,2024-05-09 13:00,6.50
3200,On the Waterfront,Crime,Elia Kazan,1954,108,12,2024-05-09 10:30,7.50
3201,Bride of Frankenstein,Drama,James Whale,1935,75,12,2024-05-08 16:30,6.50
3202,The Exorcist,Horror,William Friedkin,1973,122,12,2024-05-08 13:30,7.00
3203,Forrest Gump,Drama,Robert Zemeckis,1994,142,12,2024-05-08 10:30,7.50
3204,Fiddler on the Roof,Drama,Norman Jewison,1971,181,0,2024-05-07 10:00,7.00
3205,Kôkaku Kidôtai,Animation,Mamoru Oshii,1995,83,12,2024-05-06 10:00,6.50
3206,Majo no takkyûbin,Animation,Hayao Miyazaki,1989,103,0,2024-05-05 14:00,8.50
3207,Bride of Frankenstein,Drama,James Whale,1935,75,12,2024-05-05 12:00,7.50
3208,Bride of Frankenstein,Drama,James Whale,1935,75,12,2024-05-05 10:00,7.00
3209,Tenkû no shiro Rapyuta,Animation,Hayao Miyazaki,1986,125,0,2024-05-04 17:30,8.50
3210,Majo no takkyûbin,Animation,Hayao Miyazaki,1989,103,0,2024-05-04 15:00,8.00
3211,City Lights,Comedy,Charles Chaplin,1931,87,0,2024-05-04 13:00,8.50
3212,The Great Dictator,Comedy,Charles Chaplin,1940,125,12,2024-05-04 10:00,8.50
3213,Lifeboat,Drama,Alfred Hitchcock,1944,97,12,2024-05-03 12:30,8.00
3214,Y tu mamá también,Drama,Alfonso Cuarón,2001,106,12,2024-05-03 10:00,8.00
3215,Naked,Comedy,Mike Leigh,1993,132,12,2024-05-02 10:00,8.00
3216,Kôkaku Kidôtai,Animation,Mamoru Oshii,1995,83,12,2024-05-01 12:30,7.50
3217,Miracle on 34th Street,Comedy,George Seaton,1947,96,12,2024-05-01 10:00,8.00
3218,Lawrence of Arabia,Adventure,David Lean,1962,228,0,2024-04-30 12:00,6.50
3219,Bride of Frankenstein,Drama,James Whale,1935,75,12,2024-04-30 10:00,6.50
3220,The Muppet Movie,Adventure,James Frawley,1979,95,0,2024-04-29 10:00,8.50
3221,Fiddler on the Roof,Drama,Norman Jewison,1971,181,0,2024-04-28 19:00,9.50
3222,Young Frankenstein,Comedy,Mel Brooks,1974,106,12,2024-04-28 16:30,8.50
3223,Nueve reinas,Crime,Fabián Bielinsky,2000,114,16,2024-04-28 13:30,8.50
3224,The Man Who Shot Liberty Valance,Drama,John Ford,1962,123,12,2024-04-28 10:30,7.50
3225,Delicatessen,Comedy,Marc Caro,1991,99,16,2024-04-27 15:00,7.50
3226,Kôkaku Kidôtai,Animation,Mamoru Oshii,1995,83,12,2024-04-27 13:00,7.00
3227,Majo no takkyûbin,Animation,Hayao Miyazaki,1989,103,0,2024-04-27 10:30,8.50
3228,Kôkaku Kidôtai,Animation,Mamoru Oshii,1995,83,12,2024-04-26 10:00,7.00
3229,The Silence of the Lambs,Crime,Jonathan Demme,1991,118,12,2024-04-25 13:00,6.50
3230,Majo no takkyûbin,Animation,Hayao Miyazaki,1989,103,0,2024-04-25 10:30,7.50
3231,The Man Who Shot Liberty Valance,Drama,John Ford,1962,123,12,2024-04-24 16:30,8.00
3232,Miracle on 34th Street,Comedy,George Seaton,1947,96,12,2024-04-24 14:00,7.50
3233,Patton,Biography,Franklin J. Schaffner,1970,172,0,2024-04-24 10:30,6.50
3234,Lifeboat,Drama,Alfred Hitchcock,1944,97,12,2024-04-23 13:30,8.00
3235,The Lion in Winter,Biography,Anthony Harvey,1968,134,6,2024-04-23 10:30,7.50
3236,The Man Who Shot Liberty Valance,Drama,John Ford,1962,123,12,2024-04-22 16:00,8.00
3237,Edward Scissorhands,Drama,Tim Burton,1990,105,0,2024-04-22 13:30,8.00
3238,The Exorcist,Horror,William Friedkin,1973,122,12,2024-04-22 10:30,8.50
3239,Stagecoach,Adventure,John Ford,1939,96,12,2024-04-21 19:00,9.00
3240,The Conversation,Drama,Francis Ford Coppola,1974,113,0,2024-04-21 16:00,6.50
3241,Delicatessen,Comedy,Marc Caro,1991,99,16,2024-04-21 13:30,7.50
3242,The Silence of the Lambs,Crime,Jonathan Demme,1991,118,12,2024-04-21 10:30,7.00
3243,A Night at the Opera,Comedy,Sam Wood,1935,96,12,2024-04-20 17:30,6.50
3244,The Exorcist,Horror,William Friedkin,1973,122,12,2024-04-20 14:30,8.50
3245,City Lights,Comedy,Charles Chaplin,1931,87,0,2024-04-20 12:30,8.50
3246,Lifeboat,Drama,Alfred Hitchcock,1944,97,12,2024-04-20 10:00,8.50
3247,Kramer vs. Kramer,Drama,Robert Benton,1979,105,12,2024-04-19 15:30,7.50
3248,Jurassic Park,Action,Steven Spielberg,1993,127,12,2024-04-19 12:30,8.50
3249,Kramer vs. Kramer,Drama,Robert Benton,1979,105,12,2024-04-19 10:00,6.50
3250,The Lady Vanishes,Mystery,Alfred Hitchcock,1938,96,12,2024-04-18 10:30,8.00
3251,Tenkû no shiro Rapyuta,Animation,Hayao Miyazaki,1986,125,0,2024-04-17 13:30,8.00
3252,Miller's Crossing,Crime,Joel Coen,1990,115,16,2024-04-17 10:30,7.00
3253,Back to the Future Part II,Adventure,Robert Zemeckis,1989,108,0,2024-04-16 16:00,7.00
3254,Kramer vs. Kramer,Drama,Robert Benton,1979,105,12,2024-04-16 13:30,6.50
3255,The Remains of the Day,Drama,James Ivory,1993,134,0,2024-04-16 10:30,6.50
3256,Patton,Biography,Franklin J. Schaffner,1970,172,0,2024-04-15 15:00,6.50
3257,The Conversation,Drama,Francis Ford Coppola,1974,113,0,2024-04-15 12:30,8.50
3258,Kramer vs. Kramer,Drama,Robert Benton,1979,105,12,2024-04-15 10:00,7.00
3259,Rain Man,Drama,Barry Levinson,1988,133,0,2024-04-14 18:30,9.00
3260,Ivanovo detstvo,Drama,Andrei Tarkovsky,1962,95,12,2024-04-14 16:00,8.00
3261,Delicatessen,Comedy,Marc Caro,1991,99,16,2024-04-14 13:30,6.50
3262,The Remains of the Day,Drama,James Ivory,1993,134,0,2024-04-14 10:30,7.00
3263,Tenkû no shiro Rapyuta,Animation,Hayao Miyazaki,1986,125,0,2024-04-13 19:00,9.00
3264,Sense and Sensibility,Drama,Ang Lee,1995,136,0,2024-04-13 16:00,6.50
3265,The Silence of the Lambs,Crime,Jonathan Demme,1991,118,12,2024-04-13 13:00,8.00
3266,The Butterfly Effect,Drama,Eric Bress,2004,113,0,2024-04-13 10:00,7.50
3267,The Conversation,Drama,Francis Ford Coppola,1974,113,0,2024-04-12 13:00,7.00
3268,Kramer vs. Kramer,Drama,Robert Benton,1979,105,12,2024-04-12 10:30,7.00
3269,Sense and Sensibility,Drama,Ang Lee,1995,136,0,2024-04-11 10:30,6.50
3270,The Silence of the Lambs,Crime,Jonathan Demme,1991,118,12,2024-04-10 10:30,6.50
3271,Edward Scissorhands,Drama,Tim Burton,1990,105,0,2024-04-09 16:30,8.50
3272,The Exorcist,Horror,William Friedkin,1973,122,12,2024-04-09 13:30,8.50
3273,The Conversation,Drama,Francis Ford Coppola,1974,113,0,2024-04-09 10:30,8.00
3274,Rain Man,Drama,Barry Levinson,1988,133,0,2024-04-08 13:30,6.50
3275,Sense and Sensibility,Drama,Ang Lee,1995,136,0,2024-04-08 10:30,7.00
3276,A Night at the Opera,Comedy,Sam Wood,1935,96,12,2024-04-07 16:00,8.50
3277,The Godfather: Part III,Crime,Francis Ford Coppola,1990,162,12,2024-04-07 12:30,8.00
3278,The Lady Vanishes,Mystery,Alfred Hitchcock,1938,96,12,2024-04-07 10:00,7.00
3279,Miller's Crossing,Crime,Joel Coen,1990,115,16,2024-04-06 19:00,8.50
3280,The Silence of the Lambs,Crime,Jonathan Demme,1991,118,12,2024-04-06 16:00,7.50
3281,The Butterfly Effect,Drama,Eric Bress,2004,113,0,2024-04-06 13:00,7.00
3282,Rain Man,Drama,Barry Levinson,1988,133,0,2024-04-06 10:00,7.50
3283,Rain Man,Drama,Barry Levinson,1988,133,0,2024-04-05 15:00,7.50
3284,Sense and Sensibility,Drama,Ang Lee,1995,136,0,2024-04-05 12:00,6.50
3285,Bride of Frankenstein,Drama,James Whale,1935,75,12,2024-04-05 10:00,6.50
3286,Vertigo,Mystery,Alfred Hitchcock,1958,128,12,2024-04-04 10:30,7.00
3287,Jurassic Park,Action,Steven Spielberg,1993,127,12,2024-04-03 10:00,8.50
3288,Miller's Crossing,Crime,Joel Coen,1990,115,16,2024-04-02 13:30,7.50
3289,Sense and Sensibility,Drama,Ang Lee,1995,136,0,2024-04-02 10:30,7.50
3290,Le charme discret de la bourgeoisie,Comedy,Luis Buñuel,1972,102,6,2024-04-01 15:30,6.50
3291,The General,Action,Clyde Bruckman,1926,67,12,2024-04-01 13:30,7.00
3292,Rain Man,Drama,Barry Levinson,1988,133,0,2024-04-01 10:30,7.50
3293,Vertigo,Mystery,Alfred Hitchcock,1958,128,12,2024-03-31 18:30,10.00
3294,My Cousin Vinny,Comedy,Jonathan Lynn,1992,120,12,2024-03-31 15:30,8.00
3295,Edward Scissorhands,Drama,Tim Burton,1990,105,0,2024-03-31 13:00,8.00
3296,Edward Scissorhands,Drama,Tim Burton,1990,105,0,2024-03-31 10:30,7.50
3297,The Thin Man,Comedy,W.S. Van Dyke,1934,91,12,2024-03-30 19:00,10.00
3298,Les diaboliques,Crime,Henri-Georges Clouzot,1955,117,12,2024-03-30 16:00,8.50
3299,Mulholland Dr.,Drama,David Lynch,2001,147,16,2024-03-30 12:30,8.00
3300,The Butterfly Effect,Drama,Eric Bress,2004,113,0,2024-03-30 10:00,8.50
3301,The Silence of the Lambs,Crime,Jonathan Demme,1991,118,12,2024-03-29 10:00,8.50
3302,The Terminator,Action,James Cameron,1984,107,12,2024-03-28 14:30,8.00
3303,Pâfekuto burû,Animation,Satoshi Kon,1997,81,12,2024-03-28 12:30,8.00
3304,Pâfekuto burû,Animation,Satoshi Kon,1997,81,12,2024-03-28 10:00,7.00
3305,The Remains of the Day,Drama,James Ivory,1993,134,0,2024-03-27 12:30,7.00
3306,Back to the Future Part II,Adventure,Robert Zemeckis,1989,108,0,2024-03-27 10:00,7.00
3307,Delicatessen,Comedy,Marc Caro,1991,99,16,2024-03-26 10:00,8.50
3308,Bride of Frankenstein,Drama,James Whale,1935,75,12,2024-03-25 16:00,8.50
3309,Sense and Sensibility,Drama,Ang Lee,1995,136,0,2024-03-25 13:00,7.50
3310,Les diaboliques,Crime,Henri-Georges Clouzot,1955,117,12,2024-03-25 10:00,8.00
3311,Waking Life,Animation,Richard Linklater,2001,99,16,2024-03-24 15:30,7.00
3312,Philadelphia,Drama,Jonathan Demme,1993,125,12,2024-03-24 12:30,7.00
3313,Adaptation.,Comedy,Spike Jonze,2002,115,16,2024-03-24 10:00,7.00
3314,The Silence of the Lambs,Crime,Jonathan Demme,1991,118,12,2024-03-23 16:30,8.50
3315,Philadelphia,Drama,Jonathan Demme,1993,125,12,2024-03-23 13:30,6.50
3316,Training Day,Crime,Antoine Fuqua,2001,122,12,2024-03-23 10:30,7.00
3317,Le charme discret de la bourgeoisie,Comedy,Luis Buñuel,1972,102,6,2024-03-22 14:00,6.50
3318,Judgment at Nuremberg,Drama,Stanley Kramer,1961,179,12,2024-03-22 10:00,6.50
3319,The Silence of the Lambs,Crime,Jonathan Demme,1991,118,12,2024-03-21 15:30,8.00
3320,The Bridges of Madison County,Drama,Clint Eastwood,1995,135,12,2024-03-21 12:30,8.00
3321,Ivanovo detstvo,Drama,Andrei Tarkovsky,1962,95,12,2024-03-21 10:00,8.00
3322,Charade,Comedy,Stanley Donen,1963,113,0,2024-03-20 15:00,7.00
3323,The Thin Man,Comedy,W.S. Van Dyke,1934,91,12,2024-03-20 12:30,8.00
3324,Ivanovo detstvo,Drama,Andrei Tarkovsky,1962,95,12,2024-03-20 10:00,7.00
3325,Le charme discret de la bourgeoisie,Comedy,Luis Buñuel,1972,102,6,2024-03-19 14:30,7.50
3326,The General,Action,Clyde Bruckman,1926,67,12,2024-03-19 12:30,7.50
3327,The Lost Weekend,Drama,Billy Wilder,1945,101,12,2024-03-19 10:00,7.00
3328,The Thin Man,Comedy,W.S. Van Dyke,1934,91,12,2024-03-18 13:00,8.50
3329,Kill Bill: Vol. 1,Action,Quentin Tarantino,2003,111,16,2024-03-18 10:00,8.50
3330,My Cousin Vinny,Comedy,Jonathan Lynn,1992,120,12,2024-03-17 19:00,8.50
3331,The Terminator,Action,James Cameron,1984,107,12,2024-03-17 16:30,8.00
3332,Patton,Biography,Franklin J. Schaffner,1970,172,0,2024-03-17 13:00,6.50
3333,Philadelphia,Drama,Jonathan Demme,1993,125,12,2024-03-17 10:00,7.50
3334,The Bridges of Madison County,Drama,Clint Eastwood,1995,135,12,2024-03-16 18:30,9.50
3335,Kill Bill: Vol. 1,Action,Quentin Tarantino,2003,111,16,2024-03-16 16:00,8.50
3336,Dazed and Confused,Comedy,Richard Linklater,1993,102,0,2024-03-16 13:30,8.00
3337,The Godfather: Part III,Crime,Francis Ford Coppola,1990,162,12,2024-03-16 10:00,7.50
3338,Ocean's Eleven,Crime,Steven Soderbergh,2001,116,12,2024-03-15 15:30,7.00
3339,The Odd Couple,Comedy,Gene Saks,1968,105,0,2024-03-15 13:00,6.50
3340,The Bridges of Madison County,Drama,Clint Eastwood,1995,135,12,2024-03-15 10:00,7.00
3341,Patton,Biography,Franklin J. Schaffner,1970,172,0,2024-03-14 16:00,7.00
3342,White Heat,Action,Raoul Walsh,1949,114,12,2024-03-14 13:00,7.00
3343,Serpico,Biography,Sidney Lumet,1973,130,12,2024-03-14 10:00,6.50
3344,The Godfather: Part III,Crime,Francis Ford Coppola,1990,162,12,2024-03-13 16:00,6.50
3345,The Bourne Supremacy,Action,Paul Greengrass,2004,108,12,2024-03-13 13:30,8.00
3346,Training Day,Crime,Antoine Fuqua,2001,122,12,2024-03-13 10:30,6.50
3347,The Odd Couple,Comedy,Gene Saks,1968,105,0,2024-03-12 16:00,7.00
3348,Vertigo,Mystery,Alfred Hitchcock,1958,128,12,2024-03-12 13:00,6.50
3349,October Sky,Biography,Joe Johnston,1999,108,6,2024-03-12 10:30,7.00
3350,Dead Man's Shoes,Crime,Shane Meadows,2004,90,12,2024-03-11 13:00,8.00
3351,Kill Bill: Vol. 1,Action,Quentin Tarantino,2003,111,16,2024-03-11 10:30,6.50
3352,The Terminator,Action,James Cameron,1984,107,12,2024-03-10 17:00,8.00
3353,Dead Man's Shoes,Crime,Shane Meadows,2004,90,12,2024-03-10 14:30,7.00
3354,Pâfekuto burû,Animation,Satoshi Kon,1997,81,12,2024-03-10 12:30,7.50
3355,The Odd Couple,Comedy,Gene Saks,1968,105,0,2024-03-10 10:00,6.50
3356,Lifeboat,Drama,Alfred Hitchcock,1944,97,12,2024-03-09 15:30,8.00
3357,The Lost Weekend,Drama,Billy Wilder,1945,101,12,2024-03-09 13:00,8.00
3358,October Sky,Biography,Joe Johnston,1999,108,6,2024-03-09 10:00,8.50
3359,The General,Action,Clyde Bruckman,1926,67,12,2024-03-08 10:00,6.50
3360,The Exorcist,Horror,William Friedkin,1973,122,12,2024-03-07 16:00,7.00
3361,The Remains of the Day,Drama,James Ivory,1993,134,0,2024-03-07 13:00,7.50
3362,The Bourne Supremacy,Action,Paul Greengrass,2004,108,12,2024-03-07 10:30,7.50
3363,Le charme discret de la bourgeoisie,Comedy,Luis Buñuel,1972,102,6,2024-03-06 15:00,7.00
3364,Lifeboat,Drama,Alfred Hitchcock,1944,97,12,2024-03-06 12:30,6.50
3365,Evil Dead II,Action,Sam Raimi,1987,84,12,2024-03-06 10:00,8.50
3366,Dazed and Confused,Comedy,Richard Linklater,1993,102,0,2024-03-05 15:00,6.50
3367,The Others,Horror,Alejandro Amenábar,2001,101,12,2024-03-05 12:30,7.00
3368,The Others,Horror,Alejandro Amenábar,2001,101,12,2024-03-05 10:00,8.00
3369,Les diaboliques,Crime,Henri-Georges Clouzot,1955,117,12,2024-03-04 10:00,8.00
3370,Gone with the Wind,Drama,Victor Fleming,1939,238,0,2024-03-03 16:30,8.50
3371,Patton,Biography,Franklin J. Schaffner,1970,172,0,2024-03-03 13:00,6.50
3372,White Heat,Action,Raoul Walsh,1949,114,12,2024-03-03 10:00,7.50
3373,Evil Dead II,Action,Sam Raimi,1987,84,12,2024-03-02 19:30,9.00
3374,Serpico,Biography,Sidney Lumet,1973,130,12,2024-03-02 16:30,7.00
3375,White Heat,Action,Raoul Walsh,1949,114,12,2024-03-02 14:00,7.50
3376,Judgment at Nuremberg,Drama,Stanley Kramer,1961,179,12,2024-03-02 10:00,8.00
3377,Les diaboliques,Crime,Henri-Georges Clouzot,1955,117,12,2024-03-01 15:30,8.50
3378,Rushmore,Comedy,Wes Anderson,1998,93,12,2024-03-01 13:00,8.00
3379,Nueve reinas,Crime,Fabián Bielinsky,2000,114,16,2024-03-01 10:00,7.50
3380,White Heat,Action,Raoul Walsh,1949,114,12,2024-02-29 10:00,8.50
3381,The Others,Horror,Alejandro Amenábar,2001,101,12,2024-02-28 16:00,7.00
3382,The Godfather: Part III,Crime,Francis Ford Coppola,1990,162,12,2024-02-28 12:30,8.00
3383,The Others,Horror,Alejandro Amenábar,2001,101,12,2024-02-28 10:00,6.50
3384,Serpico,Biography,Sidney Lumet,1973,130,12,2024-02-27 10:30,8.00
3385,Rear Window,Mystery,Alfred Hitchcock,1954,112,0,2024-02-26 16:30,6.50
3386,Where Eagles Dare,Action,Brian G. Hutton,1968,158,0,2024-02-26 13:00,7.50
3387,Rear Window,Mystery,Alfred Hitchcock,1954,112,0,2024-02-26 10:00,8.50
3388,The Others,Horror,Alejandro Amenábar,2001,101,12,2024-02-25 19:00,9.00
3389,The Terminator,Action,James Cameron,1984,107,12,2024-02-25 16:00,7.00
3390,Mulholland Dr.,Drama,David Lynch,2001,147,16,2024-02-25 12:30,7.00
3391,The Terminator,Action,James Cameron,1984,107,12,2024-02-25 10:00,8.50
3392,Do lok tin si,Comedy,Kar-Wai Wong,1995,99,12,2024-02-24 18:30,9.50
3393,White Heat,Action,Raoul Walsh,1949,114,12,2024-02-24 15:30,6.50
3394,Per qualche dollaro in più,Western,Sergio Leone,1965,132,0,2024-02-24 12:30,8.00
3395,October Sky,Biography,Joe Johnston,1999,108,6,2024-02-24 10:00,8.50
3396,Charade,Comedy,Stanley Donen,1963,113,0,2024-02-23 10:30,8.00
3397,Nueve reinas,Crime,Fabián Bielinsky,2000,114,16,2024-02-22 16:00,6.50
3398,The Fifth Element,Action,Luc Besson,1997,126,12,2024-02-22 13:00,8.50
3399,Serpico,Biography,Sidney Lumet,1973,130,12,2024-02-22 10:00,7.50
3400,The Last Picture Show,Drama,Peter Bogdanovich,1971,118,16,2024-02-21 14:00,7.50
3401,Patton,Biography,Franklin J. Schaffner,1970,172,0,2024-02-21 10:30,6.50
3402,Le dîner de cons,Comedy,Francis Veber,1998,80,12,2024-02-20 12:00,8.50
3403,Zelig,Comedy,Woody Allen,1983,79,6,2024-02-20 10:00,7.50
3404,The Terminator,Action,James Cameron,1984,107,12,2024-02-19 16:30,8.00
3405,Per qualche dollaro in più,Western,Sergio Leone,1965,132,0,2024-02-19 13:30,6.50
3406,Patton,Biography,Franklin J. Schaffner,1970,172,0,2024-02-19 10:00,8.50
3407,The Fifth Element,Action,Luc Besson,1997,126,12,2024-02-18 16:00,8.00
3408,Dazed and Confused,Comedy,Richard Linklater,1993,102,0,2024-02-18 13:30,8.50
3409,Patton,Biography,Franklin J. Schaffner,1970,172,0,2024-02-18 10:00,6.50
3410,Evil Dead II,Action,Sam Raimi,1987,84,12,2024-02-17 15:30,8.50
3411,Les diaboliques,Crime,Henri-Georges Clouzot,1955,117,12,2024-02-17 12:30,8.50
3412,October Sky,Biography,Joe Johnston,1999,108,6,2024-02-17 10:00,8.50
3413,Charade,Comedy,Stanley Donen,1963,113,0,2024-02-16 12:30,6.50
3414,The Bourne Supremacy,Action,Paul Greengrass,2004,108,12,2024-02-16 10:00,7.50
3415,"South Park: Bigger, Longer & Uncut",Animation,Trey Parker,1999,81,12,2024-02-15 10:00,6.50
3416,October Sky,Biography,Joe Johnston,1999,108,6,2024-02-14 13:00,8.50
3417,Apocalypse Now,Drama,Francis Ford Coppola,1979,147,16,2024-02-14 10:00,7.50
3418,Gone with the Wind,Drama,Victor Fleming,1939,238,0,2024-02-13 10:30,8.50
3419,Nueve reinas,Crime,Fabián Bielinsky,2000,114,16,2024-02-12 18:00,9.00
3420,Gone with the Wind,Drama,Victor Fleming,1939,238,0,2024-02-12 13:00,8.00
3421,Cool Hand Luke,Crime,Stuart Rosenberg,1967,127,12,2024-02-12 10:00,8.50
3422,Per qualche dollaro in più,Western,Sergio Leone,1965,132,0,2024-02-11 16:30,8.00
3423,The Man Who Would Be King,Adventure,John Huston,1975,129,6,2024-02-11 13:30,7.50
3424,Per qualche dollaro in più,Western,Sergio Leone,1965,132,0,2024-02-11 10:30,8.00
3425,Batoru rowaiaru,Action,Kinji Fukasaku,2000,114,12,2024-02-10 16:00,8.50
3426,Le dîner de cons,Comedy,Francis Veber,1998,80,12,2024-02-10 13:30,7.50
3427,The Man Who Would Be King,Adventure,John Huston,1975,129,6,2024-02-10 10:30,8.00
3428,The Innocents,Horror,Jack Clayton,1961,100,12,2024-02-09 12:30,8.50
3429,The Terminator,Action,James Cameron,1984,107,12,2024-02-09 10:00,6.50
3430,Being There,Comedy,Hal Ashby,1979,130,6,2024-02-08 13:30,7.00
3431,The Big Sleep,Crime,Howard Hawks,1946,114,12,2024-02-08 10:30,7.50
3432,Zelig,Comedy,Woody Allen,1983,79,6,2024-02-07 15:30,7.00
3433,Being There,Comedy,Hal Ashby,1979,130,6,2024-02-07 12:30,6.50
3434,Groundhog Day,Comedy,Harold Ramis,1993,101,0,2024-02-07 10:00,7.00
3435,The Innocents,Horror,Jack Clayton,1961,100,12,2024-02-06 16:30,8.50
3436,The Hustler,Drama,Robert Rossen,1961,134,12,2024-02-06 13:30,8.50
3437,Awakenings,Biography,Penny Marshall,1990,121,0,2024-02-06 10:30,7.50
3438,Batman: Mask of the Phantasm,Animation,Kevin Altieri,1993,76,6,2024-02-05 15:30,6.50
3439,Do lok tin si,Comedy,Kar-Wai Wong,1995,99,12,2024-02-05 13:00,8.50
3440,Jûbê ninpûchô,Animation,Yoshiaki Kawajiri,1993,94,12,2024-02-05 10:30,7.00
3441,The Fifth Element,Action,Luc Besson,1997,126,12,2024-02-04 19:00,9.50
3442,Apocalypse Now,Drama,Francis Ford Coppola,1979,147,16,2024-02-04 15:30,8.50
3443,October Sky,Biography,Joe Johnston,1999,108,6,2024-02-04 13:00,6.50
3444,Groundhog Day,Comedy,Harold Ramis,1993,101,0,2024-02-04 10:30,7.50
3445,Double Indemnity,Crime,Billy Wilder,1944,107,12,2024-02-03 18:30,9.00
3446,Rushmore,Comedy,Wes Anderson,1998,93,12,2024-02-03 16:00,7.50
3447,The Man Who Would Be King,Adventure,John Huston,1975,129,6,2024-02-03 13:00,7.50
3448,Inherit the Wind,Biography,Stanley Kramer,1960,128,12,2024-02-03 10:00,8.00
3449,The Innocents,Horror,Jack Clayton,1961,100,12,2024-02-02 16:30,7.50
3450,The Man Who Would Be King,Adventure,John Huston,1975,129,6,2024-02-02 13:30,8.50
3451,Rear Window,Mystery,Alfred Hitchcock,1954,112,0,2024-02-02 10:30,8.50
3452,October Sky,Biography,Joe Johnston,1999,108,6,2024-02-01 16:00,7.00
3453,Inherit the Wind,Biography,Stanley Kramer,1960,128,12,2024-02-01 13:00,6.50
3454,A Man for All Seasons,Biography,Fred Zinnemann,1966,120,0,2024-02-01 10:30,7.50
3455,Where Eagles Dare,Action,Brian G. Hutton,1968,158,0,2024-01-31 13:00,7.50
3456,Cool Hand Luke,Crime,Stuart Rosenberg,1967,127,12,2024-01-31 10:00,7.00
3457,The Innocents,Horror,Jack Clayton,1961,100,12,2024-01-30 10:30,7.00
3458,The Deer Hunter,Drama,Michael Cimino,1978,183,12,2024-01-29 15:00,8.50
3459,The Last Picture Show,Drama,Peter Bogdanovich,1971,118,16,2024-01-29 12:00,8.00
3460,Zelig,Comedy,Woody Allen,1983,79,6,2024-01-29 10:00,7.00
3461,October Sky,Biography,Joe Johnston,1999,108,6,2024-01-28 18:30,9.00
3462,Do lok tin si,Comedy,Kar-Wai Wong,1995,99,12,2024-01-28 16:00,7.50
3463,The Big Sleep,Crime,Howard Hawks,1946,114,12,2024-01-28 13:30,6.50
3464,The Last Picture Show,Drama,Peter Bogdanovich,1971,118,16,2024-01-28 10:30,7.00
3465,Jûbê ninpûchô,Animation,Yoshiaki Kawajiri,1993,94,12,2024-01-27 16:30,8.00
3466,Awakenings,Biography,Penny Marshall,1990,121,0,2024-01-27 13:30,8.50
3467,A Man for All Seasons,Biography,Fred Zinnemann,1966,120,0,2024-01-27 10:30,6.50
3468,Ocean's Eleven,Crime,Steven Soderbergh,2001,116,12,2024-01-26 16:00,8.50
3469,Full Metal Jacket,Drama,Stanley Kubrick,1987,116,12,2024-01-26 13:00,6.50
3470,Double Indemnity,Crime,Billy Wilder,1944,107,12,2024-01-26 10:30,8.00
3471,My Fair Lady,Drama,George Cukor,1964,170,0,2024-01-25 15:30,8.50
3472,The Last Picture Show,Drama,Peter Bogdanovich,1971,118,16,2024-01-25 12:30,7.00
3473,Finding Neverland,Biography,Marc Forster,2004,106,0,2024-01-25 10:00,6.50
3474,Where Eagles Dare,Action,Brian G. Hutton,1968,158,0,2024-01-24 10:00,7.50
3475,The Deer Hunter,Drama,Michael Cimino,1978,183,12,2024-01-23 12:00,7.50
3476,Batman: Mask of the Phantasm,Animation,Kevin Altieri,1993,76,6,2024-01-23 10:00,8.00
3477,Groundhog Day,Comedy,Harold Ramis,1993,101,0,2024-01-22 10:30,7.00
3478,Harry Potter and the Prisoner of Azkaban,Adventure,Alfonso Cuarón,2004,142,0,2024-01-21 17:30,7.50
3479,Groundhog Day,Comedy,Harold Ramis,1993,101,0,2024-01-21 15:00,6.50
3480,The Last Picture Show,Drama,Peter Bogdanovich,1971,118,16,2024-01-21 12:00,7.00
3481,Zelig,Comedy,Woody Allen,1983,79,6,2024-01-21 10:00,8.50
3482,Being There,Comedy,Hal Ashby,1979,130,6,2024-01-20 16:00,8.00
3483,Finding Neverland,Biography,Marc Forster,2004,106,0,2024-01-20 13:30,8.50
3484,Star Wars: Episode VI - Return of the Jedi,Action,Richard Marquand,1983,131,0,2024-01-20 10:30,8.50
3485,Cat on a Hot Tin Roof,Drama,Richard Brooks,1958,108,12,2024-01-19 14:00,7.50
3486,La dolce vita,Comedy,Federico Fellini,1960,174,12,2024-01-19 10:00,6.50
3487,A Man for All Seasons,Biography,Fred Zinnemann,1966,120,0,2024-01-18 16:30,7.00
3488,The Deer Hunter,Drama,Michael Cimino,1978,183,12,2024-01-18 12:30,8.50
3489,Full Metal Jacket,Drama,Stanley Kubrick,1987,116,12,2024-01-18 10:00,8.00
3490,The Straight Story,Biography,David Lynch,1999,112,0,2024-01-17 16:00,6.50
3491,Inherit the Wind,Biography,Stanley Kramer,1960,128,12,2024-01-17 13:00,7.00
3492,Strangers on a Train,Crime,Alfred Hitchcock,1951,101,12,2024-01-17 10:30,8.50
3493,Batman: Mask of the Phantasm,Animation,Kevin Altieri,1993,76,6,2024-01-16 13:00,7.50
3494,Training Day,Crime,Antoine Fuqua,2001,122,12,2024-01-16 10:00,8.50
3495,Guess Who's Coming to Dinner,Comedy,Stanley Kramer,1967,108,12,2024-01-15 10:30,6.50
3496,Singin' in the Rain,Comedy,Stanley Donen,1952,103,0,2024-01-14 19:00,9.50
3497,Batman: Mask of the Phantasm,Animation,Kevin Altieri,1993,76,6,2024-01-14 17:00,8.00
3498,Groundhog Day,Comedy,Harold Ramis,1993,101,0,2024-01-14 14:30,7.50
3499,Dogville,Crime,Lars von Trier,2003,178,16,2024-01-14 10:30,8.50
3500,Reservoir Dogs,Crime,Quentin Tarantino,1992,99,16,2024-01-13 17:30,8.50
3501,Reservoir Dogs,Crime,Quentin Tarantino,1992,99,16,2024-01-13 15:00,7.00
3502,Reservoir Dogs,Crime,Quentin Tarantino,1992,99,16,2024-01-13 12:30,7.00
3503,Ace in the Hole,Drama,Billy Wilder,1951,111,12,2024-01-13 10:00,6.50
3504,Rashômon,Crime,Akira Kurosawa,1950,88,12,2024-01-12 16:30,8.00
3505,A Man for All Seasons,Biography,Fred Zinnemann,1966,120,0,2024-01-12 13:30,8.50
3506,Inherit the Wind,Biography,Stanley Kramer,1960,128,12,2024-01-12 10:30,7.50
3507,Star Wars: Episode VI - Return of the Jedi,Action,Richard Marquand,1983,131,0,2024-01-11 10:30,8.50
3508,The Deer Hunter,Drama,Michael Cimino,1978,183,12,2024-01-10 13:00,7.50
3509,Cat on a Hot Tin Roof,Drama,Richard Brooks,1958,108,12,2024-01-10 10:30,6.50
3510,Singin' in the Rain,Comedy,Stanley Donen,1952,103,0,2024-01-09 10:30,7.00
3511,La règle du jeu,Comedy,Jean Renoir,1939,110,12,2024-01-08 16:30,8.50
3512,Forrest Gump,Drama,Robert Zemeckis,1994,142,12,2024-01-08 13:30,7.50
3513,Lost Highway,Mystery,David Lynch,1997,134,12,2024-01-08 10:30,7.00
3514,Dogville,Crime,Lars von Trier,2003,178,16,2024-01-07 15:00,7.00
3515,Reservoir Dogs,Crime,Quentin Tarantino,1992,99,16,2024-01-07 12:30,8.50
3516,La Strada,Drama,Federico Fellini,1954,108,12,2024-01-07 10:00,6.50
3517,The Deer Hunter,Drama,Michael Cimino,1978,183,12,2024-01-06 20:00,10.00
3518,Reservoir Dogs,Crime,Quentin Tarantino,1992,99,16,2024-01-06 17:30,7.00
3519,My Fair Lady,Drama,George Cukor,1964,170,0,2024-01-06 14:00,6.50
3520,The Deer Hunter,Drama,Michael Cimino,1978,183,12,2024-01-06 10:00,8.50
3521,The Straight Story,Biography,David Lynch,1999,112,0,2024-01-05 10:00,7.50
3522,Aliens,Action,James Cameron,1986,137,0,2024-01-04 14:30,6.50
3523,Andrei Rublev,Biography,Andrei Tarkovsky,1966,205,16,2024-01-04 10:00,7.00
3524,The Dirty Dozen,Action,Robert Aldrich,1967,150,12,2024-01-03 17:00,8.00
3525,Hotaru no haka,Animation,Isao Takahata,1988,89,0,2024-01-03 14:30,8.00
3526,La dolce vita,Comedy,Federico Fellini,1960,174,12,2024-01-03 10:30,8.50
3527,Guess Who's Coming to Dinner,Comedy,Stanley Kramer,1967,108,12,2024-01-02 10:00,8.50
3528,Amadeus,Biography,Milos Forman,1984,160,16,2024-01-01 10:30,7.00
3529,Munna Bhai M.B.B.S.,Comedy,Rajkumar Hirani,2003,156,0,2023-12-31 16:30,8.50
3530,The Deer Hunter,Drama,Michael Cimino,1978,183,12,2023-12-31 12:30,6.50
3531,Singin' in the Rain,Comedy,Stanley Donen,1952,103,0,2023-12-31 10:00,7.50
3532,La dolce vita,Comedy,Federico Fellini,1960,174,12,2023-12-30 15:30,6.50
3533,Rashômon,Crime,Akira Kurosawa,1950,88,12,2023-12-30 13:00,8.00
3534,Per qualche dollaro in più,Western,Sergio Leone,1965,132,0,2023-12-30 10:00,6.50
3535,The Treasure of the Sierra Madre,Adventure,John Huston,1948,126,12,2023-12-29 15:00,7.00
3536,The Gold Rush,Adventure,Charles Chaplin,1925,95,12,2023-12-29 12:30,7.50
3537,La Strada,Drama,Federico Fellini,1954,108,12,2023-12-29 10:00,6.50
3538,Reservoir Dogs,Crime,Quentin Tarantino,1992,99,16,2023-12-28 10:00,6.50
3539,The Gold Rush,Adventure,Charles Chaplin,1925,95,12,2023-12-27 10:00,7.00
3540,The Treasure of the Sierra Madre,Adventure,John Huston,1948,126,12,2023-12-26 10:30,7.50
3541,Munna Bhai M.B.B.S.,Comedy,Rajkumar Hirani,2003,156,0,2023-12-25 16:30,8.50
3542,The Gold Rush,Adventure,Charles Chaplin,1925,95,12,2023-12-25 14:00,8.00
3543,La dolce vita,Comedy,Federico Fellini,1960,174,12,2023-12-25 10:00,8.00
3544,Rebecca,Drama,Alfred Hitchcock,1940,130,12,2023-12-24 19:00,9.00
3545,Per qualche dollaro in più,Western,Sergio Leone,1965,132,0,2023-12-24 16:00,8.00
3546,La Strada,Drama,Federico Fellini,1954,108,12,2023-12-24 13:30,8.50
3547,Per qualche dollaro in più,Western,Sergio Leone,1965,132,0,2023-12-24 10:30,8.00
3548,Dogville,Crime,Lars von Trier,2003,178,16,2023-12-23 19:00,9.00
3549,Almost Famous,Adventure,Cameron Crowe,2000,122,12,2023-12-23 16:00,8.50
3550,Per qualche dollaro in più,Western,Sergio Leone,1965,132,0,2023-12-23 13:00,7.00
3551,Forrest Gump,Drama,Robert Zemeckis,1994,142,12,2023-12-23 10:00,8.00
3552,The Gold Rush,Adventure,Charles Chaplin,1925,95,12,2023-12-22 17:00,8.50
3553,Andrei Rublev,Biography,Andrei Tarkovsky,1966,205,16,2023-12-22 12:30,6.50
3554,La Strada,Drama,Federico Fellini,1954,108,12,2023-12-22 10:00,8.50
3555,The Last of the Mohicans,Action,Michael Mann,1992,112,12,2023-12-21 16:00,7.00
3556,The Dirty Dozen,Action,Robert Aldrich,1967,150,12,2023-12-21 13:00,7.50
3557,Full Metal Jacket,Drama,Stanley Kubrick,1987,116,12,2023-12-21 10:30,8.50
3558,Andrei Rublev,Biography,Andrei Tarkovsky,1966,205,16,2023-12-20 14:30,6.50
3559,Dogville,Crime,Lars von Trier,2003,178,16,2023-12-20 10:30,8.50
3560,The Thing,Horror,John Carpenter,1982,109,12,2023-12-19 16:00,7.50
3561,Aladdin,Animation,Ron Clements,1992,90,0,2023-12-19 13:30,8.50
3562,Forrest Gump,Drama,Robert Zemeckis,1994,142,12,2023-12-19 10:30,6.50
3563,Andrei Rublev,Biography,Andrei Tarkovsky,1966,205,16,2023-12-18 12:30,7.50
3564,The Usual Suspects,Crime,Bryan Singer,1995,106,12,2023-12-18 10:00,6.50
3565,Almost Famous,Adventure,Cameron Crowe,2000,122,12,2023-12-17 15:00,8.50
3566,Rope,Crime,Alfred Hitchcock,1948,80,12,2023-12-17 12:30,7.00
3567,Persona,Drama,Ingmar Bergman,1966,85,12,2023-12-17 10:30,7.00
3568,La règle du jeu,Comedy,Jean Renoir,1939,110,12,2023-12-16 19:00,8.50
3569,Dances with Wolves,Adventure,Kevin Costner,1990,181,0,2023-12-16 15:00,8.00
3570,La Strada,Drama,Federico Fellini,1954,108,12,2023-12-16 12:30,7.50
3571,Hotaru no haka,Animation,Isao Takahata,1988,89,0,2023-12-16 10:00,8.50
3572,La dolce vita,Comedy,Federico Fellini,1960,174,12,2023-12-15 10:00,7.50
3573,28 Days Later...,Drama,Danny Boyle,2002,113,12,2023-12-14 15:00,8.00
3574,Rope,Crime,Alfred Hitchcock,1948,80,12,2023-12-14 13:00,8.50
3575,Aladdin,Animation,Ron Clements,1992,90,0,2023-12-14 10:30,8.50
3576,Rebecca,Drama,Alfred Hitchcock,1940,130,12,2023-12-13 16:00,8.00
3577,Ondskan,Drama,Mikael Håfström,2003,113,12,2023-12-13 13:30,8.50
3578,Donnie Brasco,Biography,Mike Newell,1997,127,12,2023-12-13 10:30,8.00
3579,Ondskan,Drama,Mikael Håfström,2003,113,12,2023-12-12 10:30,8.50
3580,Lost Highway,Mystery,David Lynch,1997,134,12,2023-12-11 15:30,7.00
3581,The Treasure of the Sierra Madre,Adventure,John Huston,1948,126,12,2023-12-11 12:30,6.50
3582,La règle du jeu,Comedy,Jean Renoir,1939,110,12,2023-12-11 10:00,8.00
3583,Der Himmel über Berlin,Drama,Wim Wenders,1987,128,0,2023-12-10 18:00,9.50
3584,Kumonosu-jô,Drama,Akira Kurosawa,1957,110,12,2023-12-10 15:30,7.00
3585,Kumonosu-jô,Drama,Akira Kurosawa,1957,110,12,2023-12-10 12:30,8.50
3586,Requiem for a Dream,Drama,Darren Aronofsky,2000,102,12,2023-12-10 10:00,8.00
3587,The Treasure of the Sierra Madre,Adventure,John Huston,1948,126,12,2023-12-09 19:30,8.50
3588,Rope,Crime,Alfred Hitchcock,1948,80,12,2023-12-09 17:30,8.00
3589,Fiddler on the Roof,Drama,Norman Jewison,1971,181,0,2023-12-09 13:30,6.50
3590,Lost Highway,Mystery,David Lynch,1997,134,12,2023-12-09 10:30,7.00
3591,Aladdin,Animation,Ron Clements,1992,90,0,2023-12-08 14:00,8.00
3592,The Hurricane,Biography,Norman Jewison,1999,146,16,2023-12-08 10:30,8.50
3593,Donnie Brasco,Biography,Mike Newell,1997,127,12,2023-12-07 10:00,6.50
3594,Lost Highway,Mystery,David Lynch,1997,134,12,2023-12-06 16:00,8.50
3595,A Night at the Opera,Comedy,Sam Wood,1935,96,12,2023-12-06 13:30,6.50
3596,The Dirty Dozen,Action,Robert Aldrich,1967,150,12,2023-12-06 10:00,7.50
3597,A Night at the Opera,Comedy,Sam Wood,1935,96,12,2023-12-05 10:00,8.50
3598,Fear and Loathing in Las Vegas,Adventure,Terry Gilliam,1998,118,16,2023-12-04 10:00,8.00
3599,A Night at the Opera,Comedy,Sam Wood,1935,96,12,2023-12-03 18:30,9.00
3600,Amadeus,Biography,Milos Forman,1984,160,16,2023-12-03 15:00,8.00
3601,Rope,Crime,Alfred Hitchcock,1948,80,12,2023-12-03 13:00,7.50
3602,My Left Foot: The Story of Christy Brown,Biography,Jim Sheridan,1989,103,0,2023-12-03 10:30,8.50
3603,"O Brother, Where Art Thou?",Adventure,Joel Coen,2000,107,0,2023-12-02 18:00,9.00
3604,Ondskan,Drama,Mikael Håfström,2003,113,12,2023-12-02 15:30,8.00
3605,Per un pugno di dollari,Action,Sergio Leone,1964,99,12,2023-12-02 13:00,8.50
3606,Lost Highway,Mystery,David Lynch,1997,134,12,2023-12-02 10:00,7.50
3607,Hedwig and the Angry Inch,Comedy,John Cameron Mitchell,2001,95,16,2023-12-01 13:00,7.00
3608,Lost in Translation,Comedy,Sofia Coppola,2003,102,12,2023-12-01 10:30,7.00
3609,Dances with Wolves,Adventure,Kevin Costner,1990,181,0,2023-11-30 12:30,8.00
3610,The African Queen,Adventure,John Huston,1951,105,6,2023-11-30 10:00,8.00
3611,Rebecca,Drama,Alfred Hitchcock,1940,130,12,2023-11-29 15:00,7.50
3612,"O Brother, Where Art Thou?",Adventure,Joel Coen,2000,107,0,2023-11-29 12:30,8.00
3613,Rope,Crime,Alfred Hitchcock,1948,80,12,2023-11-29 10:30,7.50
3614,Kumonosu-jô,Drama,Akira Kurosawa,1957,110,12,2023-11-28 13:00,8.50
3615,A Night at the Opera,Comedy,Sam Wood,1935,96,12,2023-11-28 10:30,8.50
3616,A Night at the Opera,Comedy,Sam Wood,1935,96,12,2023-11-27 13:30,6.50
3617,Lost Highway,Mystery,David Lynch,1997,134,12,2023-11-27 10:30,6.50
3618,Dances with Wolves,Adventure,Kevin Costner,1990,181,0,2023-11-26 15:00,7.00
3619,Hedwig and the Angry Inch,Comedy,John Cameron Mitchell,2001,95,16,2023-11-26 12:30,8.50
3620,Aladdin,Animation,Ron Clements,1992,90,0,2023-11-26 10:00,8.00
3621,Rope,Crime,Alfred Hitchcock,1948,80,12,2023-11-25 17:30,6.50
3622,Monty Python and the Holy Grail,Adventure,Terry Gilliam,1975,91,6,2023-11-25 15:00,6.50
3623,Aladdin,Animation,Ron Clements,1992,90,0,2023-11-25 12:30,6.50
3624,Requiem for a Dream,Drama,Darren Aronofsky,2000,102,12,2023-11-25 10:00,6.50
3625,Amadeus,Biography,Milos Forman,1984,160,16,2023-11-24 12:30,8.50
3626,The African Queen,Adventure,John Huston,1951,105,6,2023-11-24 10:00,8.00
3627,Naked,Comedy,Mike Leigh,1993,132,12,2023-11-23 17:00,8.50
3628,The African Queen,Adventure,John Huston,1951,105,6,2023-11-23 14:30,8.00
3629,Shichinin no samurai,Action,Akira Kurosawa,1954,207,0,2023-11-23 10:00,7.00
3630,Aladdin,Animation,Ron Clements,1992,90,0,2023-11-22 12:00,7.00
3631,Brief Encounter,Drama,David Lean,1945,86,0,2023-11-22 10:00,6.50
3632,The Hurricane,Biography,Norman Jewison,1999,146,16,2023-11-21 13:00,8.50
3633,Rebecca,Drama,Alfred Hitchcock,1940,130,12,2023-11-21 10:00,7.00
3634,Do lok tin si,Comedy,Kar-Wai Wong,1995,99,12,2023-11-20 10:30,6.50
3635,The Dirty Dozen,Action,Robert Aldrich,1967,150,12,2023-11-19 16:30,6.50
3636,Hedwig and the Angry Inch,Comedy,John Cameron Mitchell,2001,95,16,2023-11-19 14:00,8.50
3637,The Dirty Dozen,Action,Robert Aldrich,1967,150,12,2023-11-19 10:30,7.00
3638,Withnail & I,Comedy,Bruce Robinson,1987,107,16,2023-11-18 17:00,8.50
3639,Shichinin no samurai,Action,Akira Kurosawa,1954,207,0,2023-11-18 12:30,6.50
3640,Kumonosu-jô,Drama,Akira Kurosawa,1957,110,12,2023-11-18 10:00,8.00
3641,Fear and Loathing in Las Vegas,Adventure,Terry Gilliam,1998,118,16,2023-11-17 13:00,7.50
3642,Requiem for a Dream,Drama,Darren Aronofsky,2000,102,12,2023-11-17 10:30,8.50
3643,In the Name of the Father,Biography,Jim Sheridan,1993,133,12,2023-11-16 10:30,7.50
3644,Frankenstein,Drama,James Whale,1931,70,12,2023-11-15 12:30,8.00
3645,Aladdin,Animation,Ron Clements,1992,90,0,2023-11-15 10:00,7.00
3646,Withnail & I,Comedy,Bruce Robinson,1987,107,16,2023-11-14 13:00,6.50
3647,Persona,Drama,Ingmar Bergman,1966,85,12,2023-11-14 10:30,6.50
3648,The African Queen,Adventure,John Huston,1951,105,6,2023-11-13 16:00,7.50
3649,Withnail & I,Comedy,Bruce Robinson,1987,107,16,2023-11-13 13:30,6.50
3650,Planet of the Apes,Adventure,Franklin J. Schaffner,1968,112,0,2023-11-13 10:30,8.00
3651,Shichinin no samurai,Action,Akira Kurosawa,1954,207,0,2023-11-12 15:30,7.50
3652,Do lok tin si,Comedy,Kar-Wai Wong,1995,99,12,2023-11-12 13:00,7.00
3653,Die Hard: With a Vengeance,Action,John McTiernan,1995,128,12,2023-11-12 10:00,8.00
3654,Gattaca,Drama,Andrew Niccol,1997,106,12,2023-11-11 19:00,10.00
3655,Naked,Comedy,Mike Leigh,1993,132,12,2023-11-11 16:00,7.50
3656,Per un pugno di dollari,Action,Sergio Leone,1964,99,12,2023-11-11 13:30,7.00
3657,Good Bye Lenin!,Comedy,Wolfgang Becker,2003,121,16,2023-11-11 10:30,8.00
3658,In the Name of the Father,Biography,Jim Sheridan,1993,133,12,2023-11-10 15:30,8.00
3659,Kumonosu-jô,Drama,Akira Kurosawa,1957,110,12,2023-11-10 13:00,7.50
3660,Good Bye Lenin!,Comedy,Wolfgang Becker,2003,121,16,2023-11-10 10:00,7.00
3661,My Left Foot: The Story of Christy Brown,Biography,Jim Sheridan,1989,103,0,2023-11-09 10:00,7.50
3662,Duck Soup,Comedy,Leo McCarey,1933,69,12,2023-11-08 10:30,6.50
3663,Lost in Translation,Comedy,Sofia Coppola,2003,102,12,2023-11-07 15:00,8.50
3664,My Left Foot: The Story of Christy Brown,Biography,Jim Sheridan,1989,103,0,2023-11-07 12:30,7.50
3665,Days of Heaven,Drama,Terrence Malick,1978,94,6,2023-11-07 10:00,8.00
3666,Good Bye Lenin!,Comedy,Wolfgang Becker,2003,121,16,2023-11-06 15:00,7.00
3667,Shichinin no samurai,Action,Akira Kurosawa,1954,207,0,2023-11-06 10:30,8.50
3668,Dead Man,Adventure,Jim Jarmusch,1995,121,16,2023-11-05 19:00,9.50
3669,E.T. the Extra-Terrestrial,Family,Steven Spielberg,1982,115,0,2023-11-05 16:00,7.00
3670,Modern Times,Comedy,Charles Chaplin,1936,87,0,2023-11-05 13:30,7.00
3671,Naked,Comedy,Mike Leigh,1993,132,12,2023-11-05 10:30,8.50
3672,Kumonosu-jô,Drama,Akira Kurosawa,1957,110,12,2023-11-04 17:00,6.50
3673,Mad Max 2,Action,George Miller,1981,96,12,2023-11-04 14:30,8.00
3674,Evil Dead II,Action,Sam Raimi,1987,84,12,2023-11-04 12:30,7.00
3675,Boyz n the Hood,Crime,John Singleton,1991,112,12,2023-11-04 10:00,6.50
3676,The Best Years of Our Lives,Drama,William Wyler,1946,170,12,2023-11-03 15:00,8.00
3677,Fear and Loathing in Las Vegas,Adventure,Terry Gilliam,1998,118,16,2023-11-03 12:30,8.50
3678,The Sandlot,Comedy,David Mickey Evans,1993,101,0,2023-11-03 10:00,6.50
3679,Die Hard: With a Vengeance,Action,John McTiernan,1995,128,12,2023-11-02 15:00,8.00
3680,Mad Max 2,Action,George Miller,1981,96,12,2023-11-02 12:30,7.50
3681,Days of Heaven,Drama,Terrence Malick,1978,94,6,2023-11-02 10:00,7.00
3682,Shichinin no samurai,Action,Akira Kurosawa,1954,207,0,2023-11-01 10:00,8.50
3683,Days of Heaven,Drama,Terrence Malick,1978,94,6,2023-10-31 10:30,7.00
3684,Shichinin no samurai,Action,Akira Kurosawa,1954,207,0,2023-10-30 15:30,7.00
3685,Per un pugno di dollari,Action,Sergio Leone,1964,99,12,2023-10-30 13:00,8.00
3686,Der Himmel über Berlin,Drama,Wim Wenders,1987,128,0,2023-10-30 10:00,8.00
3687,Duck Soup,Comedy,Leo McCarey,1933,69,12,2023-10-29 18:00,9.50
3688,Hana-bi,Crime,Takeshi Kitano,1997,103,12,2023-10-29 15:30,7.00
3689,Gattaca,Drama,Andrew Niccol,1997,106,12,2023-10-29 13:00,7.00
3690,Evil Dead II,Action,Sam Raimi,1987,84,12,2023-10-29 10:30,8.00
3691,The Best Years of Our Lives,Drama,William Wyler,1946,170,12,2023-10-28 15:30,8.50
3692,Boyz n the Hood,Crime,John Singleton,1991,112,12,2023-10-28 12:30,6.50
3693,Monty Python and the Holy Grail,Adventure,Terry Gilliam,1975,91,6,2023-10-28 10:00,8.50
3694,Monty Python and the Holy Grail,Adventure,Terry Gilliam,1975,91,6,2023-10-27 12:30,7.50
3695,Gattaca,Drama,Andrew Niccol,1997,106,12,2023-10-27 10:00,8.00
3696,Boyz n the Hood,Crime,John Singleton,1991,112,12,2023-10-26 14:30,8.00
3697,Shichinin no samurai,Action,Akira Kurosawa,1954,207,0,2023-10-26 10:00,8.50
3698,Kagemusha,Drama,Akira Kurosawa,1980,180,0,2023-10-25 13:00,8.00
3699,Gattaca,Drama,Andrew Niccol,1997,106,12,2023-10-25 10:30,8.50
3700,Bringing Up Baby,Comedy,Howard Hawks,1938,102,12,2023-10-24 13:00,8.00
3701,Mad Max 2,Action,George Miller,1981,96,12,2023-10-24 10:30,7.50
3702,Duck Soup,Comedy,Leo McCarey,1933,69,12,2023-10-23 10:00,8.00
3703,Boyz n the Hood,Crime,John Singleton,1991,112,12,2023-10-22 15:30,8.50
3704,Gattaca,Drama,Andrew Niccol,1997,106,12,2023-10-22 13:00,7.00
3705,Full Metal Jacket,Drama,Stanley Kubrick,1987,116,12,2023-10-22 10:00,7.50
3706,Bringing Up Baby,Comedy,Howard Hawks,1938,102,12,2023-10-21 14:00,6.50
3707,Frankenstein,Drama,James Whale,1931,70,12,2023-10-21 12:00,6.50
3708,Frankenstein,Drama,James Whale,1931,70,12,2023-10-21 10:00,8.50
3709,Lost Highway,Mystery,David Lynch,1997,134,12,2023-10-20 12:30,8.50
3710,Duck Soup,Comedy,Leo McCarey,1933,69,12,2023-10-20 10:30,7.50
3711,Das Cabinet des Dr. Caligari,Fantasy,Robert Wiene,1920,76,12,2023-10-19 13:00,8.50
3712,Planet of the Apes,Adventure,Franklin J. Schaffner,1968,112,0,2023-10-19 10:00,7.50
3713,The Best Years of Our Lives,Drama,William Wyler,1946,170,12,2023-10-18 15:30,7.00
3714,Mad Max 2,Action,George Miller,1981,96,12,2023-10-18 13:00,8.50
3715,The Ladykillers,Comedy,Alexander Mackendrick,1955,91,12,2023-10-18 10:30,8.50
3716,Le samouraï,Crime,Jean-Pierre Melville,1967,105,12,2023-10-17 10:00,8.50
3717,Hable con ella,Drama,Pedro Almodóvar,2002,112,16,2023-10-16 12:30,6.50
3718,The Sandlot,Comedy,David Mickey Evans,1993,101,0,2023-10-16 10:00,7.50
3719,Willy Wonka & the Chocolate Factory,Family,Mel Stuart,1971,100,0,2023-10-15 15:30,7.00
3720,Das Boot,Adventure,Wolfgang Petersen,1981,149,16,2023-10-15 12:30,8.50
3721,Enter the Dragon,Action,Robert Clouse,1973,102,12,2023-10-15 10:00,8.00
3722,Duck Soup,Comedy,Leo McCarey,1933,69,12,2023-10-14 15:00,7.00
3723,Planet of the Apes,Adventure,Franklin J. Schaffner,1968,112,0,2023-10-14 12:30,8.50
3724,Duck Soup,Comedy,Leo McCarey,1933,69,12,2023-10-14 10:30,8.50
3725,"South Park: Bigger, Longer & Uncut",Animation,Trey Parker,1999,81,12,2023-10-13 15:00,8.00
3726,Donnie Darko,Drama,Richard Kelly,2001,113,16,2023-10-13 12:30,6.50
3727,Boyz n the Hood,Crime,John Singleton,1991,112,12,2023-10-13 10:00,7.50
3728,Les quatre cents coups,Crime,François Truffaut,1959,99,12,2023-10-12 12:30,6.50
3729,Hana-bi,Crime,Takeshi Kitano,1997,103,12,2023-10-12 10:00,7.50
3730,Monty Python and the Holy Grail,Adventure,Terry Gilliam,1975,91,6,2023-10-11 16:30,6.50
3731,Forrest Gump,Drama,Robert Zemeckis,1994,142,12,2023-10-11 13:00,6.50
3732,Eskiya,Crime,Yavuz Turgul,1996,128,12,2023-10-11 10:00,8.00
3733,Todo sobre mi madre,Drama,Pedro Almodóvar,1999,101,16,2023-10-10 16:00,6.50
3734,Requiem for a Dream,Drama,Darren Aronofsky,2000,102,12,2023-10-10 13:30,6.50
3735,E.T. the Extra-Terrestrial,Family,Steven Spielberg,1982,115,0,2023-10-10 10:30,6.50
3736,Monty Python and the Holy Grail,Adventure,Terry Gilliam,1975,91,6,2023-10-09 13:00,7.00
3737,Dead Man,Adventure,Jim Jarmusch,1995,121,16,2023-10-09 10:00,7.50
3738,Monty Python and the Holy Grail,Adventure,Terry Gilliam,1975,91,6,2023-10-08 16:00,6.50
3739,Dawn of the Dead,Action,George A. Romero,1978,127,12,2023-10-08 13:00,7.00
3740,Do lok tin si,Comedy,Kar-Wai Wong,1995,99,12,2023-10-08 10:30,8.50
3741,Kagemusha,Drama,Akira Kurosawa,1980,180,0,2023-10-07 18:30,10.00
3742,Days of Heaven,Drama,Terrence Malick,1978,94,6,2023-10-07 16:00,7.50
3743,Good Bye Lenin!,Comedy,Wolfgang Becker,2003,121,16,2023-10-07 13:00,6.50
3744,Les quatre cents coups,Crime,François Truffaut,1959,99,12,2023-10-07 10:30,8.50
3745,Das Cabinet des Dr. Caligari,Fantasy,Robert Wiene,1920,76,12,2023-10-06 13:30,7.50
3746,Midnight Express,Biography,Alan Parker,1978,121,12,2023-10-06 10:30,8.00
3747,Out of the Past,Crime,Jacques Tourneur,1947,97,12,2023-10-05 13:30,6.50
3748,The Count of Monte Cristo,Action,Kevin Reynolds,2002,131,12,2023-10-05 10:30,7.50
3749,Duck Soup,Comedy,Leo McCarey,1933,69,12,2023-10-04 10:30,7.50
3750,"South Park: Bigger, Longer & Uncut",Animation,Trey Parker,1999,81,12,2023-10-03 13:00,8.50
3751,Todo sobre mi madre,Drama,Pedro Almodóvar,1999,101,16,2023-10-03 10:30,7.00
3752,Duck Soup,Comedy,Leo McCarey,1933,69,12,2023-10-02 10:30,6.50
3753,"Crna macka, beli macor",Comedy,Emir Kusturica,1998,127,16,2023-10-01 14:30,8.50
3754,Das Cabinet des Dr. Caligari,Fantasy,Robert Wiene,1920,76,12,2023-10-01 12:30,7.50
3755,Do lok tin si,Comedy,Kar-Wai Wong,1995,99,12,2023-10-01 10:00,8.00
3756,Das Cabinet des Dr. Caligari,Fantasy,Robert Wiene,1920,76,12,2023-09-30 17:30,8.50
3757,Out of the Past,Crime,Jacques Tourneur,1947,97,12,2023-09-30 15:00,6.50
3758,Out of the Past,Crime,Jacques Tourneur,1947,97,12,2023-09-30 12:30,7.00
3759,Yôjinbô,Action,Akira Kurosawa,1961,110,12,2023-09-30 10:00,8.50
3760,Das Boot,Adventure,Wolfgang Petersen,1981,149,16,2023-09-29 15:30,8.50
3761,Mad Max 2,Action,George Miller,1981,96,12,2023-09-29 13:00,8.50
3762,Modern Times,Comedy,Charles Chaplin,1936,87,0,2023-09-29 10:30,7.00
3763,Les quatre cents coups,Crime,François Truffaut,1959,99,12,2023-09-28 16:30,6.50
3764,Kagemusha,Drama,Akira Kurosawa,1980,180,0,2023-09-28 12:30,7.50
3765,Das Cabinet des Dr. Caligari,Fantasy,Robert Wiene,1920,76,12,2023-09-28 10:30,8.00
3766,Bonnie and Clyde,Action,Arthur Penn,1967,111,12,2023-09-27 10:30,8.00
3767,Modern Times,Comedy,Charles Chaplin,1936,87,0,2023-09-26 12:30,7.50
3768,Le samouraï,Crime,Jean-Pierre Melville,1967,105,12,2023-09-26 10:00,7.00
3769,Out of the Past,Crime,Jacques Tourneur,1947,97,12,2023-09-25 13:30,6.50
3770,La vita è bella,Comedy,Roberto Benigni,1997,116,0,2023-09-25 10:30,8.50
3771,Eskiya,Crime,Yavuz Turgul,1996,128,12,2023-09-24 18:00,8.50
3772,Dead Man,Adventure,Jim Jarmusch,1995,121,16,2023-09-24 15:00,6.50
3773,Yôjinbô,Action,Akira Kurosawa,1961,110,12,2023-09-24 12:30,7.00
3774,Bringing Up Baby,Comedy,Howard Hawks,1938,102,12,2023-09-24 10:00,6.50
3775,Giù la testa,Drama,Sergio Leone,1971,157,6,2023-09-23 14:30,8.50
3776,"South Park: Bigger, Longer & Uncut",Animation,Trey Parker,1999,81,12,2023-09-23 12:30,8.00
3777,Yôjinbô,Action,Akira Kurosawa,1961,110,12,2023-09-23 10:00,8.50
3778,Miracle on 34th Street,Comedy,George Seaton,1947,96,12,2023-09-22 16:00,6.50
3779,Dead Man,Adventure,Jim Jarmusch,1995,121,16,2023-09-22 13:00,8.00
3780,Being John Malkovich,Comedy,Spike Jonze,1999,113,16,2023-09-22 10:30,7.50
3781,Love and Death,Comedy,Woody Allen,1975,85,6,2023-09-21 10:00,6.50
3782,Miracle on 34th Street,Comedy,George Seaton,1947,96,12,2023-09-20 16:00,8.00
3783,To Kill a Mockingbird,Crime,Robert Mulligan,1962,129,0,2023-09-20 13:00,7.50
3784,The Sandlot,Comedy,David Mickey Evans,1993,101,0,2023-09-20 10:30,8.50
3785,Donnie Darko,Drama,Richard Kelly,2001,113,16,2023-09-19 15:30,8.00
3786,To Kill a Mockingbird,Crime,Robert Mulligan,1962,129,0,2023-09-19 12:30,7.00
3787,Enter the Dragon,Action,Robert Clouse,1973,102,12,2023-09-19 10:00,7.50
3788,Todo sobre mi madre,Drama,Pedro Almodóvar,1999,101,16,2023-09-18 10:30,6.50
3789,"Crna macka, beli macor",Comedy,Emir Kusturica,1998,127,16,2023-09-17 15:30,8.50
3790,Donnie Darko,Drama,Richard Kelly,2001,113,16,2023-09-17 12:30,7.50
3791,Mad Max 2,Action,George Miller,1981,96,12,2023-09-17 10:00,7.00
3792,Yôjinbô,Action,Akira Kurosawa,1961,110,12,2023-09-16 20:00,9.00
3793,Miracle on 34th Street,Comedy,George Seaton,1947,96,12,2023-09-16 17:30,7.50
3794,Das Boot,Adventure,Wolfgang Petersen,1981,149,16,2023-09-16 14:00,8.50
3795,Das Boot,Adventure,Wolfgang Petersen,1981,149,16,2023-09-16 10:30,6.50
3796,The Ladykillers,Comedy,Alexander Mackendrick,1955,91,12,2023-09-15 10:30,8.00
3797,Das Boot,Adventure,Wolfgang Petersen,1981,149,16,2023-09-14 10:30,7.50
3798,Love and Death,Comedy,Woody Allen,1975,85,6,2023-09-13 15:30,7.50
3799,Le samouraï,Crime,Jean-Pierre Melville,1967,105,12,2023-09-13 13:00,7.00
3800,The Sandlot,Comedy,David Mickey Evans,1993,101,0,2023-09-13 10:30,6.50
3801,Yôjinbô,Action,Akira Kurosawa,1961,110,12,2023-09-12 13:00,6.50
3802,The Elephant Man,Biography,David Lynch,1980,124,12,2023-09-12 10:00,6.50
3803,Midnight Express,Biography,Alan Parker,1978,121,12,2023-09-11 17:30,6.50
3804,Ben-Hur,Adventure,William Wyler,1959,212,0,2023-09-11 13:00,8.50
3805,Ladri di biciclette,Drama,Vittorio De Sica,1948,89,12,2023-09-11 10:30,6.50
3806,Yôjinbô,Action,Akira Kurosawa,1961,110,12,2023-09-10 15:30,7.00
3807,Miracle on 34th Street,Comedy,George Seaton,1947,96,12,2023-09-10 13:00,7.00
3808,Ladri di biciclette,Drama,Vittorio De Sica,1948,89,12,2023-09-10 10:30,8.00
3809,Dr. Strangelove or: How I Learned to Stop Worrying and Love the Bomb,Comedy,Stanley Kubrick,1964,95,12,2023-09-09 19:30,10.00
3810,Ben-Hur,Adventure,William Wyler,1959,212,0,2023-09-09 15:00,8.00
3811,Ladri di biciclette,Drama,Vittorio De Sica,1948,89,12,2023-09-09 12:30,7.50
3812,Bringing Up Baby,Comedy,Howard Hawks,1938,102,12,2023-09-09 10:00,6.50
3813,The Elephant Man,Biography,David Lynch,1980,124,12,2023-09-08 10:00,8.00
3814,The Ladykillers,Comedy,Alexander Mackendrick,1955,91,12,2023-09-07 16:00,6.50
3815,The Count of Monte Cristo,Action,Kevin Reynolds,2002,131,12,2023-09-07 13:00,8.00
3816,Dr. Strangelove or: How I Learned to Stop Worrying and Love the Bomb,Comedy,Stanley Kubrick,1964,95,12,2023-09-07 10:30,6.50
3817,La vita è bella,Comedy,Roberto Benigni,1997,116,0,2023-09-06 13:00,8.50
3818,Dr. Strangelove or: How I Learned to Stop Worrying and Love the Bomb,Comedy,Stanley Kubrick,1964,95,12,2023-09-06 10:30,7.50
3819,Kagemusha,Drama,Akira Kurosawa,1980,180,0,2023-09-05 10:30,7.00
3820,Kagemusha,Drama,Akira Kurosawa,1980,180,0,2023-09-04 10:00,8.00
3821,The Goonies,Adventure,Richard Donner,1985,114,0,2023-09-03 20:30,9.50
3822,Kagemusha,Drama,Akira Kurosawa,1980,180,0,2023-09-03 16:30,6.50
3823,The Elephant Man,Biography,David Lynch,1980,124,12,2023-09-03 13:30,7.50
3824,Das Boot,Adventure,Wolfgang Petersen,1981,149,16,2023-09-03 10:00,7.50
3825,Miracle on 34th Street,Comedy,George Seaton,1947,96,12,2023-09-02 18:30,8.50
3826,The Count of Monte Cristo,Action,Kevin Reynolds,2002,131,12,2023-09-02 15:30,7.00
3827,The Elephant Man,Biography,David Lynch,1980,124,12,2023-09-02 12:30,8.50
3828,Miracle on 34th Street,Comedy,George Seaton,1947,96,12,2023-09-02 10:00,8.00
3829,Donnie Darko,Drama,Richard Kelly,2001,113,16,2023-09-01 10:30,8.00
3830,Solaris,Drama,Andrei Tarkovsky,1972,167,6,2023-08-31 15:00,7.00
3831,Willy Wonka & the Chocolate Factory,Family,Mel Stuart,1971,100,0,2023-08-31 12:30,6.50
3832,Dial M for Murder,Crime,Alfred Hitchcock,1954,105,12,2023-08-31 10:00,6.50
3833,Dial M for Murder,Crime,Alfred Hitchcock,1954,105,12,2023-08-30 10:30,8.00
3834,Dial M for Murder,Crime,Alfred Hitchcock,1954,105,12,2023-08-29 10:30,6.50
3835,Sling Blade,Drama,Billy Bob Thornton,1996,135,16,2023-08-28 13:00,8.00
3836,Down by Law,Comedy,Jim Jarmusch,1986,107,16,2023-08-28 10:30,8.50
3837,Memento,Mystery,Christopher Nolan,2000,113,12,2023-08-27 20:00,9.50
3838,Solaris,Drama,Andrei Tarkovsky,1972,167,6,2023-08-27 16:00,8.50
3839,Miller's Crossing,Crime,Joel Coen,1990,115,16,2023-08-27 13:00,7.00
3840,Dial M for Murder,Crime,Alfred Hitchcock,1954,105,12,2023-08-27 10:30,6.50
3841,Finding Nemo,Animation,Andrew Stanton,2003,100,0,2023-08-26 16:30,6.50
3842,Das Boot,Adventure,Wolfgang Petersen,1981,149,16,2023-08-26 13:00,6.50
3843,"Paris, Texas",Drama,Wim Wenders,1984,145,0,2023-08-26 10:00,7.00
3844,"Paris, Texas",Drama,Wim Wenders,1984,145,0,2023-08-25 12:30,8.50
3845,Miracle on 34th Street,Comedy,George Seaton,1947,96,12,2023-08-25 10:00,7.00
3846,Down by Law,Comedy,Jim Jarmusch,1986,107,16,2023-08-24 10:00,8.50
3847,Papillon,Biography,Franklin J. Schaffner,1973,151,16,2023-08-23 13:00,7.50
3848,Donnie Darko,Drama,Richard Kelly,2001,113,16,2023-08-23 10:00,6.50
3849,Stand by Me,Adventure,Rob Reiner,1986,89,0,2023-08-22 10:30,8.50
3850,Papillon,Biography,Franklin J. Schaffner,1973,151,16,2023-08-21 10:30,6.50
3851,The Elephant Man,Biography,David Lynch,1980,124,12,2023-08-20 20:00,10.00
3852,The Goonies,Adventure,Richard Donner,1985,114,0,2023-08-20 17:00,8.00
3853,Memento,Mystery,Christopher Nolan,2000,113,12,2023-08-20 14:00,8.00
3854,Das Boot,Adventure,Wolfgang Petersen,1981,149,16,2023-08-20 10:30,8.50
3855,Ikiru,Drama,Akira Kurosawa,1952,143,12,2023-08-19 19:00,9.50
3856,The Count of Monte Cristo,Action,Kevin Reynolds,2002,131,12,2023-08-19 16:00,7.00
3857,"Paris, Texas",Drama,Wim Wenders,1984,145,0,2023-08-19 13:00,6.50
3858,Ladri di biciclette,Drama,Vittorio De Sica,1948,89,12,2023-08-19 10:30,6.50
3859,Barry Lyndon,Adventure,Stanley Kubrick,1975,185,6,2023-08-18 14:00,7.00
3860,Short Cuts,Comedy,Robert Altman,1993,188,16,2023-08-18 10:00,7.00
3861,The Goonies,Adventure,Richard Donner,1985,114,0,2023-08-17 15:30,8.00
3862,Inherit the Wind,Biography,Stanley Kramer,1960,128,12,2023-08-17 12:30,8.50
3863,Out of the Past,Crime,Jacques Tourneur,1947,97,12,2023-08-17 10:00,6.50
3864,Finding Nemo,Animation,Andrew Stanton,2003,100,0,2023-08-16 10:30,8.50
3865,The Count of Monte Cristo,Action,Kevin Reynolds,2002,131,12,2023-08-15 10:30,8.00
3866,The Goonies,Adventure,Richard Donner,1985,114,0,2023-08-14 12:30,8.00
3867,Stand by Me,Adventure,Rob Reiner,1986,89,0,2023-08-14 10:00,6.50
3868,La règle du jeu,Comedy,Jean Renoir,1939,110,12,2023-08-13 17:30,7.50
3869,Barry Lyndon,Adventure,Stanley Kubrick,1975,185,6,2023-08-13 13:30,6.50
3870,Solaris,Drama,Andrei Tarkovsky,1972,167,6,2023-08-13 10:00,7.50
3871,Barry Lyndon,Adventure,Stanley Kubrick,1975,185,6,2023-08-12 18:30,9.50
3872,Memento,Mystery,Christopher Nolan,2000,113,12,2023-08-12 15:30,8.50
3873,Smultronstället,Drama,Ingmar Bergman,1957,91,0,2023-08-12 13:00,8.00
3874,Dial M for Murder,Crime,Alfred Hitchcock,1954,105,12,2023-08-12 10:30,7.50
3875,Stand by Me,Adventure,Rob Reiner,1986,89,0,2023-08-11 13:00,8.50
3876,Mulan,Animation,Tony Bancroft,1998,88,0,2023-08-11 10:30,6.50
3877,Down by Law,Comedy,Jim Jarmusch,1986,107,16,2023-08-10 13:00,7.00
3878,Memento,Mystery,Christopher Nolan,2000,113,12,2023-08-10 10:00,7.00
3879,Finding Nemo,Animation,Andrew Stanton,2003,100,0,2023-08-09 13:00,7.50
3880,Sanjuro,Action,Akira Kurosawa,1962,96,0,2023-08-09 10:30,8.00
3881,Dial M for Murder,Crime,Alfred Hitchcock,1954,105,12,2023-08-08 10:00,8.00
3882,Salinui chueok,Crime,Bong Joon Ho,2003,131,12,2023-08-07 10:30,7.00
3883,Stand by Me,Adventure,Rob Reiner,1986,89,0,2023-08-06 16:30,8.50
3884,Léon,Action,Luc Besson,1994,110,12,2023-08-06 14:00,8.50
3885,Barry Lyndon,Adventure,Stanley Kubrick,1975,185,6,2023-08-06 10:00,8.50
3886,Barry Lyndon,Adventure,Stanley Kubrick,1975,185,6,2023-08-05 16:00,6.50
3887,Ikiru,Drama,Akira Kurosawa,1952,143,12,2023-08-05 13:00,6.50
3888,The Elephant Man,Biography,David Lynch,1980,124,12,2023-08-05 10:00,8.50
3889,Ikiru,Drama,Akira Kurosawa,1952,143,12,2023-08-04 16:00,6.50
3890,The Treasure of the Sierra Madre,Adventure,John Huston,1948,126,12,2023-08-04 13:00,6.50
3891,12 Angry Men,Crime,Sidney Lumet,1957,96,0,2023-08-04 10:30,6.50
3892,The Treasure of the Sierra Madre,Adventure,John Huston,1948,126,12,2023-08-03 12:30,8.00
3893,Ladri di biciclette,Drama,Vittorio De Sica,1948,89,12,2023-08-03 10:00,8.50
3894,The Taking of Pelham One Two Three,Action,Joseph Sargent,1974,104,0,2023-08-02 10:30,7.00
3895,La règle du jeu,Comedy,Jean Renoir,1939,110,12,2023-08-01 10:30,7.00
3896,Ikiru,Drama,Akira Kurosawa,1952,143,12,2023-07-31 15:30,7.50
3897,12 Angry Men,Crime,Sidney Lumet,1957,96,0,2023-07-31 13:00,8.00
3898,The Day of the Jackal,Crime,Fred Zinnemann,1973,143,12,2023-07-31 10:00,7.50
3899,Ikiru,Drama,Akira Kurosawa,1952,143,12,2023-07-30 16:00,6.50
3900,The Goonies,Adventure,Richard Donner,1985,114,0,2023-07-30 13:30,7.50
3901,The Treasure of the Sierra Madre,Adventure,John Huston,1948,126,12,2023-07-30 10:30,6.50
3902,Sanjuro,Action,Akira Kurosawa,1962,96,0,2023-07-29 16:00,7.00
3903,The Man Who Would Be King,Adventure,John Huston,1975,129,6,2023-07-29 13:00,8.50
3904,Out of the Past,Crime,Jacques Tourneur,1947,97,12,2023-07-29 10:30,6.50
3905,Stagecoach,Adventure,John Ford,1939,96,12,2023-07-28 10:00,7.50
3906,Finding Nemo,Animation,Andrew Stanton,2003,100,0,2023-07-27 13:00,6.50
3907,First Blood,Action,Ted Kotcheff,1982,93,12,2023-07-27 10:30,7.50
3908,Barry Lyndon,Adventure,Stanley Kubrick,1975,185,6,2023-07-26 15:00,8.00
3909,The Muppet Movie,Adventure,James Frawley,1979,95,0,2023-07-26 12:30,6.50
3910,First Blood,Action,Ted Kotcheff,1982,93,12,2023-07-26 10:00,7.50
3911,12 Angry Men,Crime,Sidney Lumet,1957,96,0,2023-07-25 13:00,8.00
3912,Stagecoach,Adventure,John Ford,1939,96,12,2023-07-25 10:30,8.50
3913,Ikiru,Drama,Akira Kurosawa,1952,143,12,2023-07-24 14:30,7.50
3914,Barry Lyndon,Adventure,Stanley Kubrick,1975,185,6,2023-07-24 10:30,7.00
3915,Le charme discret de la bourgeoisie,Comedy,Luis Buñuel,1972,102,6,2023-07-23 17:00,8.50
3916,The Treasure of the Sierra Madre,Adventure,John Huston,1948,126,12,2023-07-23 14:00,6.50
3917,Barry Lyndon,Adventure,Stanley Kubrick,1975,185,6,2023-07-23 10:00,7.50
3918,Ikiru,Drama,Akira Kurosawa,1952,143,12,2023-07-22 21:30,8.50
3919,Le charme discret de la bourgeoisie,Comedy,Luis Buñuel,1972,102,6,2023-07-22 19:00,9.50
3920,Sholay,Action,Ramesh Sippy,1975,204,0,2023-07-22 14:30,7.00
3921,Sholay,Action,Ramesh Sippy,1975,204,0,2023-07-22 10:30,7.00
3922,Fargo,Crime,Joel Coen,1996,98,12,2023-07-21 10:00,7.50
3923,Ran,Action,Akira Kurosawa,1985,162,0,2023-07-20 13:00,8.50
3924,Full Metal Jacket,Drama,Stanley Kubrick,1987,116,12,2023-07-20 10:00,7.00
3925,Ikiru,Drama,Akira Kurosawa,1952,143,12,2023-07-19 16:30,8.50
3926,The Graduate,Comedy,Mike Nichols,1967,106,12,2023-07-19 14:00,7.00
3927,Fanny och Alexander,Drama,Ingmar Bergman,1982,188,12,2023-07-19 10:00,7.50
3928,Mulan,Animation,Tony Bancroft,1998,88,0,2023-07-18 13:00,7.00
3929,Ikiru,Drama,Akira Kurosawa,1952,143,12,2023-07-18 10:00,8.50
3930,Stand by Me,Adventure,Rob Reiner,1986,89,0,2023-07-17 16:00,8.00
3931,The Man Who Would Be King,Adventure,John Huston,1975,129,6,2023-07-17 13:00,7.00
3932,Finding Nemo,Animation,Andrew Stanton,2003,100,0,2023-07-17 10:30,8.50
3933,Barry Lyndon,Adventure,Stanley Kubrick,1975,185,6,2023-07-16 19:00,8.50
3934,The Taking of Pelham One Two Three,Action,Joseph Sargent,1974,104,0,2023-07-16 16:30,7.00
3935,The Day of the Jackal,Crime,Fred Zinnemann,1973,143,12,2023-07-16 13:30,7.00
3936,Full Metal Jacket,Drama,Stanley Kubrick,1987,116,12,2023-07-16 10:30,7.50
3937,The Day of the Jackal,Crime,Fred Zinnemann,1973,143,12,2023-07-15 19:00,9.50
3938,The Thing,Horror,John Carpenter,1982,109,12,2023-07-15 16:30,8.00
3939,La règle du jeu,Comedy,Jean Renoir,1939,110,12,2023-07-15 14:00,7.50
3940,The Thin Red Line,Drama,Terrence Malick,1998,170,12,2023-07-15 10:00,8.50
3941,Sanjuro,Action,Akira Kurosawa,1962,96,0,2023-07-14 10:30,8.50
3942,Mulan,Animation,Tony Bancroft,1998,88,0,2023-07-13 13:30,7.00
3943,The Untouchables,Crime,Brian De Palma,1987,119,12,2023-07-13 10:30,7.50
3944,Fanny och Alexander,Drama,Ingmar Bergman,1982,188,12,2023-07-12 16:00,7.50
3945,Full Metal Jacket,Drama,Stanley Kubrick,1987,116,12,2023-07-12 13:30,7.00
3946,The Man Who Would Be King,Adventure,John Huston,1975,129,6,2023-07-12 10:30,8.00
3947,First Blood,Action,Ted Kotcheff,1982,93,12,2023-07-11 10:30,8.50
3948,The Color Purple,Drama,Steven Spielberg,1985,154,0,2023-07-10 10:30,6.50
3949,Sanjuro,Action,Akira Kurosawa,1962,96,0,2023-07-09 18:30,8.50
3950,Salinui chueok,Crime,Bong Joon Ho,2003,131,12,2023-07-09 15:30,8.50
3951,The Untouchables,Crime,Brian De Palma,1987,119,12,2023-07-09 12:30,8.50
3952,The Taking of Pelham One Two Three,Action,Joseph Sargent,1974,104,0,2023-07-09 10:00,6.50
3953,Rain Man,Drama,Barry Levinson,1988,133,0,2023-07-08 19:30,9.50
3954,Full Metal Jacket,Drama,Stanley Kubrick,1987,116,12,2023-07-08 16:30,8.50
3955,The Last of the Mohicans,Action,Michael Mann,1992,112,12,2023-07-08 13:30,7.50
3956,Rain Man,Drama,Barry Levinson,1988,133,0,2023-07-08 10:30,8.00
3957,October Sky,Biography,Joe Johnston,1999,108,6,2023-07-07 12:30,8.50
3958,Stagecoach,Adventure,John Ford,1939,96,12,2023-07-07 10:00,6.50
3959,The Taking of Pelham One Two Three,Action,Joseph Sargent,1974,104,0,2023-07-06 10:30,6.50
3960,Ran,Action,Akira Kurosawa,1985,162,0,2023-07-05 10:30,7.50
3961,Manhattan,Comedy,Woody Allen,1979,96,16,2023-07-04 13:00,7.50
3962,Sanjuro,Action,Akira Kurosawa,1962,96,0,2023-07-04 10:30,8.00
3963,The Warriors,Action,Walter Hill,1979,92,12,2023-07-03 10:00,6.50
3964,The Untouchables,Crime,Brian De Palma,1987,119,12,2023-07-02 15:30,7.00
3965,The Warriors,Action,Walter Hill,1979,92,12,2023-07-02 13:00,7.50
3966,Stagecoach,Adventure,John Ford,1939,96,12,2023-07-02 10:30,7.00
3967,Rebel Without a Cause,Drama,Nicholas Ray,1955,111,12,2023-07-01 17:30,7.50
3968,Out of the Past,Crime,Jacques Tourneur,1947,97,12,2023-07-01 15:00,8.50
3969,The Man Who Would Be King,Adventure,John Huston,1975,129,6,2023-07-01 12:00,8.50
3970,Lola rennt,Crime,Tom Tykwer,1998,81,12,2023-07-01 10:00,8.50
3971,The Thin Red Line,Drama,Terrence Malick,1998,170,12,2023-06-30 15:30,7.00
3972,Delicatessen,Comedy,Marc Caro,1991,99,16,2023-06-30 13:00,8.00
3973,Mulan,Animation,Tony Bancroft,1998,88,0,2023-06-30 10:30,6.50
3974,Rain Man,Drama,Barry Levinson,1988,133,0,2023-06-29 10:30,7.00
3975,The Magdalene Sisters,Drama,Peter Mullan,2002,114,16,2023-06-28 16:00,6.50
3976,Ran,Action,Akira Kurosawa,1985,162,0,2023-06-28 12:30,7.50
3977,Full Metal Jacket,Drama,Stanley Kubrick,1987,116,12,2023-06-28 10:00,8.00
3978,The Thing,Horror,John Carpenter,1982,109,12,2023-06-27 10:00,8.00
3979,Ran,Action,Akira Kurosawa,1985,162,0,2023-06-26 17:00,8.50
3980,Pulp Fiction,Crime,Quentin Tarantino,1994,154,12,2023-06-26 13:30,8.50
3981,Omohide poro poro,Animation,Isao Takahata,1991,118,0,2023-06-26 10:30,8.50
3982,Mary Poppins,Comedy,Robert Stevenson,1964,139,0,2023-06-25 17:30,6.50
3983,Beauty and the Beast,Animation,Gary Trousdale,1991,84,0,2023-06-25 15:30,7.50
3984,Le charme discret de la bourgeoisie,Comedy,Luis Buñuel,1972,102,6,2023-06-25 13:00,6.50
3985,Sanjuro,Action,Akira Kurosawa,1962,96,0,2023-06-25 10:30,7.00
3986,Serpico,Biography,Sidney Lumet,1973,130,12,2023-06-24 15:30,8.00
3987,Night of the Living Dead,Horror,George A. Romero,1968,96,12,2023-06-24 13:00,6.50
3988,The Magdalene Sisters,Drama,Peter Mullan,2002,114,16,2023-06-24 10:00,6.50
3989,Rain Man,Drama,Barry Levinson,1988,133,0,2023-06-23 16:30,7.50
3990,The Treasure of the Sierra Madre,Adventure,John Huston,1948,126,12,2023-06-23 13:30,7.00
3991,Fantasia,Animation,James Algar,1940,125,0,2023-06-23 10:30,7.00
3992,Mary Poppins,Comedy,Robert Stevenson,1964,139,0,2023-06-22 16:00,8.50
3993,Serpico,Biography,Sidney Lumet,1973,130,12,2023-06-22 13:00,7.50
3994,Le salaire de la peur,Adventure,Henri-Georges Clouzot,1953,131,0,2023-06-22 10:00,8.00
3995,The Green Mile,Crime,Frank Darabont,1999,189,12,2023-06-21 10:30,7.50
3996,Manhattan,Comedy,Woody Allen,1979,96,16,2023-06-20 10:00,8.50
3997,Fantasia,Animation,James Algar,1940,125,0,2023-06-19 14:30,8.00
3998,The Green Mile,Crime,Frank Darabont,1999,189,12,2023-06-19 10:30,6.50
3999,Ace in the Hole,Drama,Billy Wilder,1951,111,12,2023-06-18 15:00,7.00
4000,Sanjuro,Action,Akira Kurosawa,1962,96,0,2023-06-18 12:30,8.50
4001,The Terminator,Action,James Cameron,1984,107,12,2023-06-18 10:00,7.50
4002,Rebel Without a Cause,Drama,Nicholas Ray,1955,111,12,2023-06-17 18:30,10.00
4003,Le salaire de la peur,Adventure,Henri-Georges Clouzot,1953,131,0,2023-06-17 15:30,6.50
4004,Manhattan,Comedy,Woody Allen,1979,96,16,2023-06-17 13:00,8.00
4005,Lost Highway,Mystery,David Lynch,1997,134,12,2023-06-17 10:00,8.50
4006,As Good as It Gets,Comedy,James L. Brooks,1997,139,12,2023-06-16 10:30,7.50
4007,The Warriors,Action,Walter Hill,1979,92,12,2023-06-15 13:00,7.50
4008,Rebel Without a Cause,Drama,Nicholas Ray,1955,111,12,2023-06-15 10:30,7.00
4009,Le salaire de la peur,Adventure,Henri-Georges Clouzot,1953,131,0,2023-06-14 10:30,8.00
4010,Delicatessen,Comedy,Marc Caro,1991,99,16,2023-06-13 10:30,7.50
4011,Beauty and the Beast,Animation,Gary Trousdale,1991,84,0,2023-06-12 10:00,8.50
4012,Manhattan,Comedy,Woody Allen,1979,96,16,2023-06-11 15:30,7.50
4013,Manhattan,Comedy,Woody Allen,1979,96,16,2023-06-11 13:00,6.50
4014,The Magdalene Sisters,Drama,Peter Mullan,2002,114,16,2023-06-11 10:00,7.00
4015,Night of the Living Dead,Horror,George A. Romero,1968,96,12,2023-06-10 18:00,9.00
4016,Beauty and the Beast,Animation,Gary Trousdale,1991,84,0,2023-06-10 15:30,8.50
4017,Ace in the Hole,Drama,Billy Wilder,1951,111,12,2023-06-10 13:00,8.50
4018,The Untouchables,Crime,Brian De Palma,1987,119,12,2023-06-10 10:00,6.50
4019,Night of the Living Dead,Horror,George A. Romero,1968,96,12,2023-06-09 16:00,6.50
4020,The Terminator,Action,James Cameron,1984,107,12,2023-06-09 13:00,8.00
4021,Delicatessen,Comedy,Marc Caro,1991,99,16,2023-06-09 10:30,8.50
4022,Lola rennt,Crime,Tom Tykwer,1998,81,12,2023-06-08 13:00,7.50
4023,Citizen Kane,Drama,Orson Welles,1941,119,12,2023-06-08 10:00,7.00
4024,October Sky,Biography,Joe Johnston,1999,108,6,2023-06-07 15:00,8.50
4025,The Warriors,Action,Walter Hill,1979,92,12,2023-06-07 12:30,8.00
4026,Ace in the Hole,Drama,Billy Wilder,1951,111,12,2023-06-07 10:00,6.50
4027,Notorious,Drama,Alfred Hitchcock,1946,102,0,2023-06-06 12:30,7.00
4028,The Last of the Mohicans,Action,Michael Mann,1992,112,12,2023-06-06 10:00,7.50
4029,Notorious,Drama,Alfred Hitchcock,1946,102,0,2023-06-05 16:30,8.50
4030,The Last of the Mohicans,Action,Michael Mann,1992,112,12,2023-06-05 13:30,7.00
4031,The Untouchables,Crime,Brian De Palma,1987,119,12,2023-06-05 10:30,8.50
4032,Beauty and the Beast,Animation,Gary Trousdale,1991,84,0,2023-06-04 18:30,9.50
4033,Lola rennt,Crime,Tom Tykwer,1998,81,12,2023-06-04 16:00,7.00
4034,Night of the Living Dead,Horror,George A. Romero,1968,96,12,2023-06-04 13:30,7.50
4035,Lost Highway,Mystery,David Lynch,1997,134,12,2023-06-04 10:30,8.50
4036,Happiness,Comedy,Todd Solondz,1998,134,12,2023-06-03 16:00,8.00
4037,Per qualche dollaro in più,Western,Sergio Leone,1965,132,0,2023-06-03 13:00,7.00
4038,Fargo,Crime,Joel Coen,1996,98,12,2023-06-03 10:30,7.00
4039,October Sky,Biography,Joe Johnston,1999,108,6,2023-06-02 13:00,7.00
4040,The Terminator,Action,James Cameron,1984,107,12,2023-06-02 10:30,7.00
4041,Pulp Fiction,Crime,Quentin Tarantino,1994,154,12,2023-06-01 16:00,8.50
4042,Full Metal Jacket,Drama,Stanley Kubrick,1987,116,12,2023-06-01 13:00,6.50
4043,The Untouchables,Crime,Brian De Palma,1987,119,12,2023-06-01 10:00,8.50
4044,Citizen Kane,Drama,Orson Welles,1941,119,12,2023-05-31 13:00,8.50
4045,The Sandlot,Comedy,David Mickey Evans,1993,101,0,2023-05-31 10:30,8.00
4046,The Game,Action,David Fincher,1997,129,12,2023-05-30 10:30,7.50
4047,Pulp Fiction,Crime,Quentin Tarantino,1994,154,12,2023-05-29 13:00,8.00
4048,Fantasia,Animation,James Algar,1940,125,0,2023-05-29 10:00,8.00
4049,Lola rennt,Crime,Tom Tykwer,1998,81,12,2023-05-28 16:00,8.00
4050,Full Metal Jacket,Drama,Stanley Kubrick,1987,116,12,2023-05-28 13:30,7.00
4051,Ace in the Hole,Drama,Billy Wilder,1951,111,12,2023-05-28 10:30,8.50
4052,Dazed and Confused,Comedy,Richard Linklater,1993,102,0,2023-05-27 15:00,8.00
4053,The Magdalene Sisters,Drama,Peter Mullan,2002,114,16,2023-05-27 12:30,6.50
4054,Beauty and the Beast,Animation,Gary Trousdale,1991,84,0,2023-05-27 10:00,6.50
4055,The Treasure of the Sierra Madre,Adventure,John Huston,1948,126,12,2023-05-26 10:30,8.50
4056,The Terminator,Action,James Cameron,1984,107,12,2023-05-25 12:30,8.00
4057,Ace in the Hole,Drama,Billy Wilder,1951,111,12,2023-05-25 10:00,8.50
4058,Pulp Fiction,Crime,Quentin Tarantino,1994,154,12,2023-05-24 13:00,7.00
4059,As Good as It Gets,Comedy,James L. Brooks,1997,139,12,2023-05-24 10:00,7.00
4060,The Magdalene Sisters,Drama,Peter Mullan,2002,114,16,2023-05-23 10:30,8.50
4061,Kal Ho Naa Ho,Comedy,Nikkhil Advani,2003,186,0,2023-05-22 15:30,6.50
4062,The Treasure of the Sierra Madre,Adventure,John Huston,1948,126,12,2023-05-22 12:30,7.50
4063,Dr. Strangelove or: How I Learned to Stop Worrying and Love the Bomb,Comedy,Stanley Kubrick,1964,95,12,2023-05-22 10:00,6.50
4064,La battaglia di Algeri,Drama,Gillo Pontecorvo,1966,121,12,2023-05-21 17:00,7.00
4065,Dazed and Confused,Comedy,Richard Linklater,1993,102,0,2023-05-21 14:30,6.50
4066,Kal Ho Naa Ho,Comedy,Nikkhil Advani,2003,186,0,2023-05-21 10:30,7.50
4067,Notorious,Drama,Alfred Hitchcock,1946,102,0,2023-05-20 15:30,7.00
4068,True Romance,Crime,Tony Scott,1993,119,16,2023-05-20 12:30,8.00
4069,Dazed and Confused,Comedy,Richard Linklater,1993,102,0,2023-05-20 10:00,8.50
4070,Lola rennt,Crime,Tom Tykwer,1998,81,12,2023-05-19 16:00,7.50
4071,The Untouchables,Crime,Brian De Palma,1987,119,12,2023-05-19 13:00,7.50
4072,Seppuku,Action,Masaki Kobayashi,1962,133,12,2023-05-19 10:00,8.50
4073,The African Queen,Adventure,John Huston,1951,105,6,2023-05-18 13:00,8.50
4074,Notorious,Drama,Alfred Hitchcock,1946,102,0,2023-05-18 10:30,8.50
4075,The Magdalene Sisters,Drama,Peter Mullan,2002,114,16,2023-05-17 10:00,8.00
4076,Ace in the Hole,Drama,Billy Wilder,1951,111,12,2023-05-16 17:00,8.00
4077,"Il buono, il brutto, il cattivo",Western,Sergio Leone,1966,161,12,2023-05-16 13:30,6.50
4078,Blue Velvet,Drama,David Lynch,1986,120,12,2023-05-16 10:30,6.50
4079,Seppuku,Action,Masaki Kobayashi,1962,133,12,2023-05-15 10:00,7.00
4080,Citizen Kane,Drama,Orson Welles,1941,119,12,2023-05-14 16:30,8.50
4081,The Treasure of the Sierra Madre,Adventure,John Huston,1948,126,12,2023-05-14 13:30,6.50
4082,Rosemary's Baby,Drama,Roman Polanski,1968,137,12,2023-05-14 10:30,7.00
4083,Out of the Past,Crime,Jacques Tourneur,1947,97,12,2023-05-13 18:00,10.00
4084,Per qualche dollaro in più,Western,Sergio Leone,1965,132,0,2023-05-13 15:00,6.50
4085,Dr. Strangelove or: How I Learned to Stop Worrying and Love the Bomb,Comedy,Stanley Kubrick,1964,95,12,2023-05-13 12:30,8.00
4086,Modern Times,Comedy,Charles Chaplin,1936,87,0,2023-05-13 10:30,7.50
4087,The Magdalene Sisters,Drama,Peter Mullan,2002,114,16,2023-05-12 16:00,7.50
4088,La battaglia di Algeri,Drama,Gillo Pontecorvo,1966,121,12,2023-05-12 13:00,7.50
4089,The Quiet Man,Comedy,John Ford,1952,129,12,2023-05-12 10:00,7.50
4090,Giù la testa,Drama,Sergio Leone,1971,157,6,2023-05-11 13:30,8.50
4091,"Il buono, il brutto, il cattivo",Western,Sergio Leone,1966,161,12,2023-05-11 10:00,8.00
4092,The Thin Man,Comedy,W.S. Van Dyke,1934,91,12,2023-05-10 15:30,7.00
4093,Out of the Past,Crime,Jacques Tourneur,1947,97,12,2023-05-10 13:00,8.00
4094,La battaglia di Algeri,Drama,Gillo Pontecorvo,1966,121,12,2023-05-10 10:00,8.50
4095,Dazed and Confused,Comedy,Richard Linklater,1993,102,0,2023-05-09 10:00,6.50
4096,Dr. Strangelove or: How I Learned to Stop Worrying and Love the Bomb,Comedy,Stanley Kubrick,1964,95,12,2023-05-08 16:00,8.00
4097,Dr. Strangelove or: How I Learned to Stop Worrying and Love the Bomb,Comedy,Stanley Kubrick,1964,95,12,2023-05-08 13:30,6.50
4098,Giù la testa,Drama,Sergio Leone,1971,157,6,2023-05-08 10:00,7.00
4099,The Lord of the Rings: The Two Towers,Action,Peter Jackson,2002,179,12,2023-05-07 18:30,10.00
4100,Dazed and Confused,Comedy,Richard Linklater,1993,102,0,2023-05-07 16:00,7.50
4101,The African Queen,Adventure,John Huston,1951,105,6,2023-05-07 13:30,7.00
4102,The Game,Action,David Fincher,1997,129,12,2023-05-07 10:30,6.50
4103,Modern Times,Comedy,Charles Chaplin,1936,87,0,2023-05-06 20:30,8.50
4104,The Game,Action,David Fincher,1997,129,12,2023-05-06 17:30,7.50
4105,Kal Ho Naa Ho,Comedy,Nikkhil Advani,2003,186,0,2023-05-06 13:30,6.50
4106,Zulu,Drama,Cy Endfield,1964,138,0,2023-05-06 10:30,6.50
4107,Lola rennt,Crime,Tom Tykwer,1998,81,12,2023-05-05 13:00,6.50
4108,The Quiet Man,Comedy,John Ford,1952,129,12,2023-05-05 10:00,6.50
4109,Per qualche dollaro in più,Western,Sergio Leone,1965,132,0,2023-05-04 15:00,8.00
4110,Modern Times,Comedy,Charles Chaplin,1936,87,0,2023-05-04 13:00,8.00
4111,The Game,Action,David Fincher,1997,129,12,2023-05-04 10:00,8.50
4112,Kal Ho Naa Ho,Comedy,Nikkhil Advani,2003,186,0,2023-05-03 10:00,8.50
4113,Rosemary's Baby,Drama,Roman Polanski,1968,137,12,2023-05-02 13:30,7.50
4114,Boksuneun naui geot,Crime,Chan-wook Park,2002,129,16,2023-05-02 10:30,8.50
4115,Boksuneun naui geot,Crime,Chan-wook Park,2002,129,16,2023-05-01 13:30,7.50
4116,The Killing Fields,Biography,Roland Joffé,1984,141,12,2023-05-01 10:00,8.00
4117,The Game,Action,David Fincher,1997,129,12,2023-04-30 19:00,9.00
4118,The African Queen,Adventure,John Huston,1951,105,6,2023-04-30 16:30,7.50
4119,Kal Ho Naa Ho,Comedy,Nikkhil Advani,2003,186,0,2023-04-30 12:30,8.00
4120,Out of the Past,Crime,Jacques Tourneur,1947,97,12,2023-04-30 10:00,7.00
4121,"Il buono, il brutto, il cattivo",Western,Sergio Leone,1966,161,12,2023-04-29 16:00,8.50
4122,Shadow of a Doubt,Film-Noir,Alfred Hitchcock,1943,108,6,2023-04-29 13:30,7.50
4123,True Romance,Crime,Tony Scott,1993,119,16,2023-04-29 10:30,7.00
4124,Kal Ho Naa Ho,Comedy,Nikkhil Advani,2003,186,0,2023-04-28 13:30,8.50
4125,Boksuneun naui geot,Crime,Chan-wook Park,2002,129,16,2023-04-28 10:30,8.00
4126,Lola rennt,Crime,Tom Tykwer,1998,81,12,2023-04-27 17:00,7.00
4127,"Il buono, il brutto, il cattivo",Western,Sergio Leone,1966,161,12,2023-04-27 13:30,7.00
4128,"Il buono, il brutto, il cattivo",Western,Sergio Leone,1966,161,12,2023-04-27 10:00,6.50
4129,Giù la testa,Drama,Sergio Leone,1971,157,6,2023-04-26 13:30,7.00
4130,Casino,Crime,Martin Scorsese,1995,178,12,2023-04-26 10:00,7.50
4131,Out of the Past,Crime,Jacques Tourneur,1947,97,12,2023-04-25 10:00,8.00
4132,True Romance,Crime,Tony Scott,1993,119,16,2023-04-24 16:30,8.50
4133,Cowboy Bebop: Tengoku no tobira,Animation,Shin'ichirô Watanabe,2001,115,0,2023-04-24 13:30,8.00
4134,The Game,Action,David Fincher,1997,129,12,2023-04-24 10:30,6.50
4135,Shadow of a Doubt,Film-Noir,Alfred Hitchcock,1943,108,6,2023-04-23 17:00,8.50
4136,The Hustler,Drama,Robert Rossen,1961,134,12,2023-04-23 14:00,6.50
4137,The Last Samurai,Action,Edward Zwick,2003,154,12,2023-04-23 10:30,7.50
4138,Shine,Biography,Scott Hicks,1996,105,0,2023-04-22 20:00,9.00
4139,Rosemary's Baby,Drama,Roman Polanski,1968,137,12,2023-04-22 17:00,8.00
4140,The Game,Action,David Fincher,1997,129,12,2023-04-22 14:00,7.00
4141,Amores perros,Drama,Alejandro G. Iñárritu,2000,154,12,2023-04-22 10:30,8.50
4142,The African Queen,Adventure,John Huston,1951,105,6,2023-04-21 14:30,7.00
4143,Casino,Crime,Martin Scorsese,1995,178,12,2023-04-21 10:30,8.00
4144,Kal Ho Naa Ho,Comedy,Nikkhil Advani,2003,186,0,2023-04-20 13:00,7.50
4145,True Romance,Crime,Tony Scott,1993,119,16,2023-04-20 10:00,6.50
4146,The Quiet Man,Comedy,John Ford,1952,129,12,2023-04-19 10:30,8.50
4147,The Circus,Comedy,Charles Chaplin,1928,72,12,2023-04-18 10:00,8.00
4148,True Romance,Crime,Tony Scott,1993,119,16,2023-04-17 17:00,8.00
4149,Kal Ho Naa Ho,Comedy,Nikkhil Advani,2003,186,0,2023-04-17 13:00,7.00
4150,The Quiet Man,Comedy,John Ford,1952,129,12,2023-04-17 10:00,8.00
4151,The Quiet Man,Comedy,John Ford,1952,129,12,2023-04-16 18:00,9.00
4152,Cowboy Bebop: Tengoku no tobira,Animation,Shin'ichirô Watanabe,2001,115,0,2023-04-16 15:00,8.00
4153,The Circus,Comedy,Charles Chaplin,1928,72,12,2023-04-16 13:00,8.50
4154,Rosemary's Baby,Drama,Roman Polanski,1968,137,12,2023-04-16 10:00,6.50
4155,The Quiet Man,Comedy,John Ford,1952,129,12,2023-04-15 20:00,8.50
4156,Amores perros,Drama,Alejandro G. Iñárritu,2000,154,12,2023-04-15 16:30,7.00
4157,Star Trek II: The Wrath of Khan,Action,Nicholas Meyer,1982,113,0,2023-04-15 14:00,7.50
4158,Casino,Crime,Martin Scorsese,1995,178,12,2023-04-15 10:00,7.00
4159,Shine,Biography,Scott Hicks,1996,105,0,2023-04-14 16:00,7.00
4160,The Elephant Man,Biography,David Lynch,1980,124,12,2023-04-14 13:00,8.50
4161,The Thin Man,Comedy,W.S. Van Dyke,1934,91,12,2023-04-14 10:30,6.50
4162,The African Queen,Adventure,John Huston,1951,105,6,2023-04-13 10:00,8.00
4163,Tenkû no shiro Rapyuta,Animation,Hayao Miyazaki,1986,125,0,2023-04-12 14:00,8.50
4164,Kal Ho Naa Ho,Comedy,Nikkhil Advani,2003,186,0,2023-04-12 10:00,8.50
4165,Ran,Action,Akira Kurosawa,1985,162,0,2023-04-11 17:00,6.50
4166,The Last Samurai,Action,Edward Zwick,2003,154,12,2023-04-11 13:30,8.50
4167,Saving Private Ryan,Drama,Steven Spielberg,1998,169,16,2023-04-11 10:00,7.50
4168,Shadow of a Doubt,Film-Noir,Alfred Hitchcock,1943,108,6,2023-04-10 18:00,9.00
4169,Boogie Nights,Drama,Paul Thomas Anderson,1997,155,16,2023-04-10 14:30,7.50
4170,Kal Ho Naa Ho,Comedy,Nikkhil Advani,2003,186,0,2023-04-10 10:30,7.00
4171,Ran,Action,Akira Kurosawa,1985,162,0,2023-04-09 21:00,9.50
4172,Kal Ho Naa Ho,Comedy,Nikkhil Advani,2003,186,0,2023-04-09 17:00,8.50
4173,Interstate 60: Episodes of the Road,Adventure,Bob Gale,2002,116,16,2023-04-09 14:00,7.50
4174,Hera Pheri,Action,Priyadarshan,2000,156,0,2023-04-09 10:30,8.00
4175,Interstate 60: Episodes of the Road,Adventure,Bob Gale,2002,116,16,2023-04-08 19:00,10.00
4176,"Shin seiki Evangelion Gekijô-ban: Air/Magokoro wo, kimi ni",Animation,Hideaki Anno,1997,87,12,2023-04-08 16:30,6.50
4177,Empire of the Sun,Action,Steven Spielberg,1987,153,0,2023-04-08 13:00,7.00
4178,La battaglia di Algeri,Drama,Gillo Pontecorvo,1966,121,12,2023-04-08 10:00,6.50
4179,La Strada,Drama,Federico Fellini,1954,108,12,2023-04-07 13:30,7.00
4180,The Elephant Man,Biography,David Lynch,1980,124,12,2023-04-07 10:30,8.50
4181,Shine,Biography,Scott Hicks,1996,105,0,2023-04-06 13:30,7.00
4182,Interstate 60: Episodes of the Road,Adventure,Bob Gale,2002,116,16,2023-04-06 10:30,8.50
4183,Kal Ho Naa Ho,Comedy,Nikkhil Advani,2003,186,0,2023-04-05 14:30,6.50
4184,"Shin seiki Evangelion Gekijô-ban: Air/Magokoro wo, kimi ni",Animation,Hideaki Anno,1997,87,12,2023-04-05 12:30,7.00
4185,King Kong,Adventure,Merian C. Cooper,1933,100,12,2023-04-05 10:00,7.00
4186,A Hard Day's Night,Comedy,Richard Lester,1964,87,0,2023-04-04 10:00,8.00
4187,The Last Samurai,Action,Edward Zwick,2003,154,12,2023-04-03 16:00,7.50
4188,King Kong,Adventure,Merian C. Cooper,1933,100,12,2023-04-03 13:30,8.50
4189,L.A. Confidential,Crime,Curtis Hanson,1997,138,12,2023-04-03 10:30,8.00
4190,Shadow of a Doubt,Film-Noir,Alfred Hitchcock,1943,108,6,2023-04-02 16:00,8.00
4191,La battaglia di Algeri,Drama,Gillo Pontecorvo,1966,121,12,2023-04-02 13:00,8.00
4192,Deliverance,Adventure,John Boorman,1972,109,0,2023-04-02 10:30,7.00
4193,King Kong,Adventure,Merian C. Cooper,1933,100,12,2023-04-01 19:30,10.00
4194,Empire of the Sun,Action,Steven Spielberg,1987,153,0,2023-04-01 16:00,7.50
4195,King Kong,Adventure,Merian C. Cooper,1933,100,12,2023-04-01 13:30,8.50
4196,Planet of the Apes,Adventure,Franklin J. Schaffner,1968,112,0,2023-04-01 10:30,6.50
4197,Star Trek II: The Wrath of Khan,Action,Nicholas Meyer,1982,113,0,2023-03-31 17:00,6.50
4198,Shadow of a Doubt,Film-Noir,Alfred Hitchcock,1943,108,6,2023-03-31 14:30,7.50
4199,Saving Private Ryan,Drama,Steven Spielberg,1998,169,16,2023-03-31 10:30,6.50
4200,Mystic River,Crime,Clint Eastwood,2003,138,12,2023-03-30 13:30,7.00
4201,The Elephant Man,Biography,David Lynch,1980,124,12,2023-03-30 10:30,7.00
4202,Kagemusha,Drama,Akira Kurosawa,1980,180,0,2023-03-29 12:30,8.00
4203,Down by Law,Comedy,Jim Jarmusch,1986,107,16,2023-03-29 10:00,7.50
4204,Shadow of a Doubt,Film-Noir,Alfred Hitchcock,1943,108,6,2023-03-28 13:30,7.00
4205,The Elephant Man,Biography,David Lynch,1980,124,12,2023-03-28 10:30,8.00
4206,The Philadelphia Story,Comedy,George Cukor,1940,112,12,2023-03-27 15:30,6.50
4207,La montaña sagrada,Adventure,Alejandro Jodorowsky,1973,114,16,2023-03-27 13:00,6.50
4208,12 Angry Men,Crime,Sidney Lumet,1957,96,0,2023-03-27 10:30,8.50
4209,La Strada,Drama,Federico Fellini,1954,108,12,2023-03-26 20:30,9.50
4210,Ran,Action,Akira Kurosawa,1985,162,0,2023-03-26 17:00,7.50
4211,Saving Private Ryan,Drama,Steven Spielberg,1998,169,16,2023-03-26 13:30,8.00
4212,Amadeus,Biography,Milos Forman,1984,160,16,2023-03-26 10:00,6.50
4213,Empire of the Sun,Action,Steven Spielberg,1987,153,0,2023-03-25 18:30,10.00
4214,La montaña sagrada,Adventure,Alejandro Jodorowsky,1973,114,16,2023-03-25 15:30,7.50
4215,The Thing,Horror,John Carpenter,1982,109,12,2023-03-25 13:00,7.50
4216,Halloween,Horror,John Carpenter,1978,91,12,2023-03-25 10:30,6.50
4217,Jules et Jim,Drama,François Truffaut,1962,105,12,2023-03-24 14:30,6.50
4218,The Green Mile,Crime,Frank Darabont,1999,189,12,2023-03-24 10:30,7.50
4219,Airplane!,Comedy,Jim Abrahams,1980,88,0,2023-03-23 10:30,8.00
4220,Cowboy Bebop: Tengoku no tobira,Animation,Shin'ichirô Watanabe,2001,115,0,2023-03-22 16:00,7.00
4221,Tenkû no shiro Rapyuta,Animation,Hayao Miyazaki,1986,125,0,2023-03-22 13:00,8.50
4222,The Elephant Man,Biography,David Lynch,1980,124,12,2023-03-22 10:00,8.00
4223,La montaña sagrada,Adventure,Alejandro Jodorowsky,1973,114,16,2023-03-21 15:30,6.50
4224,Deliverance,Adventure,John Boorman,1972,109,0,2023-03-21 13:00,7.50
4225,12 Angry Men,Crime,Sidney Lumet,1957,96,0,2023-03-21 10:30,8.50
4226,My Fair Lady,Drama,George Cukor,1964,170,0,2023-03-20 13:00,6.50
4227,Cowboy Bebop: Tengoku no tobira,Animation,Shin'ichirô Watanabe,2001,115,0,2023-03-20 10:00,8.50
4228,Hera Pheri,Action,Priyadarshan,2000,156,0,2023-03-19 17:30,7.50
4229,The Philadelphia Story,Comedy,George Cukor,1940,112,12,2023-03-19 14:30,6.50
4230,Kagemusha,Drama,Akira Kurosawa,1980,180,0,2023-03-19 10:30,6.50
4231,Jules et Jim,Drama,François Truffaut,1962,105,12,2023-03-18 17:30,7.50
4232,Amadeus,Biography,Milos Forman,1984,160,16,2023-03-18 14:00,6.50
4233,Saving Private Ryan,Drama,Steven Spielberg,1998,169,16,2023-03-18 10:30,7.00
4234,La montaña sagrada,Adventure,Alejandro Jodorowsky,1973,114,16,2023-03-17 16:00,6.50
4235,Casino,Crime,Martin Scorsese,1995,178,12,2023-03-17 12:00,7.50
4236,The Circus,Comedy,Charles Chaplin,1928,72,12,2023-03-17 10:00,6.50
4237,L.A. Confidential,Crime,Curtis Hanson,1997,138,12,2023-03-16 15:30,8.00
4238,A Hard Day's Night,Comedy,Richard Lester,1964,87,0,2023-03-16 13:00,7.50
4239,La Strada,Drama,Federico Fellini,1954,108,12,2023-03-16 10:30,6.50
4240,Kal Ho Naa Ho,Comedy,Nikkhil Advani,2003,186,0,2023-03-15 13:00,7.50
4241,American Psycho,Comedy,Mary Harron,2000,101,12,2023-03-15 10:30,8.00
4242,The Green Mile,Crime,Frank Darabont,1999,189,12,2023-03-14 10:30,8.00
4243,Mystic River,Crime,Clint Eastwood,2003,138,12,2023-03-13 14:00,8.50
4244,Hera Pheri,Action,Priyadarshan,2000,156,0,2023-03-13 10:30,7.00
4245,It's a Wonderful Life,Drama,Frank Capra,1946,130,6,2023-03-12 16:00,7.00
4246,La montaña sagrada,Adventure,Alejandro Jodorowsky,1973,114,16,2023-03-12 13:30,8.00
4247,Mystic River,Crime,Clint Eastwood,2003,138,12,2023-03-12 10:30,6.50
4248,"Shin seiki Evangelion Gekijô-ban: Air/Magokoro wo, kimi ni",Animation,Hideaki Anno,1997,87,12,2023-03-11 20:30,9.50
4249,Hera Pheri,Action,Priyadarshan,2000,156,0,2023-03-11 17:00,7.50
4250,Tenkû no shiro Rapyuta,Animation,Hayao Miyazaki,1986,125,0,2023-03-11 14:00,8.50
4251,Ran,Action,Akira Kurosawa,1985,162,0,2023-03-11 10:30,7.50
4252,Laura,Drama,Otto Preminger,1944,88,12,2023-03-10 10:00,7.00
4253,Ran,Action,Akira Kurosawa,1985,162,0,2023-03-09 16:00,8.50
4254,The Color Purple,Drama,Steven Spielberg,1985,154,0,2023-03-09 12:30,6.50
4255,Shrek,Animation,Andrew Adamson,2001,90,0,2023-03-09 10:00,8.00
4256,The Green Mile,Crime,Frank Darabont,1999,189,12,2023-03-08 10:00,7.50
4257,Amores perros,Drama,Alejandro G. Iñárritu,2000,154,12,2023-03-07 16:30,8.00
4258,Ran,Action,Akira Kurosawa,1985,162,0,2023-03-07 13:00,7.00
4259,Mystic River,Crime,Clint Eastwood,2003,138,12,2023-03-07 10:00,7.00
4260,The Thing,Horror,John Carpenter,1982,109,12,2023-03-06 16:00,7.50
4261,My Fair Lady,Drama,George Cukor,1964,170,0,2023-03-06 12:30,8.00
4262,American Psycho,Comedy,Mary Harron,2000,101,12,2023-03-06 10:00,6.50
4263,The Color Purple,Drama,Steven Spielberg,1985,154,0,2023-03-05 15:00,7.50
4264,The Elephant Man,Biography,David Lynch,1980,124,12,2023-03-05 12:00,7.50
4265,Persona,Drama,Ingmar Bergman,1966,85,12,2023-03-05 10:00,8.50
4266,Planet of the Apes,Adventure,Franklin J. Schaffner,1968,112,0,2023-03-04 16:00,7.50
4267,The Wild Bunch,Action,Sam Peckinpah,1969,145,12,2023-03-04 12:30,6.50
4268,Planet of the Apes,Adventure,Franklin J. Schaffner,1968,112,0,2023-03-04 10:00,8.00
4269,My Fair Lady,Drama,George Cukor,1964,170,0,2023-03-03 10:30,7.50
4270,Planet of the Apes,Adventure,Franklin J. Schaffner,1968,112,0,2023-03-02 16:30,7.00
4271,Blue Velvet,Drama,David Lynch,1986,120,12,2023-03-02 13:30,8.00
4272,Interstate 60: Episodes of the Road,Adventure,Bob Gale,2002,116,16,2023-03-02 10:30,8.50
4273,The Elephant Man,Biography,David Lynch,1980,124,12,2023-03-01 16:30,6.50
4274,Mimi wo sumaseba,Animation,Yoshifumi Kondô,1995,111,0,2023-03-01 13:30,8.00
4275,Enemy at the Gates,Drama,Jean-Jacques Annaud,2001,131,12,2023-03-01 10:30,6.50
4276,Deliverance,Adventure,John Boorman,1972,109,0,2023-02-28 10:00,7.00
4277,The Color Purple,Drama,Steven Spielberg,1985,154,0,2023-02-27 10:00,6.50
4278,The Thing,Horror,John Carpenter,1982,109,12,2023-02-26 18:00,8.50
4279,The Thing,Horror,John Carpenter,1982,109,12,2023-02-26 15:00,8.50
4280,American Psycho,Comedy,Mary Harron,2000,101,12,2023-02-26 12:30,7.00
4281,The Circus,Comedy,Charles Chaplin,1928,72,12,2023-02-26 10:30,8.00
4282,Shrek,Animation,Andrew Adamson,2001,90,0,2023-02-25 16:00,6.50
4283,The Naked Gun: From the Files of Police Squad!,Comedy,David Zucker,1988,85,0,2023-02-25 13:30,7.00
4284,My Fair Lady,Drama,George Cukor,1964,170,0,2023-02-25 10:00,8.50
4285,Kagemusha,Drama,Akira Kurosawa,1980,180,0,2023-02-24 10:00,7.00
4286,American Psycho,Comedy,Mary Harron,2000,101,12,2023-02-23 13:00,7.00
4287,Shrek,Animation,Andrew Adamson,2001,90,0,2023-02-23 10:30,6.50
4288,American Psycho,Comedy,Mary Harron,2000,101,12,2023-02-22 13:00,6.50
4289,Catch Me If You Can,Biography,Steven Spielberg,2002,141,12,2023-02-22 10:00,7.00
4290,Doctor Zhivago,Drama,David Lean,1965,197,12,2023-02-21 10:30,8.00
4291,Witness for the Prosecution,Crime,Billy Wilder,1957,116,0,2023-02-20 10:00,7.50
4292,The Wild Bunch,Action,Sam Peckinpah,1969,145,12,2023-02-19 19:30,8.50
4293,The Green Mile,Crime,Frank Darabont,1999,189,12,2023-02-19 15:30,6.50
4294,Enemy at the Gates,Drama,Jean-Jacques Annaud,2001,131,12,2023-02-19 12:30,8.50
4295,American Psycho,Comedy,Mary Harron,2000,101,12,2023-02-19 10:00,7.50
4296,Kagemusha,Drama,Akira Kurosawa,1980,180,0,2023-02-18 18:30,9.50
4297,Enemy at the Gates,Drama,Jean-Jacques Annaud,2001,131,12,2023-02-18 15:30,7.50
4298,Jules et Jim,Drama,François Truffaut,1962,105,12,2023-02-18 13:00,7.50
4299,American Psycho,Comedy,Mary Harron,2000,101,12,2023-02-18 10:30,7.00
4300,The Color Purple,Drama,Steven Spielberg,1985,154,0,2023-02-17 12:30,7.00
4301,American Psycho,Comedy,Mary Harron,2000,101,12,2023-02-17 10:00,7.00
4302,Kagemusha,Drama,Akira Kurosawa,1980,180,0,2023-02-16 13:00,8.00
4303,American Psycho,Comedy,Mary Harron,2000,101,12,2023-02-16 10:30,8.00
4304,Amadeus,Biography,Milos Forman,1984,160,16,2023-02-15 13:30,7.00
4305,Happiness,Comedy,Todd Solondz,1998,134,12,2023-02-15 10:30,7.00
4306,"Aguirre, der Zorn Gottes",Action,Werner Herzog,1972,95,12,2023-02-14 16:30,7.50
4307,The Color Purple,Drama,Steven Spielberg,1985,154,0,2023-02-14 13:00,7.50
4308,Mimi wo sumaseba,Animation,Yoshifumi Kondô,1995,111,0,2023-02-14 10:30,7.50
4309,On Golden Pond,Drama,Mark Rydell,1981,109,12,2023-02-13 16:00,7.00
4310,Airplane!,Comedy,Jim Abrahams,1980,88,0,2023-02-13 13:30,7.50
4311,The Color Purple,Drama,Steven Spielberg,1985,154,0,2023-02-13 10:00,7.00
4312,Kagemusha,Drama,Akira Kurosawa,1980,180,0,2023-02-12 20:30,8.50
4313,"Aguirre, der Zorn Gottes",Action,Werner Herzog,1972,95,12,2023-02-12 18:00,8.50
4314,Kagemusha,Drama,Akira Kurosawa,1980,180,0,2023-02-12 14:00,7.50
4315,Catch Me If You Can,Biography,Steven Spielberg,2002,141,12,2023-02-12 10:30,8.50
4316,Tenkû no shiro Rapyuta,Animation,Hayao Miyazaki,1986,125,0,2023-02-11 16:00,6.50
4317,Twelve Monkeys,Mystery,Terry Gilliam,1995,129,12,2023-02-11 13:00,8.00
4318,Mimi wo sumaseba,Animation,Yoshifumi Kondô,1995,111,0,2023-02-11 10:30,8.00
4319,The Naked Gun: From the Files of Police Squad!,Comedy,David Zucker,1988,85,0,2023-02-10 10:00,7.50
4320,Kôkaku Kidôtai,Animation,Mamoru Oshii,1995,83,12,2023-02-09 14:30,7.00
4321,Kôkaku Kidôtai,Animation,Mamoru Oshii,1995,83,12,2023-02-09 12:30,8.50
4322,Airplane!,Comedy,Jim Abrahams,1980,88,0,2023-02-09 10:00,6.50
4323,Airplane!,Comedy,Jim Abrahams,1980,88,0,2023-02-08 15:30,6.50
4324,Dirty Harry,Action,Don Siegel,1971,102,12,2023-02-08 13:00,7.00
4325,Willy Wonka & the Chocolate Factory,Family,Mel Stuart,1971,100,0,2023-02-08 10:30,8.00
4326,Happiness,Comedy,Todd Solondz,1998,134,12,2023-02-07 16:00,7.00
4327,Blue Velvet,Drama,David Lynch,1986,120,12,2023-02-07 13:00,7.50
4328,Willy Wonka & the Chocolate Factory,Family,Mel Stuart,1971,100,0,2023-02-07 10:30,7.00
4329,Twelve Monkeys,Mystery,Terry Gilliam,1995,129,12,2023-02-06 10:00,7.00
4330,Cowboy Bebop: Tengoku no tobira,Animation,Shin'ichirô Watanabe,2001,115,0,2023-02-05 20:00,9.50
4331,Dirty Harry,Action,Don Siegel,1971,102,12,2023-02-05 17:30,8.50
4332,My Fair Lady,Drama,George Cukor,1964,170,0,2023-02-05 13:30,6.50
4333,Jurassic Park,Action,Steven Spielberg,1993,127,12,2023-02-05 10:30,7.50
4334,Shichinin no samurai,Action,Akira Kurosawa,1954,207,0,2023-02-04 16:00,7.00
4335,Tenkû no shiro Rapyuta,Animation,Hayao Miyazaki,1986,125,0,2023-02-04 13:00,8.50
4336,Blue Velvet,Drama,David Lynch,1986,120,12,2023-02-04 10:00,6.50
4337,Happiness,Comedy,Todd Solondz,1998,134,12,2023-02-03 14:00,7.50
4338,My Fair Lady,Drama,George Cukor,1964,170,0,2023-02-03 10:30,7.00
4339,The Naked Gun: From the Files of Police Squad!,Comedy,David Zucker,1988,85,0,2023-02-02 10:00,8.00
4340,Misery,Drama,Rob Reiner,1990,107,16,2023-02-01 13:30,7.00
4341,Jurassic Park,Action,Steven Spielberg,1993,127,12,2023-02-01 10:30,8.00
4342,Escape from Alcatraz,Action,Don Siegel,1979,112,12,2023-01-31 10:30,8.00
4343,Monty Python and the Holy Grail,Adventure,Terry Gilliam,1975,91,6,2023-01-30 15:30,6.50
4344,Monty Python and the Holy Grail,Adventure,Terry Gilliam,1975,91,6,2023-01-30 13:00,6.50
4345,His Girl Friday,Comedy,Howard Hawks,1940,92,12,2023-01-30 10:30,6.50
4346,Mimi wo sumaseba,Animation,Yoshifumi Kondô,1995,111,0,2023-01-29 17:30,6.50
4347,On Golden Pond,Drama,Mark Rydell,1981,109,12,2023-01-29 15:00,7.00
4348,Willy Wonka & the Chocolate Factory,Family,Mel Stuart,1971,100,0,2023-01-29 12:30,8.00
4349,Mimi wo sumaseba,Animation,Yoshifumi Kondô,1995,111,0,2023-01-29 10:00,8.00
4350,Catch Me If You Can,Biography,Steven Spielberg,2002,141,12,2023-01-28 15:00,7.50
4351,Misery,Drama,Rob Reiner,1990,107,16,2023-01-28 12:30,6.50
4352,On Golden Pond,Drama,Mark Rydell,1981,109,12,2023-01-28 10:00,8.50
4353,Twelve Monkeys,Mystery,Terry Gilliam,1995,129,12,2023-01-27 15:30,7.50
4354,What's Eating Gilbert Grape,Drama,Lasse Hallström,1993,118,0,2023-01-27 12:30,8.00
4355,Willy Wonka & the Chocolate Factory,Family,Mel Stuart,1971,100,0,2023-01-27 10:00,7.50
4356,Cowboy Bebop: Tengoku no tobira,Animation,Shin'ichirô Watanabe,2001,115,0,2023-01-26 15:00,7.50
4357,Airplane!,Comedy,Jim Abrahams,1980,88,0,2023-01-26 13:00,7.00
4358,Paper Moon,Comedy,Peter Bogdanovich,1973,102,0,2023-01-26 10:30,8.50
4359,The Elephant Man,Biography,David Lynch,1980,124,12,2023-01-25 12:30,7.50
4360,Kôkaku Kidôtai,Animation,Mamoru Oshii,1995,83,12,2023-01-25 10:00,8.00
4361,2001: A Space Odyssey,Adventure,Stanley Kubrick,1968,149,0,2023-01-24 13:30,7.50
4362,What's Eating Gilbert Grape,Drama,Lasse Hallström,1993,118,0,2023-01-24 10:30,7.50
4363,Cowboy Bebop: Tengoku no tobira,Animation,Shin'ichirô Watanabe,2001,115,0,2023-01-23 15:30,8.50
4364,On Golden Pond,Drama,Mark Rydell,1981,109,12,2023-01-23 13:00,8.50
4365,Dirty Harry,Action,Don Siegel,1971,102,12,2023-01-23 10:30,8.00
4366,Misery,Drama,Rob Reiner,1990,107,16,2023-01-22 19:00,10.00
4367,Kôkaku Kidôtai,Animation,Mamoru Oshii,1995,83,12,2023-01-22 16:30,7.50
4368,Jurassic Park,Action,Steven Spielberg,1993,127,12,2023-01-22 13:30,7.00
4369,Naked,Comedy,Mike Leigh,1993,132,12,2023-01-22 10:30,7.00
4370,2001: A Space Odyssey,Adventure,Stanley Kubrick,1968,149,0,2023-01-21 18:00,9.50
4371,Mimi wo sumaseba,Animation,Yoshifumi Kondô,1995,111,0,2023-01-21 15:30,8.50
4372,Escape from Alcatraz,Action,Don Siegel,1979,112,12,2023-01-21 12:30,8.50
4373,Cowboy Bebop: Tengoku no tobira,Animation,Shin'ichirô Watanabe,2001,115,0,2023-01-21 10:00,6.50
4374,Dirty Harry,Action,Don Siegel,1971,102,12,2023-01-20 13:00,7.00
4375,Escape from Alcatraz,Action,Don Siegel,1979,112,12,2023-01-20 10:30,8.50
4376,The Naked Gun: From the Files of Police Squad!,Comedy,David Zucker,1988,85,0,2023-01-19 14:30,8.00
4377,Shichinin no samurai,Action,Akira Kurosawa,1954,207,0,2023-01-19 10:30,6.50
4378,The Naked Gun: From the Files of Police Squad!,Comedy,David Zucker,1988,85,0,2023-01-18 16:30,8.00
4379,Happiness,Comedy,Todd Solondz,1998,134,12,2023-01-18 13:30,8.00
4380,2001: A Space Odyssey,Adventure,Stanley Kubrick,1968,149,0,2023-01-18 10:00,7.50
4381,Fa yeung nin wah,Drama,Kar-Wai Wong,2000,98,0,2023-01-17 13:00,8.00
4382,His Girl Friday,Comedy,Howard Hawks,1940,92,12,2023-01-17 10:30,7.50
4383,Monty Python and the Holy Grail,Adventure,Terry Gilliam,1975,91,6,2023-01-16 10:30,6.50
4384,The Remains of the Day,Drama,James Ivory,1993,134,0,2023-01-15 16:00,8.50
4385,Paper Moon,Comedy,Peter Bogdanovich,1973,102,0,2023-01-15 13:30,6.50
4386,Twelve Monkeys,Mystery,Terry Gilliam,1995,129,12,2023-01-15 10:30,8.50
4387,Happiness,Comedy,Todd Solondz,1998,134,12,2023-01-14 16:00,8.00
4388,Happiness,Comedy,Todd Solondz,1998,134,12,2023-01-14 13:00,7.00
4389,Casablanca,Drama,Michael Curtiz,1942,102,0,2023-01-14 10:30,8.50
4390,Monty Python and the Holy Grail,Adventure,Terry Gilliam,1975,91,6,2023-01-13 10:00,8.50
4391,The Remains of the Day,Drama,James Ivory,1993,134,0,2023-01-12 10:30,8.50
4392,The Truman Show,Comedy,Peter Weir,1998,103,0,2023-01-11 13:30,8.00
4393,Happiness,Comedy,Todd Solondz,1998,134,12,2023-01-11 10:30,8.00
4394,Shichinin no samurai,Action,Akira Kurosawa,1954,207,0,2023-01-10 15:30,7.50
4395,Jurassic Park,Action,Steven Spielberg,1993,127,12,2023-01-10 12:30,7.50
4396,Fa yeung nin wah,Drama,Kar-Wai Wong,2000,98,0,2023-01-10 10:00,8.50
4397,Jurassic Park,Action,Steven Spielberg,1993,127,12,2023-01-09 10:30,7.00
4398,The Elephant Man,Biography,David Lynch,1980,124,12,2023-01-08 18:30,10.00
4399,Fa yeung nin wah,Drama,Kar-Wai Wong,2000,98,0,2023-01-08 16:00,8.00
4400,Rupan sansei: Kariosutoro no shiro,Animation,Hayao Miyazaki,1979,100,0,2023-01-08 13:30,8.00
4401,Jurassic Park,Action,Steven Spielberg,1993,127,12,2023-01-08 10:30,8.50
4402,Naked,Comedy,Mike Leigh,1993,132,12,2023-01-07 18:30,9.00
4403,Paper Moon,Comedy,Peter Bogdanovich,1973,102,0,2023-01-07 16:00,7.50
4404,Twelve Monkeys,Mystery,Terry Gilliam,1995,129,12,2023-01-07 13:00,8.00
4405,25th Hour,Drama,Spike Lee,2002,135,16,2023-01-07 10:00,7.50
4406,Paper Moon,Comedy,Peter Bogdanovich,1973,102,0,2023-01-06 13:00,7.50
4407,Twelve Monkeys,Mystery,Terry Gilliam,1995,129,12,2023-01-06 10:00,8.00
4408,Majo no takkyûbin,Animation,Hayao Miyazaki,1989,103,0,2023-01-05 10:30,6.50
4409,Rupan sansei: Kariosutoro no shiro,Animation,Hayao Miyazaki,1979,100,0,2023-01-04 15:30,6.50
4410,Fa yeung nin wah,Drama,Kar-Wai Wong,2000,98,0,2023-01-04 13:00,6.50
4411,Fa yeung nin wah,Drama,Kar-Wai Wong,2000,98,0,2023-01-04 10:30,7.00
4412,Monty Python and the Holy Grail,Adventure,Terry Gilliam,1975,91,6,2023-01-03 16:30,8.50
4413,Boyz n the Hood,Crime,John Singleton,1991,112,12,2023-01-03 13:30,8.00
4414,The Elephant Man,Biography,David Lynch,1980,124,12,2023-01-03 10:30,8.00
4415,Smultronstället,Drama,Ingmar Bergman,1957,91,0,2023-01-02 12:30,7.00
4416,Fa yeung nin wah,Drama,Kar-Wai Wong,2000,98,0,2023-01-02 10:00,7.50
4417,Tenkû no shiro Rapyuta,Animation,Hayao Miyazaki,1986,125,0,2023-01-01 18:30,9.50
4418,Escape from Alcatraz,Action,Don Siegel,1979,112,12,2023-01-01 15:30,8.50
4419,Paper Moon,Comedy,Peter Bogdanovich,1973,102,0,2023-01-01 13:00,7.00
4420,The Elephant Man,Biography,David Lynch,1980,124,12,2023-01-01 10:00,6.50
4421,The Remains of the Day,Drama,James Ivory,1993,134,0,2022-12-31 18:30,8.50
4422,Tenkû no shiro Rapyuta,Animation,Hayao Miyazaki,1986,125,0,2022-12-31 15:30,7.50
4423,Enter the Dragon,Action,Robert Clouse,1973,102,12,2022-12-31 13:00,6.50
4424,The Breakfast Club,Comedy,John Hughes,1985,97,12,2022-12-31 10:30,8.50
4425,Yeopgijeogin geunyeo,Comedy,Jae-young Kwak,2001,137,12,2022-12-30 16:00,7.50
4426,Tenkû no shiro Rapyuta,Animation,Hayao Miyazaki,1986,125,0,2022-12-30 13:00,8.00
4427,Yeopgijeogin geunyeo,Comedy,Jae-young Kwak,2001,137,12,2022-12-30 10:00,7.50
4428,The Elephant Man,Biography,David Lynch,1980,124,12,2022-12-29 17:30,8.00
4429,The Breakfast Club,Comedy,John Hughes,1985,97,12,2022-12-29 15:00,7.00
4430,Ben-Hur,Adventure,William Wyler,1959,212,0,2022-12-29 10:30,8.00
4431,Paper Moon,Comedy,Peter Bogdanovich,1973,102,0,2022-12-28 15:30,6.50
4432,Paper Moon,Comedy,Peter Bogdanovich,1973,102,0,2022-12-28 13:00,8.50
4433,Boyz n the Hood,Crime,John Singleton,1991,112,12,2022-12-28 10:30,7.00
4434,Yeopgijeogin geunyeo,Comedy,Jae-young Kwak,2001,137,12,2022-12-27 12:30,7.00
4435,Smultronstället,Drama,Ingmar Bergman,1957,91,0,2022-12-27 10:00,8.50
4436,Naked,Comedy,Mike Leigh,1993,132,12,2022-12-26 10:30,6.50
4437,The Truman Show,Comedy,Peter Weir,1998,103,0,2022-12-25 15:00,7.00
4438,Smultronstället,Drama,Ingmar Bergman,1957,91,0,2022-12-25 12:30,6.50
4439,The Invisible Man,Horror,James Whale,1933,71,12,2022-12-25 10:30,7.00
4440,Naked,Comedy,Mike Leigh,1993,132,12,2022-12-24 18:30,8.50
4441,The Truman Show,Comedy,Peter Weir,1998,103,0,2022-12-24 16:00,8.00
4442,A Little Princess,Drama,Alfonso Cuarón,1995,97,0,2022-12-24 13:30,7.00
4443,What's Eating Gilbert Grape,Drama,Lasse Hallström,1993,118,0,2022-12-24 10:30,8.50
4444,The Invisible Man,Horror,James Whale,1933,71,12,2022-12-23 12:30,8.00
4445,Casablanca,Drama,Michael Curtiz,1942,102,0,2022-12-23 10:00,8.50
4446,The Elephant Man,Biography,David Lynch,1980,124,12,2022-12-22 10:00,8.00
4447,The Elephant Man,Biography,David Lynch,1980,124,12,2022-12-21 12:00,7.00
4448,The Invisible Man,Horror,James Whale,1933,71,12,2022-12-21 10:00,7.00
4449,Delicatessen,Comedy,Marc Caro,1991,99,16,2022-12-20 10:00,7.50
4450,Yeopgijeogin geunyeo,Comedy,Jae-young Kwak,2001,137,12,2022-12-19 12:30,8.00
4451,Predator,Action,John McTiernan,1987,107,12,2022-12-19 10:00,7.50
4452,From Here to Eternity,Drama,Fred Zinnemann,1953,118,12,2022-12-18 18:30,10.00
4453,The Elephant Man,Biography,David Lynch,1980,124,12,2022-12-18 15:30,7.50
4454,Enter the Dragon,Action,Robert Clouse,1973,102,12,2022-12-18 13:00,7.50
4455,25th Hour,Drama,Spike Lee,2002,135,16,2022-12-18 10:00,8.50
4456,Yeopgijeogin geunyeo,Comedy,Jae-young Kwak,2001,137,12,2022-12-17 16:00,7.00
4457,Yeopgijeogin geunyeo,Comedy,Jae-young Kwak,2001,137,12,2022-12-17 13:00,8.00
4458,Casablanca,Drama,Michael Curtiz,1942,102,0,2022-12-17 10:30,7.00
4459,Dances with Wolves,Adventure,Kevin Costner,1990,181,0,2022-12-16 15:30,7.00
4460,Rupan sansei: Kariosutoro no shiro,Animation,Hayao Miyazaki,1979,100,0,2022-12-16 13:00,7.50
4461,Hannah and Her Sisters,Comedy,Woody Allen,1986,107,12,2022-12-16 10:30,6.50
4462,Majo no takkyûbin,Animation,Hayao Miyazaki,1989,103,0,2022-12-15 16:00,7.50
4463,North by Northwest,Adventure,Alfred Hitchcock,1959,136,0,2022-12-15 13:00,8.50
4464,Enter the Dragon,Action,Robert Clouse,1973,102,12,2022-12-15 10:30,6.50
4465,Touch of Evil,Crime,Orson Welles,1958,95,12,2022-12-14 10:30,8.50
4466,Touch of Evil,Crime,Orson Welles,1958,95,12,2022-12-13 10:00,6.50
4467,Falling Down,Action,Joel Schumacher,1993,113,16,2022-12-12 10:00,6.50
4468,The Kid,Comedy,Charles Chaplin,1921,68,12,2022-12-11 15:30,8.50
4469,Smultronstället,Drama,Ingmar Bergman,1957,91,0,2022-12-11 13:00,7.50
4470,Hannah and Her Sisters,Comedy,Woody Allen,1986,107,12,2022-12-11 10:30,8.50
4471,Enter the Dragon,Action,Robert Clouse,1973,102,12,2022-12-10 18:30,8.50
4472,Rashômon,Crime,Akira Kurosawa,1950,88,12,2022-12-10 16:00,7.50
4473,Yeopgijeogin geunyeo,Comedy,Jae-young Kwak,2001,137,12,2022-12-10 13:00,6.50
4474,Rashômon,Crime,Akira Kurosawa,1950,88,12,2022-12-10 10:30,8.00
4475,Yeopgijeogin geunyeo,Comedy,Jae-young Kwak,2001,137,12,2022-12-09 10:00,7.50
4476,Casablanca,Drama,Michael Curtiz,1942,102,0,2022-12-08 10:30,8.00
4477,Adaptation.,Comedy,Spike Jonze,2002,115,16,2022-12-07 15:00,6.50
4478,Rupan sansei: Kariosutoro no shiro,Animation,Hayao Miyazaki,1979,100,0,2022-12-07 12:30,8.50
4479,Boyz n the Hood,Crime,John Singleton,1991,112,12,2022-12-07 10:00,7.00
4480,Delicatessen,Comedy,Marc Caro,1991,99,16,2022-12-06 13:30,8.00
4481,Saving Private Ryan,Drama,Steven Spielberg,1998,169,16,2022-12-06 10:00,6.50
4482,Touch of Evil,Crime,Orson Welles,1958,95,12,2022-12-05 13:00,6.50
4483,From Here to Eternity,Drama,Fred Zinnemann,1953,118,12,2022-12-05 10:00,7.00
4484,Enter the Dragon,Action,Robert Clouse,1973,102,12,2022-12-04 16:00,7.50
4485,The Magnificent Seven,Action,John Sturges,1960,128,12,2022-12-04 13:00,8.50
4486,A Little Princess,Drama,Alfonso Cuarón,1995,97,0,2022-12-04 10:30,7.50
4487,Touch of Evil,Crime,Orson Welles,1958,95,12,2022-12-03 15:00,8.50
4488,Enter the Dragon,Action,Robert Clouse,1973,102,12,2022-12-03 12:30,7.50
4489,La passion de Jeanne d'Arc,Biography,Carl Theodor Dreyer,1928,110,12,2022-12-03 10:00,6.50
4490,Saving Private Ryan,Drama,Steven Spielberg,1998,169,16,2022-12-02 17:00,6.50
4491,From Here to Eternity,Drama,Fred Zinnemann,1953,118,12,2022-12-02 14:00,7.50
4492,Dances with Wolves,Adventure,Kevin Costner,1990,181,0,2022-12-02 10:00,7.50
4493,Dances with Wolves,Adventure,Kevin Costner,1990,181,0,2022-12-01 15:00,8.00
4494,Rashômon,Crime,Akira Kurosawa,1950,88,12,2022-12-01 12:30,7.50
4495,The Kid,Comedy,Charles Chaplin,1921,68,12,2022-12-01 10:30,6.50
4496,Rashômon,Crime,Akira Kurosawa,1950,88,12,2022-11-30 12:30,8.50
4497,A Little Princess,Drama,Alfonso Cuarón,1995,97,0,2022-11-30 10:00,7.00
4498,The Kid,Comedy,Charles Chaplin,1921,68,12,2022-11-29 10:30,6.50
4499,Enter the Dragon,Action,Robert Clouse,1973,102,12,2022-11-28 17:00,7.00
4500,Rashômon,Crime,Akira Kurosawa,1950,88,12,2022-11-28 14:30,7.00
4501,Ben-Hur,Adventure,William Wyler,1959,212,0,2022-11-28 10:00,8.00
4502,Dances with Wolves,Adventure,Kevin Costner,1990,181,0,2022-11-27 15:30,8.50
4503,From Here to Eternity,Drama,Fred Zinnemann,1953,118,12,2022-11-27 13:00,8.00
4504,Days of Heaven,Drama,Terrence Malick,1978,94,6,2022-11-27 10:30,7.00
4505,Days of Heaven,Drama,Terrence Malick,1978,94,6,2022-11-26 19:00,10.00
4506,Blowup,Drama,Michelangelo Antonioni,1966,111,12,2022-11-26 16:00,7.00
4507,Gladiator,Action,Ridley Scott,2000,155,12,2022-11-26 12:30,8.50
4508,Majo no takkyûbin,Animation,Hayao Miyazaki,1989,103,0,2022-11-26 10:00,7.50
4509,North by Northwest,Adventure,Alfred Hitchcock,1959,136,0,2022-11-25 15:30,7.50
4510,From Here to Eternity,Drama,Fred Zinnemann,1953,118,12,2022-11-25 12:30,6.50
4511,Midnight Cowboy,Drama,John Schlesinger,1969,113,12,2022-11-25 10:00,8.50
4512,Ben-Hur,Adventure,William Wyler,1959,212,0,2022-11-24 13:30,7.50
4513,A Streetcar Named Desire,Drama,Elia Kazan,1951,122,12,2022-11-24 10:30,8.00
4514,Saving Private Ryan,Drama,Steven Spielberg,1998,169,16,2022-11-23 10:00,8.50
4515,Hannah and Her Sisters,Comedy,Woody Allen,1986,107,12,2022-11-22 13:00,8.50
4516,Falling Down,Action,Joel Schumacher,1993,113,16,2022-11-22 10:30,8.00
4517,Midnight Cowboy,Drama,John Schlesinger,1969,113,12,2022-11-21 13:00,7.50
4518,Days of Heaven,Drama,Terrence Malick,1978,94,6,2022-11-21 10:30,8.00
4519,Dances with Wolves,Adventure,Kevin Costner,1990,181,0,2022-11-20 19:30,10.00
4520,From Here to Eternity,Drama,Fred Zinnemann,1953,118,12,2022-11-20 16:30,8.00
4521,The Magnificent Seven,Action,John Sturges,1960,128,12,2022-11-20 13:30,8.00
4522,From Here to Eternity,Drama,Fred Zinnemann,1953,118,12,2022-11-20 10:30,8.00
4523,Midnight Express,Biography,Alan Parker,1978,121,12,2022-11-19 16:00,7.50
4524,The Magnificent Seven,Action,John Sturges,1960,128,12,2022-11-19 13:00,7.50
4525,Cast Away,Adventure,Robert Zemeckis,2000,143,12,2022-11-19 10:00,8.50
4526,Sense and Sensibility,Drama,Ang Lee,1995,136,0,2022-11-18 10:30,8.00
4527,The Usual Suspects,Crime,Bryan Singer,1995,106,12,2022-11-17 14:30,7.50
4528,Kôkaku Kidôtai,Animation,Mamoru Oshii,1995,83,12,2022-11-17 12:30,8.50
4529,The Usual Suspects,Crime,Bryan Singer,1995,106,12,2022-11-17 10:00,8.00
4530,City Lights,Comedy,Charles Chaplin,1931,87,0,2022-11-16 16:00,8.00
4531,A Clockwork Orange,Crime,Stanley Kubrick,1971,136,12,2022-11-16 13:00,7.50
4532,Touch of Evil,Crime,Orson Welles,1958,95,12,2022-11-16 10:30,8.00
4533,The Kid,Comedy,Charles Chaplin,1921,68,12,2022-11-15 15:30,7.50
4534,Hannah and Her Sisters,Comedy,Woody Allen,1986,107,12,2022-11-15 13:00,7.00
4535,Le salaire de la peur,Adventure,Henri-Georges Clouzot,1953,131,0,2022-11-15 10:00,7.50
4536,Gladiator,Action,Ridley Scott,2000,155,12,2022-11-14 16:30,7.00
4537,The Magnificent Seven,Action,John Sturges,1960,128,12,2022-11-14 13:30,7.50
4538,The Magnificent Seven,Action,John Sturges,1960,128,12,2022-11-14 10:30,8.00
4539,Sense and Sensibility,Drama,Ang Lee,1995,136,0,2022-11-13 18:00,10.00
4540,Rupan sansei: Kariosutoro no shiro,Animation,Hayao Miyazaki,1979,100,0,2022-11-13 15:30,7.00
4541,Gladiator,Action,Ridley Scott,2000,155,12,2022-11-13 12:00,7.50
4542,The Invisible Man,Horror,James Whale,1933,71,12,2022-11-13 10:00,8.50
4543,Dances with Wolves,Adventure,Kevin Costner,1990,181,0,2022-11-12 18:00,9.00
4544,Midnight Cowboy,Drama,John Schlesinger,1969,113,12,2022-11-12 15:30,6.50
4545,The Invisible Man,Horror,James Whale,1933,71,12,2022-11-12 13:30,8.50
4546,The Great Escape,Adventure,John Sturges,1963,172,0,2022-11-12 10:00,8.50
4547,Der Himmel über Berlin,Drama,Wim Wenders,1987,128,0,2022-11-11 16:00,7.50
4548,A Clockwork Orange,Crime,Stanley Kubrick,1971,136,12,2022-11-11 13:00,7.00
4549,The Magnificent Seven,Action,John Sturges,1960,128,12,2022-11-11 10:00,8.00
4550,A Streetcar Named Desire,Drama,Elia Kazan,1951,122,12,2022-11-10 10:00,8.50
4551,Midnight Cowboy,Drama,John Schlesinger,1969,113,12,2022-11-09 16:30,7.00
4552,The Hustler,Drama,Robert Rossen,1961,134,12,2022-11-09 13:30,8.50
4553,Adaptation.,Comedy,Spike Jonze,2002,115,16,2022-11-09 10:30,6.50
4554,Midnight Cowboy,Drama,John Schlesinger,1969,113,12,2022-11-08 12:30,6.50
4555,Enter the Dragon,Action,Robert Clouse,1973,102,12,2022-11-08 10:00,8.00
4556,Kôkaku Kidôtai,Animation,Mamoru Oshii,1995,83,12,2022-11-07 13:00,8.50
4557,Cast Away,Adventure,Robert Zemeckis,2000,143,12,2022-11-07 10:00,8.50
4558,Kôkaku Kidôtai,Animation,Mamoru Oshii,1995,83,12,2022-11-06 18:00,9.00
4559,City Lights,Comedy,Charles Chaplin,1931,87,0,2022-11-06 15:30,8.50
4560,Do lok tin si,Comedy,Kar-Wai Wong,1995,99,12,2022-11-06 13:00,8.50
4561,Rupan sansei: Kariosutoro no shiro,Animation,Hayao Miyazaki,1979,100,0,2022-11-06 10:30,7.00
4562,The Magnificent Seven,Action,John Sturges,1960,128,12,2022-11-05 19:00,8.50
4563,Kôkaku Kidôtai,Animation,Mamoru Oshii,1995,83,12,2022-11-05 16:30,7.50
4564,Le salaire de la peur,Adventure,Henri-Georges Clouzot,1953,131,0,2022-11-05 13:30,7.50
4565,Gladiator,Action,Ridley Scott,2000,155,12,2022-11-05 10:00,8.50
4566,Midnight Cowboy,Drama,John Schlesinger,1969,113,12,2022-11-04 14:00,8.50
4567,Gladiator,Action,Ridley Scott,2000,155,12,2022-11-04 10:30,7.00
4568,City Lights,Comedy,Charles Chaplin,1931,87,0,2022-11-03 13:00,8.00
4569,Fargo,Crime,Joel Coen,1996,98,12,2022-11-03 10:30,8.50
4570,"O Brother, Where Art Thou?",Adventure,Joel Coen,2000,107,0,2022-11-02 10:30,6.50
4571,Falling Down,Action,Joel Schumacher,1993,113,16,2022-11-01 10:00,8.50
4572,Do lok tin si,Comedy,Kar-Wai Wong,1995,99,12,2022-10-31 16:30,7.50
4573,Jungfrukällan,Drama,Ingmar Bergman,1960,89,12,2022-10-31 14:00,7.50
4574,Judgment at Nuremberg,Drama,Stanley Kramer,1961,179,12,2022-10-31 10:30,7.00
4575,Midnight Express,Biography,Alan Parker,1978,121,12,2022-10-30 17:00,7.50
4576,Midnight Cowboy,Drama,John Schlesinger,1969,113,12,2022-10-30 14:30,7.00
4577,The Deer Hunter,Drama,Michael Cimino,1978,183,12,2022-10-30 10:30,8.50
4578,Predator,Action,John McTiernan,1987,107,12,2022-10-29 17:30,8.50
4579,Do lok tin si,Comedy,Kar-Wai Wong,1995,99,12,2022-10-29 15:00,7.00
4580,Do lok tin si,Comedy,Kar-Wai Wong,1995,99,12,2022-10-29 12:30,7.00
4581,City Lights,Comedy,Charles Chaplin,1931,87,0,2022-10-29 10:00,8.50
4582,His Girl Friday,Comedy,Howard Hawks,1940,92,12,2022-10-28 10:00,6.50
4583,Cast Away,Adventure,Robert Zemeckis,2000,143,12,2022-10-27 10:00,7.00
4584,The Hustler,Drama,Robert Rossen,1961,134,12,2022-10-26 13:00,8.00
4585,"O Brother, Where Art Thou?",Adventure,Joel Coen,2000,107,0,2022-10-26 10:30,7.00
4586,A Streetcar Named Desire,Drama,Elia Kazan,1951,122,12,2022-10-25 13:00,6.50
4587,Miller's Crossing,Crime,Joel Coen,1990,115,16,2022-10-25 10:00,7.50
4588,"O Brother, Where Art Thou?",Adventure,Joel Coen,2000,107,0,2022-10-24 12:00,7.50
4589,Kôkaku Kidôtai,Animation,Mamoru Oshii,1995,83,12,2022-10-24 10:00,7.00
4590,Kind Hearts and Coronets,Comedy,Robert Hamer,1949,106,0,2022-10-23 18:00,9.50
4591,City Lights,Comedy,Charles Chaplin,1931,87,0,2022-10-23 15:30,8.00
4592,"O Brother, Where Art Thou?",Adventure,Joel Coen,2000,107,0,2022-10-23 13:00,8.50
4593,Dark City,Mystery,Alex Proyas,1998,100,12,2022-10-23 10:30,7.50
4594,Gladiator,Action,Ridley Scott,2000,155,12,2022-10-22 17:00,8.00
4595,Judgment at Nuremberg,Drama,Stanley Kramer,1961,179,12,2022-10-22 13:00,7.50
4596,Midnight Cowboy,Drama,John Schlesinger,1969,113,12,2022-10-22 10:30,7.50
4597,Le salaire de la peur,Adventure,Henri-Georges Clouzot,1953,131,0,2022-10-21 10:30,7.50
4598,Do lok tin si,Comedy,Kar-Wai Wong,1995,99,12,2022-10-20 16:00,8.50
4599,Jungfrukällan,Drama,Ingmar Bergman,1960,89,12,2022-10-20 13:30,8.00
4600,Le salaire de la peur,Adventure,Henri-Georges Clouzot,1953,131,0,2022-10-20 10:30,8.50
4601,Dark City,Mystery,Alex Proyas,1998,100,12,2022-10-19 10:30,6.50
4602,The Fugitive,Action,Andrew Davis,1993,130,0,2022-10-18 16:30,8.50
4603,La Grande Illusion,Drama,Jean Renoir,1937,113,12,2022-10-18 13:30,8.00
4604,Gladiator,Action,Ridley Scott,2000,155,12,2022-10-18 10:00,8.00
4605,Sense and Sensibility,Drama,Ang Lee,1995,136,0,2022-10-17 10:30,7.50
4606,Kind Hearts and Coronets,Comedy,Robert Hamer,1949,106,0,2022-10-16 15:00,8.00
4607,"O Brother, Where Art Thou?",Adventure,Joel Coen,2000,107,0,2022-10-16 12:30,8.00
4608,Fargo,Crime,Joel Coen,1996,98,12,2022-10-16 10:00,7.00
4609,The Hustler,Drama,Robert Rossen,1961,134,12,2022-10-15 18:30,9.00
4610,"O Brother, Where Art Thou?",Adventure,Joel Coen,2000,107,0,2022-10-15 16:00,8.50
4611,The Hustler,Drama,Robert Rossen,1961,134,12,2022-10-15 13:00,8.00
4612,Miller's Crossing,Crime,Joel Coen,1990,115,16,2022-10-15 10:00,6.50
4613,Fargo,Crime,Joel Coen,1996,98,12,2022-10-14 13:00,8.50
4614,The Hustler,Drama,Robert Rossen,1961,134,12,2022-10-14 10:00,7.50
4615,Dark City,Mystery,Alex Proyas,1998,100,12,2022-10-13 13:00,7.50
4616,The Hustler,Drama,Robert Rossen,1961,134,12,2022-10-13 10:00,8.00
4617,Der Himmel über Berlin,Drama,Wim Wenders,1987,128,0,2022-10-12 10:30,8.50
4618,Gladiator,Action,Ridley Scott,2000,155,12,2022-10-11 13:00,8.00
4619,His Girl Friday,Comedy,Howard Hawks,1940,92,12,2022-10-11 10:30,7.00
4620,Doctor Zhivago,Drama,David Lean,1965,197,12,2022-10-10 10:30,7.50
4621,The Straight Story,Biography,David Lynch,1999,112,0,2022-10-09 17:00,8.50
4622,Do lok tin si,Comedy,Kar-Wai Wong,1995,99,12,2022-10-09 14:30,7.00
4623,Judgment at Nuremberg,Drama,Stanley Kramer,1961,179,12,2022-10-09 10:30,8.00
4624,Zerkalo,Biography,Andrei Tarkovsky,1975,107,0,2022-10-08 18:00,9.00
4625,12 Angry Men,Crime,Sidney Lumet,1957,96,0,2022-10-08 15:30,6.50
4626,I Am Sam,Drama,Jessie Nelson,2001,132,12,2022-10-08 12:30,8.50
4627,Kind Hearts and Coronets,Comedy,Robert Hamer,1949,106,0,2022-10-08 10:00,8.50
4628,Miller's Crossing,Crime,Joel Coen,1990,115,16,2022-10-07 13:00,7.50
4629,The Fugitive,Action,Andrew Davis,1993,130,0,2022-10-07 10:00,7.00
4630,Kind Hearts and Coronets,Comedy,Robert Hamer,1949,106,0,2022-10-06 16:00,8.50
4631,Raiders of the Lost Ark,Action,Steven Spielberg,1981,115,12,2022-10-06 13:30,7.00
4632,The Hustler,Drama,Robert Rossen,1961,134,12,2022-10-06 10:30,7.00
4633,Hable con ella,Drama,Pedro Almodóvar,2002,112,16,2022-10-05 13:30,7.50
4634,The Great Escape,Adventure,John Sturges,1963,172,0,2022-10-05 10:00,8.50
4635,What's Eating Gilbert Grape,Drama,Lasse Hallström,1993,118,0,2022-10-04 15:30,6.50
4636,Tonari no Totoro,Animation,Hayao Miyazaki,1988,86,0,2022-10-04 13:00,6.50
4637,La Grande Illusion,Drama,Jean Renoir,1937,113,12,2022-10-04 10:00,7.00
4638,I Am Sam,Drama,Jessie Nelson,2001,132,12,2022-10-03 12:00,7.00
4639,Love and Death,Comedy,Woody Allen,1975,85,6,2022-10-03 10:00,8.50
4640,12 Angry Men,Crime,Sidney Lumet,1957,96,0,2022-10-02 18:30,10.00
4641,Some Like It Hot,Comedy,Billy Wilder,1959,121,0,2022-10-02 15:30,8.00
4642,His Girl Friday,Comedy,Howard Hawks,1940,92,12,2022-10-02 13:00,8.00
4643,Per qualche dollaro in più,Western,Sergio Leone,1965,132,0,2022-10-02 10:00,7.00
4644,Some Like It Hot,Comedy,Billy Wilder,1959,121,0,2022-10-01 16:00,7.00
4645,The Fugitive,Action,Andrew Davis,1993,130,0,2022-10-01 13:00,7.50
4646,Lifeboat,Drama,Alfred Hitchcock,1944,97,12,2022-10-01 10:30,6.50
4647,Do lok tin si,Comedy,Kar-Wai Wong,1995,99,12,2022-09-30 10:00,6.50
4648,The Hustler,Drama,Robert Rossen,1961,134,12,2022-09-29 15:30,8.50
4649,La Grande Illusion,Drama,Jean Renoir,1937,113,12,2022-09-29 13:00,7.00
4650,12 Angry Men,Crime,Sidney Lumet,1957,96,0,2022-09-29 10:30,8.00
4651,The Great Escape,Adventure,John Sturges,1963,172,0,2022-09-28 12:30,7.00
4652,Fargo,Crime,Joel Coen,1996,98,12,2022-09-28 10:00,7.50
4653,The Deer Hunter,Drama,Michael Cimino,1978,183,12,2022-09-27 12:30,8.00
4654,Do lok tin si,Comedy,Kar-Wai Wong,1995,99,12,2022-09-27 10:00,8.50
4655,The Deer Hunter,Drama,Michael Cimino,1978,183,12,2022-09-26 10:30,7.50
4656,Doctor Zhivago,Drama,David Lean,1965,197,12,2022-09-25 16:00,6.50
4657,His Girl Friday,Comedy,Howard Hawks,1940,92,12,2022-09-25 13:30,7.00
4658,Hable con ella,Drama,Pedro Almodóvar,2002,112,16,2022-09-25 10:30,7.00
4659,A Streetcar Named Desire,Drama,Elia Kazan,1951,122,12,2022-09-24 20:00,9.50
4660,Per qualche dollaro in più,Western,Sergio Leone,1965,132,0,2022-09-24 17:00,7.50
4661,The Great Escape,Adventure,John Sturges,1963,172,0,2022-09-24 13:00,8.00
4662,Tonari no Totoro,Animation,Hayao Miyazaki,1988,86,0,2022-09-24 10:30,6.50
4663,Vivre sa vie: Film en douze tableaux,Drama,Jean-Luc Godard,1962,80,12,2022-09-23 12:30,6.50
4664,Vivre sa vie: Film en douze tableaux,Drama,Jean-Luc Godard,1962,80,12,2022-09-23 10:00,6.50
4665,Lifeboat,Drama,Alfred Hitchcock,1944,97,12,2022-09-22 10:30,6.50
4666,Doctor Zhivago,Drama,David Lean,1965,197,12,2022-09-21 10:30,8.00
4667,Doctor Zhivago,Drama,David Lean,1965,197,12,2022-09-20 10:00,7.00
4668,Doctor Zhivago,Drama,David Lean,1965,197,12,2022-09-19 13:30,8.50
4669,Some Like It Hot,Comedy,Billy Wilder,1959,121,0,2022-09-19 10:30,8.00
4670,Judgment at Nuremberg,Drama,Stanley Kramer,1961,179,12,2022-09-18 19:00,9.50
4671,The Great Escape,Adventure,John Sturges,1963,172,0,2022-09-18 15:30,7.00
4672,The Innocents,Horror,Jack Clayton,1961,100,12,2022-09-18 13:00,8.00
4673,The Innocents,Horror,Jack Clayton,1961,100,12,2022-09-18 10:30,6.50
4674,Doctor Zhivago,Drama,David Lean,1965,197,12,2022-09-17 16:30,8.00
4675,The Great Escape,Adventure,John Sturges,1963,172,0,2022-09-17 12:30,7.50
4676,Zerkalo,Biography,Andrei Tarkovsky,1975,107,0,2022-09-17 10:00,8.00
4677,Lifeboat,Drama,Alfred Hitchcock,1944,97,12,2022-09-16 10:00,8.00
4678,A Streetcar Named Desire,Drama,Elia Kazan,1951,122,12,2022-09-15 12:30,8.50
4679,Tonari no Totoro,Animation,Hayao Miyazaki,1988,86,0,2022-09-15 10:00,8.00
4680,All About Eve,Drama,Joseph L. Mankiewicz,1950,138,12,2022-09-14 10:30,7.00
4681,His Girl Friday,Comedy,Howard Hawks,1940,92,12,2022-09-13 13:30,8.00
4682,Ran,Action,Akira Kurosawa,1985,162,0,2022-09-13 10:00,7.50
4683,Raiders of the Lost Ark,Action,Steven Spielberg,1981,115,12,2022-09-12 10:30,8.50
4684,Scarface: The Shame of the Nation,Action,Howard Hawks,1932,93,6,2022-09-11 19:30,10.00
4685,All About Eve,Drama,Joseph L. Mankiewicz,1950,138,12,2022-09-11 16:30,8.50
4686,Judgment at Nuremberg,Drama,Stanley Kramer,1961,179,12,2022-09-11 12:30,6.50
4687,To Have and Have Not,Adventure,Howard Hawks,1944,100,6,2022-09-11 10:00,8.50
4688,My Cousin Vinny,Comedy,Jonathan Lynn,1992,120,12,2022-09-10 15:30,8.50
4689,Tonari no Totoro,Animation,Hayao Miyazaki,1988,86,0,2022-09-10 13:00,6.50
4690,Raiders of the Lost Ark,Action,Steven Spielberg,1981,115,12,2022-09-10 10:00,7.00
4691,Raging Bull,Biography,Martin Scorsese,1980,129,12,2022-09-09 13:30,7.00
4692,I Am Sam,Drama,Jessie Nelson,2001,132,12,2022-09-09 10:30,7.50
4693,Tonari no Totoro,Animation,Hayao Miyazaki,1988,86,0,2022-09-08 10:00,8.50
4694,I Am Sam,Drama,Jessie Nelson,2001,132,12,2022-09-07 16:00,8.00
4695,Gilda,Drama,Charles Vidor,1946,110,12,2022-09-07 13:00,7.00
4696,I Am Sam,Drama,Jessie Nelson,2001,132,12,2022-09-07 10:00,7.50
4697,Hable con ella,Drama,Pedro Almodóvar,2002,112,16,2022-09-06 13:00,7.50
4698,Kramer vs. Kramer,Drama,Robert Benton,1979,105,12,2022-09-06 10:30,7.50
4699,The Innocents,Horror,Jack Clayton,1961,100,12,2022-09-05 12:30,7.50
4700,Kramer vs. Kramer,Drama,Robert Benton,1979,105,12,2022-09-05 10:00,7.50
4701,Hable con ella,Drama,Pedro Almodóvar,2002,112,16,2022-09-04 18:30,10.00
4702,Raiders of the Lost Ark,Action,Steven Spielberg,1981,115,12,2022-09-04 15:30,8.50
4703,Ferris Bueller's Day Off,Comedy,John Hughes,1986,103,0,2022-09-04 13:00,7.00
4704,A Streetcar Named Desire,Drama,Elia Kazan,1951,122,12,2022-09-04 10:00,7.50
4705,My Cousin Vinny,Comedy,Jonathan Lynn,1992,120,12,2022-09-03 19:30,10.00
4706,Ran,Action,Akira Kurosawa,1985,162,0,2022-09-03 16:00,7.00
4707,Love and Death,Comedy,Woody Allen,1975,85,6,2022-09-03 13:30,8.50
4708,Raiders of the Lost Ark,Action,Steven Spielberg,1981,115,12,2022-09-03 10:30,7.00
4709,Zerkalo,Biography,Andrei Tarkovsky,1975,107,0,2022-09-02 15:30,6.50
4710,Evil Dead II,Action,Sam Raimi,1987,84,12,2022-09-02 13:30,7.00
4711,Road to Perdition,Crime,Sam Mendes,2002,117,12,2022-09-02 10:30,8.00
4712,Gilda,Drama,Charles Vidor,1946,110,12,2022-09-01 14:30,6.50
4713,Dilwale Dulhania Le Jayenge,Drama,Aditya Chopra,1995,189,0,2022-09-01 10:30,6.50
4714,Kramer vs. Kramer,Drama,Robert Benton,1979,105,12,2022-08-31 10:30,8.50
4715,Kramer vs. Kramer,Drama,Robert Benton,1979,105,12,2022-08-30 15:00,7.00
4716,Road to Perdition,Crime,Sam Mendes,2002,117,12,2022-08-30 12:30,7.50
4717,Lifeboat,Drama,Alfred Hitchcock,1944,97,12,2022-08-30 10:00,8.50
4718,Love and Death,Comedy,Woody Allen,1975,85,6,2022-08-29 14:30,7.00
4719,Dilwale Dulhania Le Jayenge,Drama,Aditya Chopra,1995,189,0,2022-08-29 10:30,7.00
4720,Lifeboat,Drama,Alfred Hitchcock,1944,97,12,2022-08-28 16:30,7.00
4721,Raging Bull,Biography,Martin Scorsese,1980,129,12,2022-08-28 13:30,8.50
4722,Memento,Mystery,Christopher Nolan,2000,113,12,2022-08-28 10:30,8.00
4723,Ran,Action,Akira Kurosawa,1985,162,0,2022-08-27 18:30,9.50
4724,Lifeboat,Drama,Alfred Hitchcock,1944,97,12,2022-08-27 16:00,7.00
4725,Raging Bull,Biography,Martin Scorsese,1980,129,12,2022-08-27 13:00,8.00
4726,Raiders of the Lost Ark,Action,Steven Spielberg,1981,115,12,2022-08-27 10:30,7.00
4727,A Streetcar Named Desire,Drama,Elia Kazan,1951,122,12,2022-08-26 10:30,8.00
4728,A Hard Day's Night,Comedy,Richard Lester,1964,87,0,2022-08-25 15:30,6.50
4729,Night on Earth,Comedy,Jim Jarmusch,1991,129,16,2022-08-25 12:30,7.50
4730,Lifeboat,Drama,Alfred Hitchcock,1944,97,12,2022-08-25 10:00,8.50
4731,12 Angry Men,Crime,Sidney Lumet,1957,96,0,2022-08-24 10:30,7.00
4732,Notorious,Drama,Alfred Hitchcock,1946,102,0,2022-08-23 12:30,7.00
4733,Gilda,Drama,Charles Vidor,1946,110,12,2022-08-23 10:00,7.00
4734,Love and Death,Comedy,Woody Allen,1975,85,6,2022-08-22 12:30,7.00
4735,Mimi wo sumaseba,Animation,Yoshifumi Kondô,1995,111,0,2022-08-22 10:00,8.50
4736,The Innocents,Horror,Jack Clayton,1961,100,12,2022-08-21 16:00,8.50
4737,Donnie Brasco,Biography,Mike Newell,1997,127,12,2022-08-21 13:00,7.00
4738,Road to Perdition,Crime,Sam Mendes,2002,117,12,2022-08-21 10:30,6.50
4739,Dilwale Dulhania Le Jayenge,Drama,Aditya Chopra,1995,189,0,2022-08-20 16:00,7.50
4740,The Innocents,Horror,Jack Clayton,1961,100,12,2022-08-20 13:30,7.50
4741,Tôkyô monogatari,Drama,Yasujirô Ozu,1953,136,0,2022-08-20 10:30,8.50
4742,My Cousin Vinny,Comedy,Jonathan Lynn,1992,120,12,2022-08-19 13:30,7.00
4743,My Cousin Vinny,Comedy,Jonathan Lynn,1992,120,12,2022-08-19 10:30,7.00
4744,Sense and Sensibility,Drama,Ang Lee,1995,136,0,2022-08-18 15:30,6.50
4745,Road to Perdition,Crime,Sam Mendes,2002,117,12,2022-08-18 12:30,6.50
4746,To Have and Have Not,Adventure,Howard Hawks,1944,100,6,2022-08-18 10:00,7.50
4747,Night on Earth,Comedy,Jim Jarmusch,1991,129,16,2022-08-17 10:30,8.00
4748,Raiders of the Lost Ark,Action,Steven Spielberg,1981,115,12,2022-08-16 16:30,8.00
4749,Sense and Sensibility,Drama,Ang Lee,1995,136,0,2022-08-16 13:30,7.50
4750,My Cousin Vinny,Comedy,Jonathan Lynn,1992,120,12,2022-08-16 10:30,7.00
4751,Batman: Mask of the Phantasm,Animation,Kevin Altieri,1993,76,6,2022-08-15 13:00,8.50
4752,Kramer vs. Kramer,Drama,Robert Benton,1979,105,12,2022-08-15 10:30,6.50
4753,Raging Bull,Biography,Martin Scorsese,1980,129,12,2022-08-14 16:00,6.50
4754,The Graduate,Comedy,Mike Nichols,1967,106,12,2022-08-14 13:30,7.50
4755,North by Northwest,Adventure,Alfred Hitchcock,1959,136,0,2022-08-14 10:30,7.50
4756,Raging Bull,Biography,Martin Scorsese,1980,129,12,2022-08-13 18:30,8.50
4757,Tôkyô monogatari,Drama,Yasujirô Ozu,1953,136,0,2022-08-13 15:30,8.50
4758,"South Park: Bigger, Longer & Uncut",Animation,Trey Parker,1999,81,12,2022-08-13 13:00,6.50
4759,Scarface: The Shame of the Nation,Action,Howard Hawks,1932,93,6,2022-08-13 10:30,7.00
4760,Kramer vs. Kramer,Drama,Robert Benton,1979,105,12,2022-08-12 16:00,7.50
4761,To Be or Not to Be,Comedy,Ernst Lubitsch,1942,99,12,2022-08-12 13:30,8.00
4762,Carlito's Way,Crime,Brian De Palma,1993,144,12,2022-08-12 10:00,6.50
4763,Memento,Mystery,Christopher Nolan,2000,113,12,2022-08-11 12:00,8.50
4764,The Invisible Man,Horror,James Whale,1933,71,12,2022-08-11 10:00,6.50
4765,The Bridge on the River Kwai,Adventure,David Lean,1957,161,6,2022-08-10 10:00,7.00
4766,Vivre sa vie: Film en douze tableaux,Drama,Jean-Luc Godard,1962,80,12,2022-08-09 10:30,6.50
4767,Tôkyô monogatari,Drama,Yasujirô Ozu,1953,136,0,2022-08-08 16:30,7.50
4768,Raging Bull,Biography,Martin Scorsese,1980,129,12,2022-08-08 13:30,8.50
4769,Per qualche dollaro in più,Western,Sergio Leone,1965,132,0,2022-08-08 10:30,8.50
4770,La dolce vita,Comedy,Federico Fellini,1960,174,12,2022-08-07 15:30,8.00
4771,The Graduate,Comedy,Mike Nichols,1967,106,12,2022-08-07 13:00,8.00
4772,Misery,Drama,Rob Reiner,1990,107,16,2022-08-07 10:30,8.50
4773,Vivre sa vie: Film en douze tableaux,Drama,Jean-Luc Godard,1962,80,12,2022-08-06 15:00,6.50
4774,Scarface: The Shame of the Nation,Action,Howard Hawks,1932,93,6,2022-08-06 12:30,7.00
4775,Kind Hearts and Coronets,Comedy,Robert Hamer,1949,106,0,2022-08-06 10:00,7.50
4776,Casablanca,Drama,Michael Curtiz,1942,102,0,2022-08-05 13:00,7.50
4777,Who Framed Roger Rabbit,Animation,Robert Zemeckis,1988,104,0,2022-08-05 10:30,7.50
4778,Fanny och Alexander,Drama,Ingmar Bergman,1982,188,12,2022-08-04 10:30,7.50
4779,High Noon,Drama,Fred Zinnemann,1952,85,6,2022-08-03 10:00,7.50
4780,Kind Hearts and Coronets,Comedy,Robert Hamer,1949,106,0,2022-08-02 15:30,6.50
4781,My Cousin Vinny,Comedy,Jonathan Lynn,1992,120,12,2022-08-02 12:30,7.50
4782,Scarface: The Shame of the Nation,Action,Howard Hawks,1932,93,6,2022-08-02 10:00,8.00
4783,Donnie Brasco,Biography,Mike Newell,1997,127,12,2022-08-01 14:00,8.50
4784,Dilwale Dulhania Le Jayenge,Drama,Aditya Chopra,1995,189,0,2022-08-01 10:00,6.50
4785,The Graduate,Comedy,Mike Nichols,1967,106,12,2022-07-31 16:00,7.00
4786,Donnie Brasco,Biography,Mike Newell,1997,127,12,2022-07-31 13:00,7.50
4787,Remember the Titans,Biography,Boaz Yakin,2000,113,0,2022-07-31 10:30,8.50
4788,Snatch,Comedy,Guy Ritchie,2000,104,12,2022-07-30 15:30,7.00
4789,Waking Life,Animation,Richard Linklater,2001,99,16,2022-07-30 13:00,7.50
4790,Casablanca,Drama,Michael Curtiz,1942,102,0,2022-07-30 10:30,6.50
4791,Snatch,Comedy,Guy Ritchie,2000,104,12,2022-07-29 10:00,6.50
4792,La dolce vita,Comedy,Federico Fellini,1960,174,12,2022-07-28 10:30,7.00
4793,North by Northwest,Adventure,Alfred Hitchcock,1959,136,0,2022-07-27 12:30,8.50
4794,Vivre sa vie: Film en douze tableaux,Drama,Jean-Luc Godard,1962,80,12,2022-07-27 10:30,8.00
4795,Dom za vesanje,Comedy,Emir Kusturica,1988,142,16,2022-07-26 17:00,8.50
4796,The Bridge on the River Kwai,Adventure,David Lean,1957,161,6,2022-07-26 13:30,7.50
4797,The Elephant Man,Biography,David Lynch,1980,124,12,2022-07-26 10:30,7.00
4798,The Elephant Man,Biography,David Lynch,1980,124,12,2022-07-25 13:30,7.50
4799,Memento,Mystery,Christopher Nolan,2000,113,12,2022-07-25 10:30,7.50
4800,Vivre sa vie: Film en douze tableaux,Drama,Jean-Luc Godard,1962,80,12,2022-07-24 14:30,8.50
4801,The Invisible Man,Horror,James Whale,1933,71,12,2022-07-24 12:30,7.00
4802,Det sjunde inseglet,Drama,Ingmar Bergman,1957,96,12,2022-07-24 10:00,8.00
4803,North by Northwest,Adventure,Alfred Hitchcock,1959,136,0,2022-07-23 19:30,10.00
4804,Fiddler on the Roof,Drama,Norman Jewison,1971,181,0,2022-07-23 15:30,7.50
4805,Gilda,Drama,Charles Vidor,1946,110,12,2022-07-23 13:00,8.50
4806,The Lady Vanishes,Mystery,Alfred Hitchcock,1938,96,12,2022-07-23 10:30,7.00
4807,La dolce vita,Comedy,Federico Fellini,1960,174,12,2022-07-22 15:30,7.50
4808,Raging Bull,Biography,Martin Scorsese,1980,129,12,2022-07-22 12:30,8.50
4809,Who Framed Roger Rabbit,Animation,Robert Zemeckis,1988,104,0,2022-07-22 10:00,7.50
4810,La dolce vita,Comedy,Federico Fellini,1960,174,12,2022-07-21 12:30,7.50
4811,The Lady Vanishes,Mystery,Alfred Hitchcock,1938,96,12,2022-07-21 10:00,7.50
4812,Evil Dead II,Action,Sam Raimi,1987,84,12,2022-07-20 17:00,6.50
4813,Fiddler on the Roof,Drama,Norman Jewison,1971,181,0,2022-07-20 13:00,8.50
4814,Barton Fink,Comedy,Joel Coen,1991,116,0,2022-07-20 10:30,7.50
4815,"South Park: Bigger, Longer & Uncut",Animation,Trey Parker,1999,81,12,2022-07-19 16:30,7.00
4816,The Pianist,Biography,Roman Polanski,2002,150,16,2022-07-19 13:00,8.00
4817,Barton Fink,Comedy,Joel Coen,1991,116,0,2022-07-19 10:00,8.50
4818,The Lady Vanishes,Mystery,Alfred Hitchcock,1938,96,12,2022-07-18 12:00,8.00
4819,The Invisible Man,Horror,James Whale,1933,71,12,2022-07-18 10:00,7.00
4820,Memento,Mystery,Christopher Nolan,2000,113,12,2022-07-17 16:30,7.50
4821,All Quiet on the Western Front,Drama,Lewis Milestone,1930,152,0,2022-07-17 13:00,6.50
4822,Bacheha-Ye aseman,Drama,Majid Majidi,1997,89,6,2022-07-17 10:30,6.50
4823,The Elephant Man,Biography,David Lynch,1980,124,12,2022-07-16 18:00,9.50
4824,Mimi wo sumaseba,Animation,Yoshifumi Kondô,1995,111,0,2022-07-16 15:30,7.00
4825,Misery,Drama,Rob Reiner,1990,107,16,2022-07-16 13:00,7.00
4826,Who Framed Roger Rabbit,Animation,Robert Zemeckis,1988,104,0,2022-07-16 10:30,8.50
4827,Casablanca,Drama,Michael Curtiz,1942,102,0,2022-07-15 16:00,8.00
4828,Dom za vesanje,Comedy,Emir Kusturica,1988,142,16,2022-07-15 13:00,6.50
4829,To Be or Not to Be,Comedy,Ernst Lubitsch,1942,99,12,2022-07-15 10:30,6.50
4830,Gone with the Wind,Drama,Victor Fleming,1939,238,0,2022-07-14 10:00,8.00
4831,Tôkyô monogatari,Drama,Yasujirô Ozu,1953,136,0,2022-07-13 13:30,6.50
4832,The Bridge on the River Kwai,Adventure,David Lean,1957,161,6,2022-07-13 10:00,8.00
4833,Fiddler on the Roof,Drama,Norman Jewison,1971,181,0,2022-07-12 10:00,6.50
4834,Per qualche dollaro in più,Western,Sergio Leone,1965,132,0,2022-07-11 16:00,7.00
4835,High Noon,Drama,Fred Zinnemann,1952,85,6,2022-07-11 13:30,7.00
4836,Carlito's Way,Crime,Brian De Palma,1993,144,12,2022-07-11 10:00,6.50
4837,Snatch,Comedy,Guy Ritchie,2000,104,12,2022-07-10 15:30,8.50
4838,The Lady Vanishes,Mystery,Alfred Hitchcock,1938,96,12,2022-07-10 13:00,8.00
4839,Waking Life,Animation,Richard Linklater,2001,99,16,2022-07-10 10:30,6.50
4840,Fiddler on the Roof,Drama,Norman Jewison,1971,181,0,2022-07-09 16:30,7.00
4841,High Noon,Drama,Fred Zinnemann,1952,85,6,2022-07-09 14:00,8.00
4842,Fiddler on the Roof,Drama,Norman Jewison,1971,181,0,2022-07-09 10:00,7.00
4843,Bacheha-Ye aseman,Drama,Majid Majidi,1997,89,6,2022-07-08 16:00,8.50
4844,The Sixth Sense,Drama,M. Night Shyamalan,1999,107,12,2022-07-08 13:30,8.00
4845,Gladiator,Action,Ridley Scott,2000,155,12,2022-07-08 10:00,7.00
4846,Arsenic and Old Lace,Comedy,Frank Capra,1942,118,12,2022-07-07 13:00,8.00
4847,Planet of the Apes,Adventure,Franklin J. Schaffner,1968,112,0,2022-07-07 10:30,8.50
4848,Snatch,Comedy,Guy Ritchie,2000,104,12,2022-07-06 13:00,8.50
4849,Planet of the Apes,Adventure,Franklin J. Schaffner,1968,112,0,2022-07-06 10:00,7.00
4850,Casablanca,Drama,Michael Curtiz,1942,102,0,2022-07-05 10:00,7.50
4851,Reservoir Dogs,Crime,Quentin Tarantino,1992,99,16,2022-07-04 10:00,8.50
4852,Planet of the Apes,Adventure,Franklin J. Schaffner,1968,112,0,2022-07-03 19:30,10.00
4853,Planet of the Apes,Adventure,Franklin J. Schaffner,1968,112,0,2022-07-03 17:00,8.00
4854,The Pianist,Biography,Roman Polanski,2002,150,16,2022-07-03 13:30,7.50
4855,The Bridge on the River Kwai,Adventure,David Lean,1957,161,6,2022-07-03 10:00,8.50
4856,Misery,Drama,Rob Reiner,1990,107,16,2022-07-02 15:30,6.50
4857,A Hard Day's Night,Comedy,Richard Lester,1964,87,0,2022-07-02 13:00,6.50
4858,Misery,Drama,Rob Reiner,1990,107,16,2022-07-02 10:30,7.50
4859,Fiddler on the Roof,Drama,Norman Jewison,1971,181,0,2022-07-01 13:00,8.50
4860,Predator,Action,John McTiernan,1987,107,12,2022-07-01 10:00,7.00
4861,Star Wars: Episode VI - Return of the Jedi,Action,Richard Marquand,1983,131,0,2022-06-30 14:00,6.50
4862,All Quiet on the Western Front,Drama,Lewis Milestone,1930,152,0,2022-06-30 10:30,6.50
4863,The Sixth Sense,Drama,M. Night Shyamalan,1999,107,12,2022-06-29 10:00,8.50
4864,The Night of the Hunter,Crime,Charles Laughton,1955,92,12,2022-06-28 10:30,6.50
4865,Abre los ojos,Drama,Alejandro Amenábar,1997,119,0,2022-06-27 16:30,7.00
4866,Dom za vesanje,Comedy,Emir Kusturica,1988,142,16,2022-06-27 13:00,7.50
4867,Vampire Hunter D: Bloodlust,Animation,Yoshiaki Kawajiri,2000,103,0,2022-06-27 10:30,7.00
4868,All Quiet on the Western Front,Drama,Lewis Milestone,1930,152,0,2022-06-26 17:30,8.00
4869,Snatch,Comedy,Guy Ritchie,2000,104,12,2022-06-26 15:00,7.50
4870,Gone with the Wind,Drama,Victor Fleming,1939,238,0,2022-06-26 10:00,7.00
4871,Bacheha-Ye aseman,Drama,Majid Majidi,1997,89,6,2022-06-25 20:00,10.00
4872,The Green Mile,Crime,Frank Darabont,1999,189,12,2022-06-25 16:00,6.50
4873,The Pianist,Biography,Roman Polanski,2002,150,16,2022-06-25 12:30,8.00
4874,The Night of the Hunter,Crime,Charles Laughton,1955,92,12,2022-06-25 10:00,7.50
4875,The Night of the Hunter,Crime,Charles Laughton,1955,92,12,2022-06-24 16:30,7.00
4876,The Pianist,Biography,Roman Polanski,2002,150,16,2022-06-24 13:00,7.00
4877,The Night of the Hunter,Crime,Charles Laughton,1955,92,12,2022-06-24 10:30,8.00
4878,Arsenic and Old Lace,Comedy,Frank Capra,1942,118,12,2022-06-23 10:30,6.50
4879,Lawrence of Arabia,Adventure,David Lean,1962,228,0,2022-06-22 13:00,7.00
4880,Planet of the Apes,Adventure,Franklin J. Schaffner,1968,112,0,2022-06-22 10:30,8.00
4881,Peeping Tom,Drama,Michael Powell,1960,101,12,2022-06-21 13:00,6.50
4882,Snatch,Comedy,Guy Ritchie,2000,104,12,2022-06-21 10:30,7.50
4883,Snatch,Comedy,Guy Ritchie,2000,104,12,2022-06-20 17:00,7.50
4884,All Quiet on the Western Front,Drama,Lewis Milestone,1930,152,0,2022-06-20 13:30,7.50
4885,8½,Drama,Federico Fellini,1963,138,12,2022-06-20 10:30,7.50
4886,Who's Afraid of Virginia Woolf?,Drama,Mike Nichols,1966,131,12,2022-06-19 19:00,8.50
4887,Star Wars: Episode VI - Return of the Jedi,Action,Richard Marquand,1983,131,0,2022-06-19 16:00,7.00
4888,Abre los ojos,Drama,Alejandro Amenábar,1997,119,0,2022-06-19 13:00,6.50
4889,The Night of the Hunter,Crime,Charles Laughton,1955,92,12,2022-06-19 10:30,7.00
4890,La règle du jeu,Comedy,Jean Renoir,1939,110,12,2022-06-18 20:30,9.50
4891,Fiddler on the Roof,Drama,Norman Jewison,1971,181,0,2022-06-18 16:30,7.50
4892,The Green Mile,Crime,Frank Darabont,1999,189,12,2022-06-18 12:30,6.50
4893,Days of Heaven,Drama,Terrence Malick,1978,94,6,2022-06-18 10:00,8.00
4894,High Noon,Drama,Fred Zinnemann,1952,85,6,2022-06-17 13:30,6.50
4895,The Pianist,Biography,Roman Polanski,2002,150,16,2022-06-17 10:00,7.00
4896,Planet of the Apes,Adventure,Franklin J. Schaffner,1968,112,0,2022-06-16 16:00,6.50
4897,Who's Afraid of Virginia Woolf?,Drama,Mike Nichols,1966,131,12,2022-06-16 13:00,6.50
4898,The Sixth Sense,Drama,M. Night Shyamalan,1999,107,12,2022-06-16 10:30,8.00
4899,All Quiet on the Western Front,Drama,Lewis Milestone,1930,152,0,2022-06-15 15:30,8.50
4900,Reservoir Dogs,Crime,Quentin Tarantino,1992,99,16,2022-06-15 13:00,8.00
4901,The Fifth Element,Action,Luc Besson,1997,126,12,2022-06-15 10:00,8.00
4902,The Pianist,Biography,Roman Polanski,2002,150,16,2022-06-14 10:30,7.00
4903,The Elephant Man,Biography,David Lynch,1980,124,12,2022-06-13 17:00,6.50
4904,Titanic,Drama,James Cameron,1997,194,12,2022-06-13 13:00,8.50
4905,Star Wars: Episode VI - Return of the Jedi,Action,Richard Marquand,1983,131,0,2022-06-13 10:00,8.00
4906,Abre los ojos,Drama,Alejandro Amenábar,1997,119,0,2022-06-12 15:00,8.50
4907,Det sjunde inseglet,Drama,Ingmar Bergman,1957,96,12,2022-06-12 12:30,6.50
4908,Predator,Action,John McTiernan,1987,107,12,2022-06-12 10:00,8.00
4909,Vampire Hunter D: Bloodlust,Animation,Yoshiaki Kawajiri,2000,103,0,2022-06-11 18:30,9.00
4910,The Third Man,Film-Noir,Carol Reed,1949,104,12,2022-06-11 16:00,8.50
4911,Star Wars: Episode VI - Return of the Jedi,Action,Richard Marquand,1983,131,0,2022-06-11 13:00,7.00
4912,La règle du jeu,Comedy,Jean Renoir,1939,110,12,2022-06-11 10:00,6.50
4913,Who's Afraid of Virginia Woolf?,Drama,Mike Nichols,1966,131,12,2022-06-10 16:30,8.50
4914,Deliverance,Adventure,John Boorman,1972,109,0,2022-06-10 14:00,7.00
4915,Titanic,Drama,James Cameron,1997,194,12,2022-06-10 10:00,7.00
4916,Star Wars: Episode VI - Return of the Jedi,Action,Richard Marquand,1983,131,0,2022-06-09 12:30,8.50
4917,Vampire Hunter D: Bloodlust,Animation,Yoshiaki Kawajiri,2000,103,0,2022-06-09 10:00,6.50
4918,Lawrence of Arabia,Adventure,David Lean,1962,228,0,2022-06-08 13:30,6.50
4919,Arsenic and Old Lace,Comedy,Frank Capra,1942,118,12,2022-06-08 10:30,7.50
4920,The French Connection,Action,William Friedkin,1971,104,12,2022-06-07 10:30,7.00
4921,White Heat,Action,Raoul Walsh,1949,114,12,2022-06-06 10:30,7.00
4922,Peeping Tom,Drama,Michael Powell,1960,101,12,2022-06-05 18:30,9.00
4923,La règle du jeu,Comedy,Jean Renoir,1939,110,12,2022-06-05 16:00,8.00
4924,Deliverance,Adventure,John Boorman,1972,109,0,2022-06-05 13:30,8.00
4925,Some Like It Hot,Comedy,Billy Wilder,1959,121,0,2022-06-05 10:30,7.00
4926,The Sixth Sense,Drama,M. Night Shyamalan,1999,107,12,2022-06-04 19:00,8.50
4927,White Heat,Action,Raoul Walsh,1949,114,12,2022-06-04 16:00,7.00
4928,Brazil,Drama,Terry Gilliam,1985,132,0,2022-06-04 13:00,8.00
4929,La règle du jeu,Comedy,Jean Renoir,1939,110,12,2022-06-04 10:00,6.50
4930,The Lost Weekend,Drama,Billy Wilder,1945,101,12,2022-06-03 10:30,7.50
4931,The Fifth Element,Action,Luc Besson,1997,126,12,2022-06-02 16:30,8.50
4932,Some Like It Hot,Comedy,Billy Wilder,1959,121,0,2022-06-02 13:30,8.50
4933,Das Experiment,Drama,Oliver Hirschbiegel,2001,120,16,2022-06-02 10:30,6.50
4934,Peeping Tom,Drama,Michael Powell,1960,101,12,2022-06-01 10:00,7.50
4935,Days of Heaven,Drama,Terrence Malick,1978,94,6,2022-05-31 16:00,8.00
4936,Vampire Hunter D: Bloodlust,Animation,Yoshiaki Kawajiri,2000,103,0,2022-05-31 13:30,8.00
4937,The Fifth Element,Action,Luc Besson,1997,126,12,2022-05-31 10:30,7.00
4938,Brazil,Drama,Terry Gilliam,1985,132,0,2022-05-30 10:30,7.50
4939,Vampire Hunter D: Bloodlust,Animation,Yoshiaki Kawajiri,2000,103,0,2022-05-29 18:00,10.00
4940,The Night of the Hunter,Crime,Charles Laughton,1955,92,12,2022-05-29 15:30,6.50
4941,Vampire Hunter D: Bloodlust,Animation,Yoshiaki Kawajiri,2000,103,0,2022-05-29 13:00,8.50
4942,Donnie Brasco,Biography,Mike Newell,1997,127,12,2022-05-29 10:00,8.00
4943,Deliverance,Adventure,John Boorman,1972,109,0,2022-05-28 18:00,9.00
4944,The Night of the Hunter,Crime,Charles Laughton,1955,92,12,2022-05-28 15:30,7.50
4945,White Heat,Action,Raoul Walsh,1949,114,12,2022-05-28 13:00,7.50
4946,Le samouraï,Crime,Jean-Pierre Melville,1967,105,12,2022-05-28 10:30,6.50
4947,Peeping Tom,Drama,Michael Powell,1960,101,12,2022-05-27 13:30,7.00
4948,Das Experiment,Drama,Oliver Hirschbiegel,2001,120,16,2022-05-27 10:30,7.00
4949,Twelve Monkeys,Mystery,Terry Gilliam,1995,129,12,2022-05-26 18:00,9.00
4950,The Fifth Element,Action,Luc Besson,1997,126,12,2022-05-26 15:00,7.50
4951,The Godfather: Part II,Crime,Francis Ford Coppola,1974,202,12,2022-05-26 10:30,7.00
4952,Das Experiment,Drama,Oliver Hirschbiegel,2001,120,16,2022-05-25 16:00,7.50
4953,Omohide poro poro,Animation,Isao Takahata,1991,118,0,2022-05-25 13:00,7.50
4954,Ordinary People,Drama,Robert Redford,1980,124,0,2022-05-25 10:00,7.50
4955,Dil Chahta Hai,Comedy,Farhan Akhtar,2001,183,12,2022-05-24 13:30,7.50
4956,The Godfather,Crime,Francis Ford Coppola,1972,175,12,2022-05-24 10:00,8.00
4957,Sunrise: A Song of Two Humans,Drama,F.W. Murnau,1927,94,12,2022-05-23 15:30,8.50
4958,The Fifth Element,Action,Luc Besson,1997,126,12,2022-05-23 12:30,8.00
4959,Vampire Hunter D: Bloodlust,Animation,Yoshiaki Kawajiri,2000,103,0,2022-05-23 10:00,7.50
4960,Dawn of the Dead,Action,George A. Romero,1978,127,12,2022-05-22 17:30,8.00
4961,Some Like It Hot,Comedy,Billy Wilder,1959,121,0,2022-05-22 14:30,8.00
4962,Titanic,Drama,James Cameron,1997,194,12,2022-05-22 10:30,8.50
4963,Titanic,Drama,James Cameron,1997,194,12,2022-05-21 15:00,7.00
4964,The Night of the Hunter,Crime,Charles Laughton,1955,92,12,2022-05-21 12:30,7.50
4965,The French Connection,Action,William Friedkin,1971,104,12,2022-05-21 10:00,7.50
4966,Dawn of the Dead,Action,George A. Romero,1978,127,12,2022-05-20 13:30,7.00
4967,The Fifth Element,Action,Luc Besson,1997,126,12,2022-05-20 10:30,8.50
4968,The Night of the Hunter,Crime,Charles Laughton,1955,92,12,2022-05-19 16:00,7.50
4969,Brazil,Drama,Terry Gilliam,1985,132,0,2022-05-19 13:00,8.00
4970,Peeping Tom,Drama,Michael Powell,1960,101,12,2022-05-19 10:30,8.00
4971,Das Experiment,Drama,Oliver Hirschbiegel,2001,120,16,2022-05-18 15:00,8.50
4972,Peeping Tom,Drama,Michael Powell,1960,101,12,2022-05-18 12:30,7.50
4973,Le charme discret de la bourgeoisie,Comedy,Luis Buñuel,1972,102,6,2022-05-18 10:00,8.50
4974,Peeping Tom,Drama,Michael Powell,1960,101,12,2022-05-17 17:00,8.50
4975,The Godfather: Part II,Crime,Francis Ford Coppola,1974,202,12,2022-05-17 12:30,7.50
4976,Le samouraï,Crime,Jean-Pierre Melville,1967,105,12,2022-05-17 10:00,8.00
4977,Dawn of the Dead,Action,George A. Romero,1978,127,12,2022-05-16 10:30,7.00
4978,Omohide poro poro,Animation,Isao Takahata,1991,118,0,2022-05-15 18:30,9.00
4979,Repulsion,Drama,Roman Polanski,1965,105,12,2022-05-15 16:00,7.00
4980,The Hustler,Drama,Robert Rossen,1961,134,12,2022-05-15 13:00,6.50
4981,Fear and Loathing in Las Vegas,Adventure,Terry Gilliam,1998,118,16,2022-05-15 10:00,8.00
4982,Days of Heaven,Drama,Terrence Malick,1978,94,6,2022-05-14 19:30,8.50
4983,Dom za vesanje,Comedy,Emir Kusturica,1988,142,16,2022-05-14 16:30,6.50
4984,Twelve Monkeys,Mystery,Terry Gilliam,1995,129,12,2022-05-14 13:30,7.50
4985,White Heat,Action,Raoul Walsh,1949,114,12,2022-05-14 10:30,8.00
4986,Brazil,Drama,Terry Gilliam,1985,132,0,2022-05-13 10:00,8.50
4987,Butch Cassidy and the Sundance Kid,Biography,George Roy Hill,1969,110,6,2022-05-12 15:30,7.00
4988,Le charme discret de la bourgeoisie,Comedy,Luis Buñuel,1972,102,6,2022-05-12 13:00,8.50
4989,White Heat,Action,Raoul Walsh,1949,114,12,2022-05-12 10:30,8.50
4990,Peeping Tom,Drama,Michael Powell,1960,101,12,2022-05-11 16:00,7.00
4991,Days of Heaven,Drama,Terrence Malick,1978,94,6,2022-05-11 13:30,8.50
4992,Brazil,Drama,Terry Gilliam,1985,132,0,2022-05-11 10:30,6.50
4993,Les quatre cents coups,Crime,François Truffaut,1959,99,12,2022-05-10 16:30,7.00
4994,The Godfather: Part II,Crime,Francis Ford Coppola,1974,202,12,2022-05-10 12:30,6.50
4995,Repulsion,Drama,Roman Polanski,1965,105,12,2022-05-10 10:00,7.50
4996,When Harry Met Sally...,Comedy,Rob Reiner,1989,95,12,2022-05-09 10:00,8.50
4997,The Royal Tenenbaums,Comedy,Wes Anderson,2001,110,12,2022-05-08 16:30,6.50
4998,Gandhi,Biography,Richard Attenborough,1982,191,0,2022-05-08 12:30,8.50
4999,Days of Heaven,Drama,Terrence Malick,1978,94,6,2022-05-08 10:00,7.00
5000,The Last Emperor,Biography,Bernardo Bertolucci,1987,163,0,2022-05-07 15:00,7.00
5001,12 Angry Men,Crime,Sidney Lumet,1957,96,0,2022-05-07 12:30,6.50
5002,Le samouraï,Crime,Jean-Pierre Melville,1967,105,12,2022-05-07 10:00,6.50
5003,Hiroshima mon amour,Drama,Alain Resnais,1959,90,12,2022-05-06 16:00,8.00
5004,Dom za vesanje,Comedy,Emir Kusturica,1988,142,16,2022-05-06 13:00,8.50
5005,Omohide poro poro,Animation,Isao Takahata,1991,118,0,2022-05-06 10:00,8.00
5006,Donnie Brasco,Biography,Mike Newell,1997,127,12,2022-05-05 18:00,9.50
5007,Deliverance,Adventure,John Boorman,1972,109,0,2022-05-05 15:30,8.50
5008,Lawrence of Arabia,Adventure,David Lean,1962,228,0,2022-05-05 10:30,8.00
5009,Peeping Tom,Drama,Michael Powell,1960,101,12,2022-05-04 16:30,8.00
5010,Brazil,Drama,Terry Gilliam,1985,132,0,2022-05-04 13:30,8.50
5011,White Heat,Action,Raoul Walsh,1949,114,12,2022-05-04 10:30,7.50
5012,Dom za vesanje,Comedy,Emir Kusturica,1988,142,16,2022-05-03 10:30,7.00
5013,Pâfekuto burû,Animation,Satoshi Kon,1997,81,12,2022-05-02 16:00,8.50
5014,Being There,Comedy,Hal Ashby,1979,130,6,2022-05-02 13:00,8.50
5015,Le samouraï,Crime,Jean-Pierre Melville,1967,105,12,2022-05-02 10:30,6.50
5016,The Godfather: Part II,Crime,Francis Ford Coppola,1974,202,12,2022-05-01 18:30,10.00
5017,Twelve Monkeys,Mystery,Terry Gilliam,1995,129,12,2022-05-01 15:30,8.00
5018,Peeping Tom,Drama,Michael Powell,1960,101,12,2022-05-01 13:00,8.00
5019,M - Eine Stadt sucht einen Mörder,Crime,Fritz Lang,1931,117,12,2022-05-01 10:30,7.50
5020,Days of Heaven,Drama,Terrence Malick,1978,94,6,2022-04-30 15:30,8.50
5021,Tombstone,Action,George P. Cosmatos,1993,130,16,2022-04-30 12:30,7.50
5022,Le samouraï,Crime,Jean-Pierre Melville,1967,105,12,2022-04-30 10:00,7.50
5023,Being There,Comedy,Hal Ashby,1979,130,6,2022-04-29 13:00,7.50
5024,Once Were Warriors,Crime,Lee Tamahori,1994,102,12,2022-04-29 10:30,7.00
5025,Twelve Monkeys,Mystery,Terry Gilliam,1995,129,12,2022-04-28 17:00,8.50
5026,The Last Emperor,Biography,Bernardo Bertolucci,1987,163,0,2022-04-28 13:30,6.50
5027,Dom za vesanje,Comedy,Emir Kusturica,1988,142,16,2022-04-28 10:30,7.00
5028,The Last Emperor,Biography,Bernardo Bertolucci,1987,163,0,2022-04-27 16:30,8.50
5029,Ordinary People,Drama,Robert Redford,1980,124,0,2022-04-27 13:30,7.50
5030,The Hustler,Drama,Robert Rossen,1961,134,12,2022-04-27 10:30,7.00
5031,Twelve Monkeys,Mystery,Terry Gilliam,1995,129,12,2022-04-26 15:30,8.00
5032,Ordinary People,Drama,Robert Redford,1980,124,0,2022-04-26 12:30,8.00
5033,Days of Heaven,Drama,Terrence Malick,1978,94,6,2022-04-26 10:00,6.50
5034,Days of Heaven,Drama,Terrence Malick,1978,94,6,2022-04-25 12:30,8.50
5035,Le samouraï,Crime,Jean-Pierre Melville,1967,105,12,2022-04-25 10:00,6.50
5036,Fear and Loathing in Las Vegas,Adventure,Terry Gilliam,1998,118,16,2022-04-24 16:30,8.50
5037,Fried Green Tomatoes,Drama,Jon Avnet,1991,130,12,2022-04-24 13:30,6.50
5038,Catch Me If You Can,Biography,Steven Spielberg,2002,141,12,2022-04-24 10:00,8.50
5039,Carlito's Way,Crime,Brian De Palma,1993,144,12,2022-04-23 16:30,7.00
5040,Repulsion,Drama,Roman Polanski,1965,105,12,2022-04-23 14:00,8.00
5041,Dil Chahta Hai,Comedy,Farhan Akhtar,2001,183,12,2022-04-23 10:00,6.50
5042,"Shin seiki Evangelion Gekijô-ban: Air/Magokoro wo, kimi ni",Animation,Hideaki Anno,1997,87,12,2022-04-22 12:30,8.00
5043,Le samouraï,Crime,Jean-Pierre Melville,1967,105,12,2022-04-22 10:00,7.50
5044,The Lost Weekend,Drama,Billy Wilder,1945,101,12,2022-04-21 10:00,8.50
5045,Le samouraï,Crime,Jean-Pierre Melville,1967,105,12,2022-04-20 12:30,8.00
5046,Days of Heaven,Drama,Terrence Malick,1978,94,6,2022-04-20 10:00,7.50
5047,The Wizard of Oz,Adventure,Victor Fleming,1939,102,0,2022-04-19 10:00,8.50
5048,Omohide poro poro,Animation,Isao Takahata,1991,118,0,2022-04-18 13:30,8.00
5049,Omohide poro poro,Animation,Isao Takahata,1991,118,0,2022-04-18 10:30,7.00
5050,Le samouraï,Crime,Jean-Pierre Melville,1967,105,12,2022-04-17 16:00,8.50
5051,Carlito's Way,Crime,Brian De Palma,1993,144,12,2022-04-17 13:00,8.00
5052,12 Angry Men,Crime,Sidney Lumet,1957,96,0,2022-04-17 10:30,8.00
5053,12 Angry Men,Crime,Sidney Lumet,1957,96,0,2022-04-16 19:30,9.50
5054,The Big Lebowski,Comedy,Joel Coen,1998,117,16,2022-04-16 16:30,7.50
5055,Das Experiment,Drama,Oliver Hirschbiegel,2001,120,16,2022-04-16 13:30,6.50
5056,Das Experiment,Drama,Oliver Hirschbiegel,2001,120,16,2022-04-16 10:30,8.50
5057,Alien,Horror,Ridley Scott,1979,117,16,2022-04-15 16:30,8.50
5058,Fried Green Tomatoes,Drama,Jon Avnet,1991,130,12,2022-04-15 13:30,8.50
5059,Tombstone,Action,George P. Cosmatos,1993,130,16,2022-04-15 10:30,7.50
5060,Harry Potter and the Sorcerer's Stone,Adventure,Chris Columbus,2001,152,0,2022-04-14 13:00,8.00
5061,The Royal Tenenbaums,Comedy,Wes Anderson,2001,110,12,2022-04-14 10:30,7.50
5062,Harry Potter and the Sorcerer's Stone,Adventure,Chris Columbus,2001,152,0,2022-04-13 10:30,8.50
5063,Dom za vesanje,Comedy,Emir Kusturica,1988,142,16,2022-04-12 10:00,7.50
5064,Harry Potter and the Sorcerer's Stone,Adventure,Chris Columbus,2001,152,0,2022-04-11 10:30,6.50
5065,"Shin seiki Evangelion Gekijô-ban: Air/Magokoro wo, kimi ni",Animation,Hideaki Anno,1997,87,12,2022-04-10 20:00,10.00
5066,The Godfather,Crime,Francis Ford Coppola,1972,175,12,2022-04-10 16:00,7.50
5067,Kumonosu-jô,Drama,Akira Kurosawa,1957,110,12,2022-04-10 13:30,8.50
5068,Tombstone,Action,George P. Cosmatos,1993,130,16,2022-04-10 10:30,7.00
5069,Tombstone,Action,George P. Cosmatos,1993,130,16,2022-04-09 16:30,6.50
5070,The Birds,Drama,Alfred Hitchcock,1963,119,12,2022-04-09 13:30,7.50
5071,Harry Potter and the Sorcerer's Stone,Adventure,Chris Columbus,2001,152,0,2022-04-09 10:00,7.50
5072,When Harry Met Sally...,Comedy,Rob Reiner,1989,95,12,2022-04-08 12:30,7.50
5073,The Wizard of Oz,Adventure,Victor Fleming,1939,102,0,2022-04-08 10:00,8.00
5074,Kind Hearts and Coronets,Comedy,Robert Hamer,1949,106,0,2022-04-07 12:30,6.50
5075,Tonari no Totoro,Animation,Hayao Miyazaki,1988,86,0,2022-04-07 10:00,7.50
5076,Kumonosu-jô,Drama,Akira Kurosawa,1957,110,12,2022-04-06 13:00,8.00
5077,12 Angry Men,Crime,Sidney Lumet,1957,96,0,2022-04-06 10:30,6.50
5078,Annie Hall,Comedy,Woody Allen,1977,93,12,2022-04-05 13:30,8.50
5079,Carlito's Way,Crime,Brian De Palma,1993,144,12,2022-04-05 10:00,8.00
5080,Once Were Warriors,Crime,Lee Tamahori,1994,102,12,2022-04-04 12:00,7.50
5081,Pâfekuto burû,Animation,Satoshi Kon,1997,81,12,2022-04-04 10:00,8.00
5082,Sabrina,Comedy,Billy Wilder,1954,113,12,2022-04-03 17:30,8.00
5083,A Little Princess,Drama,Alfonso Cuarón,1995,97,0,2022-04-03 15:00,6.50
5084,Tonari no Totoro,Animation,Hayao Miyazaki,1988,86,0,2022-04-03 13:00,6.50
5085,The Lady Vanishes,Mystery,Alfred Hitchcock,1938,96,12,2022-04-03 10:30,6.50
5086,M - Eine Stadt sucht einen Mörder,Crime,Fritz Lang,1931,117,12,2022-04-02 15:30,8.00
5087,The Lady Vanishes,Mystery,Alfred Hitchcock,1938,96,12,2022-04-02 13:00,8.00
5088,Blue Velvet,Drama,David Lynch,1986,120,12,2022-04-02 10:00,7.00
5089,Annie Hall,Comedy,Woody Allen,1977,93,12,2022-04-01 13:00,6.50
5090,The Big Lebowski,Comedy,Joel Coen,1998,117,16,2022-04-01 10:00,7.00
5091,Tombstone,Action,George P. Cosmatos,1993,130,16,2022-03-31 10:30,8.50
5092,Alien,Horror,Ridley Scott,1979,117,16,2022-03-30 13:00,7.50
5093,Smultronstället,Drama,Ingmar Bergman,1957,91,0,2022-03-30 10:30,7.00
5094,"Shin seiki Evangelion Gekijô-ban: Air/Magokoro wo, kimi ni",Animation,Hideaki Anno,1997,87,12,2022-03-29 10:00,8.00
5095,"Shin seiki Evangelion Gekijô-ban: Air/Magokoro wo, kimi ni",Animation,Hideaki Anno,1997,87,12,2022-03-28 17:00,8.00
5096,Tombstone,Action,George P. Cosmatos,1993,130,16,2022-03-28 14:00,7.00
5097,The Shining,Drama,Stanley Kubrick,1980,146,12,2022-03-28 10:30,8.50
5098,M - Eine Stadt sucht einen Mörder,Crime,Fritz Lang,1931,117,12,2022-03-27 19:00,9.00
5099,Ocean's Eleven,Crime,Steven Soderbergh,2001,116,12,2022-03-27 16:30,8.50
5100,Idi i smotri,Drama,Elem Klimov,1985,142,12,2022-03-27 13:30,7.50
5101,A Few Good Men,Drama,Rob Reiner,1992,138,0,2022-03-27 10:30,7.00
5102,A Few Good Men,Drama,Rob Reiner,1992,138,0,2022-03-26 15:30,7.00
5103,La règle du jeu,Comedy,Jean Renoir,1939,110,12,2022-03-26 13:00,8.00
5104,Star Trek II: The Wrath of Khan,Action,Nicholas Meyer,1982,113,0,2022-03-26 10:00,8.50
5105,Das Experiment,Drama,Oliver Hirschbiegel,2001,120,16,2022-03-25 10:30,8.00
5106,The Godfather,Crime,Francis Ford Coppola,1972,175,12,2022-03-24 10:30,8.50
5107,Star Trek II: The Wrath of Khan,Action,Nicholas Meyer,1982,113,0,2022-03-23 10:30,7.50
5108,Ocean's Eleven,Crime,Steven Soderbergh,2001,116,12,2022-03-22 16:00,8.00
5109,All About Eve,Drama,Joseph L. Mankiewicz,1950,138,12,2022-03-22 13:00,8.00
5110,Tombstone,Action,George P. Cosmatos,1993,130,16,2022-03-22 10:00,6.50
5111,The Breakfast Club,Comedy,John Hughes,1985,97,12,2022-03-21 10:30,7.00
5112,Star Trek II: The Wrath of Khan,Action,Nicholas Meyer,1982,113,0,2022-03-20 15:00,8.50
5113,The Wizard of Oz,Adventure,Victor Fleming,1939,102,0,2022-03-20 12:30,8.50
5114,The Ladykillers,Comedy,Alexander Mackendrick,1955,91,12,2022-03-20 10:00,7.00
5115,A Little Princess,Drama,Alfonso Cuarón,1995,97,0,2022-03-19 18:00,9.00
5116,The Breakfast Club,Comedy,John Hughes,1985,97,12,2022-03-19 15:30,8.50
5117,The Ladykillers,Comedy,Alexander Mackendrick,1955,91,12,2022-03-19 13:00,7.00
5118,The Ladykillers,Comedy,Alexander Mackendrick,1955,91,12,2022-03-19 10:30,7.50
5119,The Wizard of Oz,Adventure,Victor Fleming,1939,102,0,2022-03-18 15:00,8.50
5120,A Little Princess,Drama,Alfonso Cuarón,1995,97,0,2022-03-18 12:30,6.50
5121,Dial M for Murder,Crime,Alfred Hitchcock,1954,105,12,2022-03-18 10:00,6.50
5122,The Wizard of Oz,Adventure,Victor Fleming,1939,102,0,2022-03-17 10:30,8.50
5123,The Godfather,Crime,Francis Ford Coppola,1972,175,12,2022-03-16 16:00,8.50
5124,Sabrina,Comedy,Billy Wilder,1954,113,12,2022-03-16 13:00,8.50
5125,Amélie,Comedy,Jean-Pierre Jeunet,2001,122,0,2022-03-16 10:00,8.00
5126,Star Trek II: The Wrath of Khan,Action,Nicholas Meyer,1982,113,0,2022-03-15 10:30,7.00
5127,Smultronstället,Drama,Ingmar Bergman,1957,91,0,2022-03-14 16:30,6.50
5128,The Ladykillers,Comedy,Alexander Mackendrick,1955,91,12,2022-03-14 14:00,8.00
5129,The Godfather,Crime,Francis Ford Coppola,1972,175,12,2022-03-14 10:30,7.50
5130,The Shining,Drama,Stanley Kubrick,1980,146,12,2022-03-13 15:00,7.50
5131,A Little Princess,Drama,Alfonso Cuarón,1995,97,0,2022-03-13 12:30,7.50
5132,The Killing,Crime,Stanley Kubrick,1956,84,12,2022-03-13 10:00,8.00
5133,The Big Lebowski,Comedy,Joel Coen,1998,117,16,2022-03-12 17:30,8.50
5134,The Godfather,Crime,Francis Ford Coppola,1972,175,12,2022-03-12 13:30,7.00
5135,A Few Good Men,Drama,Rob Reiner,1992,138,0,2022-03-12 10:30,7.50
5136,12 Angry Men,Crime,Sidney Lumet,1957,96,0,2022-03-11 16:00,7.00
5137,Amélie,Comedy,Jean-Pierre Jeunet,2001,122,0,2022-03-11 13:00,8.50
5138,Casablanca,Drama,Michael Curtiz,1942,102,0,2022-03-11 10:30,8.00
5139,Star Trek II: The Wrath of Khan,Action,Nicholas Meyer,1982,113,0,2022-03-10 10:30,6.50
5140,The Shining,Drama,Stanley Kubrick,1980,146,12,2022-03-09 13:00,8.00
5141,Casablanca,Drama,Michael Curtiz,1942,102,0,2022-03-09 10:30,8.50
5142,Rain Man,Drama,Barry Levinson,1988,133,0,2022-03-08 16:00,8.00
5143,Rain Man,Drama,Barry Levinson,1988,133,0,2022-03-08 13:00,8.00
5144,Amélie,Comedy,Jean-Pierre Jeunet,2001,122,0,2022-03-08 10:00,6.50
5145,The Breakfast Club,Comedy,John Hughes,1985,97,12,2022-03-07 10:30,8.50
5146,Casablanca,Drama,Michael Curtiz,1942,102,0,2022-03-06 19:00,9.50
5147,Blue Velvet,Drama,David Lynch,1986,120,12,2022-03-06 16:00,8.50
5148,Smultronstället,Drama,Ingmar Bergman,1957,91,0,2022-03-06 13:30,7.00
5149,The Shining,Drama,Stanley Kubrick,1980,146,12,2022-03-06 10:00,8.50
5150,Casablanca,Drama,Michael Curtiz,1942,102,0,2022-03-05 17:00,8.00
5151,All About Eve,Drama,Joseph L. Mankiewicz,1950,138,12,2022-03-05 13:30,6.50
5152,Amélie,Comedy,Jean-Pierre Jeunet,2001,122,0,2022-03-05 10:30,7.50
5153,Giant,Drama,George Stevens,1956,201,0,2022-03-04 15:30,8.50
5154,Smultronstället,Drama,Ingmar Bergman,1957,91,0,2022-03-04 13:00,8.50
5155,Boksuneun naui geot,Crime,Chan-wook Park,2002,129,16,2022-03-04 10:00,7.50
5156,The Others,Horror,Alejandro Amenábar,2001,101,12,2022-03-03 15:30,8.00
5157,Sabrina,Comedy,Billy Wilder,1954,113,12,2022-03-03 13:00,6.50
5158,A Few Good Men,Drama,Rob Reiner,1992,138,0,2022-03-03 10:00,7.50
5159,Smultronstället,Drama,Ingmar Bergman,1957,91,0,2022-03-02 12:30,7.50
5160,Wait Until Dark,Thriller,Terence Young,1967,108,12,2022-03-02 10:00,7.50
5161,Smultronstället,Drama,Ingmar Bergman,1957,91,0,2022-03-01 16:30,6.50
5162,The Birds,Drama,Alfred Hitchcock,1963,119,12,2022-03-01 13:30,7.00
5163,Blue Velvet,Drama,David Lynch,1986,120,12,2022-03-01 10:30,8.00
5164,Taxi Driver,Crime,Martin Scorsese,1976,114,12,2022-02-28 16:00,8.50
5165,Amélie,Comedy,Jean-Pierre Jeunet,2001,122,0,2022-02-28 13:00,8.50
5166,All About Eve,Drama,Joseph L. Mankiewicz,1950,138,12,2022-02-28 10:00,8.50
5167,The Ladykillers,Comedy,Alexander Mackendrick,1955,91,12,2022-02-27 16:00,7.00
5168,Blue Velvet,Drama,David Lynch,1986,120,12,2022-02-27 13:00,6.50
5169,A Few Good Men,Drama,Rob Reiner,1992,138,0,2022-02-27 10:00,6.50
5170,Amélie,Comedy,Jean-Pierre Jeunet,2001,122,0,2022-02-26 18:30,8.50
5171,The Adventures of Robin Hood,Action,Michael Curtiz,1938,102,6,2022-02-26 16:00,6.50
5172,Dial M for Murder,Crime,Alfred Hitchcock,1954,105,12,2022-02-26 13:30,6.50
5173,Sabrina,Comedy,Billy Wilder,1954,113,12,2022-02-26 10:30,6.50
5174,Rain Man,Drama,Barry Levinson,1988,133,0,2022-02-25 13:00,8.50
5175,The Birds,Drama,Alfred Hitchcock,1963,119,12,2022-02-25 10:30,8.00
5176,Smultronstället,Drama,Ingmar Bergman,1957,91,0,2022-02-24 10:00,8.50
5177,The Killing,Crime,Stanley Kubrick,1956,84,12,2022-02-23 10:00,7.00
5178,Rocky,Drama,John G. Avildsen,1976,120,0,2022-02-22 10:30,6.50
5179,A Few Good Men,Drama,Rob Reiner,1992,138,0,2022-02-21 16:00,8.50
5180,In the Name of the Father,Biography,Jim Sheridan,1993,133,12,2022-02-21 13:00,7.00
5181,The Adventures of Robin Hood,Action,Michael Curtiz,1938,102,6,2022-02-21 10:30,8.50
5182,The Adventures of Robin Hood,Action,Michael Curtiz,1938,102,6,2022-02-20 18:30,9.00
5183,The Breakfast Club,Comedy,John Hughes,1985,97,12,2022-02-20 16:00,7.00
5184,Rocky,Drama,John G. Avildsen,1976,120,0,2022-02-20 13:00,7.50
5185,The Breakfast Club,Comedy,John Hughes,1985,97,12,2022-02-20 10:30,7.00
5186,Sleuth,Mystery,Joseph L. Mankiewicz,1972,138,6,2022-02-19 20:00,9.00
5187,The Breakfast Club,Comedy,John Hughes,1985,97,12,2022-02-19 17:30,8.00
5188,Shadow of a Doubt,Film-Noir,Alfred Hitchcock,1943,108,6,2022-02-19 15:00,7.50
5189,Giant,Drama,George Stevens,1956,201,0,2022-02-19 10:30,7.50
5190,The Breakfast Club,Comedy,John Hughes,1985,97,12,2022-02-18 15:30,7.50
5191,The Breakfast Club,Comedy,John Hughes,1985,97,12,2022-02-18 13:00,6.50
5192,Blood Simple,Crime,Joel Coen,1984,99,12,2022-02-18 10:30,8.50
5193,The Breakfast Club,Comedy,John Hughes,1985,97,12,2022-02-17 10:00,8.50
5194,A Few Good Men,Drama,Rob Reiner,1992,138,0,2022-02-16 10:00,7.00
5195,The Kid,Comedy,Charles Chaplin,1921,68,12,2022-02-15 12:30,8.00
5196,Rocky,Drama,John G. Avildsen,1976,120,0,2022-02-15 10:00,8.00
5197,Rain Man,Drama,Barry Levinson,1988,133,0,2022-02-14 13:30,8.00
5198,Sleuth,Mystery,Joseph L. Mankiewicz,1972,138,6,2022-02-14 10:30,8.50
5199,Rain Man,Drama,Barry Levinson,1988,133,0,2022-02-13 16:30,6.50
5200,Boksuneun naui geot,Crime,Chan-wook Park,2002,129,16,2022-02-13 13:30,7.00
5201,28 Days Later...,Drama,Danny Boyle,2002,113,12,2022-02-13 10:30,6.50
5202,The Kid,Comedy,Charles Chaplin,1921,68,12,2022-02-12 18:30,9.50
5203,The Others,Horror,Alejandro Amenábar,2001,101,12,2022-02-12 16:00,8.50
5204,In the Name of the Father,Biography,Jim Sheridan,1993,133,12,2022-02-12 13:00,8.00
5205,A Few Good Men,Drama,Rob Reiner,1992,138,0,2022-02-12 10:00,6.50
5206,True Romance,Crime,Tony Scott,1993,119,16,2022-02-11 10:00,6.50
5207,Shadow of a Doubt,Film-Noir,Alfred Hitchcock,1943,108,6,2022-02-10 16:00,6.50
5208,Sleuth,Mystery,Joseph L. Mankiewicz,1972,138,6,2022-02-10 13:00,7.00
5209,In the Name of the Father,Biography,Jim Sheridan,1993,133,12,2022-02-10 10:00,6.50
5210,Spartacus,Adventure,Stanley Kubrick,1960,197,12,2022-02-09 17:00,6.50
5211,Boksuneun naui geot,Crime,Chan-wook Park,2002,129,16,2022-02-09 14:00,6.50
5212,Spartacus,Adventure,Stanley Kubrick,1960,197,12,2022-02-09 10:00,8.50
5213,The Boondock Saints,Action,Troy Duffy,1999,108,16,2022-02-08 14:00,7.00
5214,Spartacus,Adventure,Stanley Kubrick,1960,197,12,2022-02-08 10:00,7.00
5215,Doctor Zhivago,Drama,David Lean,1965,197,12,2022-02-07 16:00,8.00
5216,The Others,Horror,Alejandro Amenábar,2001,101,12,2022-02-07 13:30,8.00
5217,A Few Good Men,Drama,Rob Reiner,1992,138,0,2022-02-07 10:30,7.00
5218,The Others,Horror,Alejandro Amenábar,2001,101,12,2022-02-06 15:30,6.50
5219,A Few Good Men,Drama,Rob Reiner,1992,138,0,2022-02-06 12:30,6.50
5220,Blood Simple,Crime,Joel Coen,1984,99,12,2022-02-06 10:00,8.50
5221,Boksuneun naui geot,Crime,Chan-wook Park,2002,129,16,2022-02-05 19:00,9.00
5222,Boksuneun naui geot,Crime,Chan-wook Park,2002,129,16,2022-02-05 16:00,7.50
5223,The Others,Horror,Alejandro Amenábar,2001,101,12,2022-02-05 13:30,7.50
5224,Rain Man,Drama,Barry Levinson,1988,133,0,2022-02-05 10:30,8.00
5225,The Kid,Comedy,Charles Chaplin,1921,68,12,2022-02-04 10:00,7.00
5226,Rocky,Drama,John G. Avildsen,1976,120,0,2022-02-03 13:00,6.50
5227,True Romance,Crime,Tony Scott,1993,119,16,2022-02-03 10:00,8.00
5228,Rocky,Drama,John G. Avildsen,1976,120,0,2022-02-02 13:00,8.00
5229,Boksuneun naui geot,Crime,Chan-wook Park,2002,129,16,2022-02-02 10:00,7.50
5230,Freaks,Drama,Tod Browning,1932,64,12,2022-02-01 10:00,7.50
5231,The Boondock Saints,Action,Troy Duffy,1999,108,16,2022-01-31 17:00,8.00
5232,Spartacus,Adventure,Stanley Kubrick,1960,197,12,2022-01-31 12:30,8.00
5233,Blood Simple,Crime,Joel Coen,1984,99,12,2022-01-31 10:00,7.50
5234,Aladdin,Animation,Ron Clements,1992,90,0,2022-01-30 16:00,6.50
5235,The Usual Suspects,Crime,Bryan Singer,1995,106,12,2022-01-30 13:30,6.50
5236,Boksuneun naui geot,Crime,Chan-wook Park,2002,129,16,2022-01-30 10:30,7.00
5237,Doctor Zhivago,Drama,David Lean,1965,197,12,2022-01-29 15:30,6.50
5238,Aladdin,Animation,Ron Clements,1992,90,0,2022-01-29 13:00,7.00
5239,Blood Simple,Crime,Joel Coen,1984,99,12,2022-01-29 10:30,8.50
5240,Rain Man,Drama,Barry Levinson,1988,133,0,2022-01-28 17:00,6.50
5241,Spartacus,Adventure,Stanley Kubrick,1960,197,12,2022-01-28 13:00,8.50
5242,The Adventures of Robin Hood,Action,Michael Curtiz,1938,102,6,2022-01-28 10:30,6.50
5243,The Usual Suspects,Crime,Bryan Singer,1995,106,12,2022-01-27 10:30,7.50
5244,Freaks,Drama,Tod Browning,1932,64,12,2022-01-26 10:30,7.50
5245,The Adventures of Robin Hood,Action,Michael Curtiz,1938,102,6,2022-01-25 17:00,7.00
5246,Spartacus,Adventure,Stanley Kubrick,1960,197,12,2022-01-25 12:30,8.00
5247,28 Days Later...,Drama,Danny Boyle,2002,113,12,2022-01-25 10:00,8.50
5248,The Kid,Comedy,Charles Chaplin,1921,68,12,2022-01-24 17:30,7.50
5249,28 Days Later...,Drama,Danny Boyle,2002,113,12,2022-01-24 14:30,7.00
5250,Schindler's List,Biography,Steven Spielberg,1993,195,12,2022-01-24 10:30,7.00
5251,The Nightmare Before Christmas,Animation,Henry Selick,1993,76,0,2022-01-23 17:00,7.00
5252,Freaks,Drama,Tod Browning,1932,64,12,2022-01-23 15:00,8.00
5253,Freaks,Drama,Tod Browning,1932,64,12,2022-01-23 13:00,6.50
5254,Sleuth,Mystery,Joseph L. Mankiewicz,1972,138,6,2022-01-23 10:00,8.50
5255,Boksuneun naui geot,Crime,Chan-wook Park,2002,129,16,2022-01-22 18:30,8.50
5256,Clerks,Comedy,Kevin Smith,1994,92,16,2022-01-22 16:00,7.00
5257,Shadow of a Doubt,Film-Noir,Alfred Hitchcock,1943,108,6,2022-01-22 13:30,7.50
5258,Rain Man,Drama,Barry Levinson,1988,133,0,2022-01-22 10:30,8.00
5259,Shadow of a Doubt,Film-Noir,Alfred Hitchcock,1943,108,6,2022-01-21 10:30,8.50
5260,Aladdin,Animation,Ron Clements,1992,90,0,2022-01-20 15:00,6.50
5261,Aladdin,Animation,Ron Clements,1992,90,0,2022-01-20 12:30,6.50
5262,The Adventures of Robin Hood,Action,Michael Curtiz,1938,102,6,2022-01-20 10:00,7.50
5263,The Nightmare Before Christmas,Animation,Henry Selick,1993,76,0,2022-01-19 18:00,8.50
5264,Lagaan: Once Upon a Time in India,Adventure,Ashutosh Gowariker,2001,224,0,2022-01-19 13:30,6.50
5265,Druk,Comedy,Thomas Vinterberg,2020,117,12,2022-01-19 10:30,7.50
5266,The Kid,Comedy,Charles Chaplin,1921,68,12,2022-01-18 15:30,7.00
5267,Mulan,Animation,Tony Bancroft,1998,88,0,2022-01-18 13:00,7.50
5268,E.T. the Extra-Terrestrial,Family,Steven Spielberg,1982,115,0,2022-01-18 10:00,7.50
5269,The Great Dictator,Comedy,Charles Chaplin,1940,125,12,2022-01-17 14:30,8.00
5270,The Nightmare Before Christmas,Animation,Henry Selick,1993,76,0,2022-01-17 12:30,8.00
5271,"Aguirre, der Zorn Gottes",Action,Werner Herzog,1972,95,12,2022-01-17 10:00,8.00
5272,Freaks,Drama,Tod Browning,1932,64,12,2022-01-16 18:00,9.50
5273,The Usual Suspects,Crime,Bryan Singer,1995,106,12,2022-01-16 15:30,6.50
5274,The Great Dictator,Comedy,Charles Chaplin,1940,125,12,2022-01-16 12:30,6.50
5275,Mulan,Animation,Tony Bancroft,1998,88,0,2022-01-16 10:00,7.00
5276,The Muppet Christmas Carol,Comedy,Brian Henson,1992,85,0,2022-01-15 20:00,10.00
5277,The Great Dictator,Comedy,Charles Chaplin,1940,125,12,2022-01-15 17:00,8.50
5278,Schindler's List,Biography,Steven Spielberg,1993,195,12,2022-01-15 13:00,7.00
5279,"Crna macka, beli macor",Comedy,Emir Kusturica,1998,127,16,2022-01-15 10:00,8.50
5280,Sleuth,Mystery,Joseph L. Mankiewicz,1972,138,6,2022-01-14 13:00,8.00
5281,Clerks,Comedy,Kevin Smith,1994,92,16,2022-01-14 10:30,6.50
5282,Druk,Comedy,Thomas Vinterberg,2020,117,12,2022-01-13 15:30,8.50
5283,Mulan,Animation,Tony Bancroft,1998,88,0,2022-01-13 13:30,7.50
5284,The Usual Suspects,Crime,Bryan Singer,1995,106,12,2022-01-13 10:30,8.00
5285,Rosemary's Baby,Drama,Roman Polanski,1968,137,12,2022-01-12 15:30,6.50
5286,The Great Dictator,Comedy,Charles Chaplin,1940,125,12,2022-01-12 12:30,7.50
5287,The Boondock Saints,Action,Troy Duffy,1999,108,16,2022-01-12 10:00,6.50
5288,The Great Dictator,Comedy,Charles Chaplin,1940,125,12,2022-01-11 16:00,6.50
5289,The Nightmare Before Christmas,Animation,Henry Selick,1993,76,0,2022-01-11 13:30,8.50
5290,Boksuneun naui geot,Crime,Chan-wook Park,2002,129,16,2022-01-11 10:30,8.50
5291,Aladdin,Animation,Ron Clements,1992,90,0,2022-01-10 12:30,8.00
5292,Freaks,Drama,Tod Browning,1932,64,12,2022-01-10 10:30,7.00
5293,Rosemary's Baby,Drama,Roman Polanski,1968,137,12,2022-01-09 18:30,10.00
5294,The Great Dictator,Comedy,Charles Chaplin,1940,125,12,2022-01-09 15:30,8.00
5295,The Royal Tenenbaums,Comedy,Wes Anderson,2001,110,12,2022-01-09 13:00,6.50
5296,"Crna macka, beli macor",Comedy,Emir Kusturica,1998,127,16,2022-01-09 10:00,7.50
5297,Hamlet,Drama,Kenneth Branagh,1996,242,12,2022-01-08 17:30,7.00
5298,Freaks,Drama,Tod Browning,1932,64,12,2022-01-08 15:30,8.50
5299,E.T. the Extra-Terrestrial,Family,Steven Spielberg,1982,115,0,2022-01-08 13:00,7.00
5300,The Great Dictator,Comedy,Charles Chaplin,1940,125,12,2022-01-08 10:00,8.50
5301,The Straight Story,Biography,David Lynch,1999,112,0,2022-01-07 15:30,7.50
5302,The Muppet Christmas Carol,Comedy,Brian Henson,1992,85,0,2022-01-07 13:30,7.50
5303,Boksuneun naui geot,Crime,Chan-wook Park,2002,129,16,2022-01-07 10:30,7.00
5304,True Romance,Crime,Tony Scott,1993,119,16,2022-01-06 10:30,7.00
5305,Star Trek II: The Wrath of Khan,Action,Nicholas Meyer,1982,113,0,2022-01-05 15:30,7.50
5306,Planet of the Apes,Adventure,Franklin J. Schaffner,1968,112,0,2022-01-05 13:00,8.50
5307,Clerks,Comedy,Kevin Smith,1994,92,16,2022-01-05 10:30,8.50
5308,Lagaan: Once Upon a Time in India,Adventure,Ashutosh Gowariker,2001,224,0,2022-01-04 13:00,7.00
5309,True Romance,Crime,Tony Scott,1993,119,16,2022-01-04 10:00,7.00
5310,Mimi wo sumaseba,Animation,Yoshifumi Kondô,1995,111,0,2022-01-03 12:30,7.00
5311,The Nightmare Before Christmas,Animation,Henry Selick,1993,76,0,2022-01-03 10:30,8.00
5312,Boksuneun naui geot,Crime,Chan-wook Park,2002,129,16,2022-01-02 19:30,9.50
5313,Boksuneun naui geot,Crime,Chan-wook Park,2002,129,16,2022-01-02 16:30,8.50
5314,Cowboy Bebop: Tengoku no tobira,Animation,Shin'ichirô Watanabe,2001,115,0,2022-01-02 13:30,8.00
5315,"Crna macka, beli macor",Comedy,Emir Kusturica,1998,127,16,2022-01-02 10:30,8.50
5316,"Aguirre, der Zorn Gottes",Action,Werner Herzog,1972,95,12,2022-01-01 18:00,8.50
5317,Boksuneun naui geot,Crime,Chan-wook Park,2002,129,16,2022-01-01 15:00,8.50
5318,Aladdin,Animation,Ron Clements,1992,90,0,2022-01-01 12:30,7.50
5319,The Nightmare Before Christmas,Animation,Henry Selick,1993,76,0,2022-01-01 10:30,8.00
5320,True Romance,Crime,Tony Scott,1993,119,16,2021-12-31 16:00,7.50
5321,E.T. the Extra-Terrestrial,Family,Steven Spielberg,1982,115,0,2021-12-31 13:00,8.00
5322,The Royal Tenenbaums,Comedy,Wes Anderson,2001,110,12,2021-12-31 10:00,6.50
5323,Aladdin,Animation,Ron Clements,1992,90,0,2021-12-30 16:00,6.50
5324,The Royal Tenenbaums,Comedy,Wes Anderson,2001,110,12,2021-12-30 13:00,8.50
5325,Druk,Comedy,Thomas Vinterberg,2020,117,12,2021-12-30 10:00,7.00
5326,Clerks,Comedy,Kevin Smith,1994,92,16,2021-12-29 12:30,7.50
5327,Aladdin,Animation,Ron Clements,1992,90,0,2021-12-29 10:30,8.50
5328,The Muppet Christmas Carol,Comedy,Brian Henson,1992,85,0,2021-12-28 17:30,8.50
5329,Mimi wo sumaseba,Animation,Yoshifumi Kondô,1995,111,0,2021-12-28 15:00,7.00
5330,Hamlet,Drama,Kenneth Branagh,1996,242,12,2021-12-28 10:00,8.00
5331,Mississippi Burning,Crime,Alan Parker,1988,128,12,2021-12-27 12:30,7.50
5332,Snatch,Comedy,Guy Ritchie,2000,104,12,2021-12-27 10:00,7.00
5333,Lagaan: Once Upon a Time in India,Adventure,Ashutosh Gowariker,2001,224,0,2021-12-26 19:30,9.50
5334,E.T. the Extra-Terrestrial,Family,Steven Spielberg,1982,115,0,2021-12-26 16:30,8.00
5335,Das Boot,Adventure,Wolfgang Petersen,1981,149,16,2021-12-26 13:00,8.50
5336,Star Trek II: The Wrath of Khan,Action,Nicholas Meyer,1982,113,0,2021-12-26 10:00,7.50
5337,Star Trek II: The Wrath of Khan,Action,Nicholas Meyer,1982,113,0,2021-12-25 18:00,8.50
5338,True Romance,Crime,Tony Scott,1993,119,16,2021-12-25 15:00,8.00
5339,Ghostbusters,Action,Ivan Reitman,1984,105,12,2021-12-25 12:30,7.00
5340,Planet of the Apes,Adventure,Franklin J. Schaffner,1968,112,0,2021-12-25 10:00,6.50
5341,Das Boot,Adventure,Wolfgang Petersen,1981,149,16,2021-12-24 10:30,8.50
5342,Das Boot,Adventure,Wolfgang Petersen,1981,149,16,2021-12-23 17:30,8.00
5343,Platoon,Drama,Oliver Stone,1986,120,12,2021-12-23 14:30,6.50
5344,Schindler's List,Biography,Steven Spielberg,1993,195,12,2021-12-23 10:30,8.00
5345,Il postino,Biography,Michael Radford,1994,108,0,2021-12-22 12:30,8.00
5346,"Aguirre, der Zorn Gottes",Action,Werner Herzog,1972,95,12,2021-12-22 10:00,8.50
5347,Aladdin,Animation,Ron Clements,1992,90,0,2021-12-21 15:30,7.00
5348,True Romance,Crime,Tony Scott,1993,119,16,2021-12-21 12:30,6.50
5349,The Muppet Christmas Carol,Comedy,Brian Henson,1992,85,0,2021-12-21 10:00,7.00
5350,Druk,Comedy,Thomas Vinterberg,2020,117,12,2021-12-20 12:30,8.00
5351,Il postino,Biography,Michael Radford,1994,108,0,2021-12-20 10:00,7.50
5352,Rosemary's Baby,Drama,Roman Polanski,1968,137,12,2021-12-19 18:00,8.50
5353,Il postino,Biography,Michael Radford,1994,108,0,2021-12-19 15:30,7.50
5354,Planet of the Apes,Adventure,Franklin J. Schaffner,1968,112,0,2021-12-19 12:30,8.00
5355,Star Trek II: The Wrath of Khan,Action,Nicholas Meyer,1982,113,0,2021-12-19 10:00,8.50
5356,Clerks,Comedy,Kevin Smith,1994,92,16,2021-12-18 16:00,7.00
5357,The Straight Story,Biography,David Lynch,1999,112,0,2021-12-18 13:30,8.50
5358,Full Metal Jacket,Drama,Stanley Kubrick,1987,116,12,2021-12-18 10:30,8.00
5359,Mississippi Burning,Crime,Alan Parker,1988,128,12,2021-12-17 16:00,7.50
5360,"Il buono, il brutto, il cattivo",Western,Sergio Leone,1966,161,12,2021-12-17 12:30,7.50
5361,Klaus,Animation,Sergio Pablos,2019,96,6,2021-12-17 10:00,8.00
5362,Star Trek II: The Wrath of Khan,Action,Nicholas Meyer,1982,113,0,2021-12-16 16:00,8.00
5363,Kakushi-toride no san-akunin,Adventure,Akira Kurosawa,1958,139,12,2021-12-16 13:00,7.00
5364,Aladdin,Animation,Ron Clements,1992,90,0,2021-12-16 10:30,8.00
5365,Star Trek II: The Wrath of Khan,Action,Nicholas Meyer,1982,113,0,2021-12-15 15:30,8.00
5366,Mimi wo sumaseba,Animation,Yoshifumi Kondô,1995,111,0,2021-12-15 13:00,7.00
5367,Aladdin,Animation,Ron Clements,1992,90,0,2021-12-15 10:30,7.50
5368,Predator,Action,John McTiernan,1987,107,12,2021-12-14 10:00,8.50
5369,Cowboy Bebop: Tengoku no tobira,Animation,Shin'ichirô Watanabe,2001,115,0,2021-12-13 16:30,8.00
5370,Paths of Glory,Drama,Stanley Kubrick,1957,88,12,2021-12-13 14:00,7.00
5371,The Message,Biography,Moustapha Akkad,1976,177,6,2021-12-13 10:00,8.00
5372,The Muppet Christmas Carol,Comedy,Brian Henson,1992,85,0,2021-12-12 20:00,8.50
5373,Hamlet,Drama,Kenneth Branagh,1996,242,12,2021-12-12 15:00,6.50
5374,Lagaan: Once Upon a Time in India,Adventure,Ashutosh Gowariker,2001,224,0,2021-12-12 10:30,7.00
5375,Il postino,Biography,Michael Radford,1994,108,0,2021-12-11 18:30,8.50
5376,True Romance,Crime,Tony Scott,1993,119,16,2021-12-11 15:30,8.50
5377,Mississippi Burning,Crime,Alan Parker,1988,128,12,2021-12-11 12:30,7.50
5378,Paths of Glory,Drama,Stanley Kubrick,1957,88,12,2021-12-11 10:00,6.50
5379,The Straight Story,Biography,David Lynch,1999,112,0,2021-12-10 12:30,7.00
5380,Cat on a Hot Tin Roof,Drama,Richard Brooks,1958,108,12,2021-12-10 10:00,7.50
5381,Planet of the Apes,Adventure,Franklin J. Schaffner,1968,112,0,2021-12-09 17:00,7.00
5382,The Message,Biography,Moustapha Akkad,1976,177,6,2021-12-09 13:30,7.50
5383,Mimi wo sumaseba,Animation,Yoshifumi Kondô,1995,111,0,2021-12-09 10:30,8.00
5384,Star Trek II: The Wrath of Khan,Action,Nicholas Meyer,1982,113,0,2021-12-08 12:30,8.50
5385,Reservoir Dogs,Crime,Quentin Tarantino,1992,99,16,2021-12-08 10:00,8.00
5386,Hamlet,Drama,Kenneth Branagh,1996,242,12,2021-12-07 10:00,8.00
5387,Paths of Glory,Drama,Stanley Kubrick,1957,88,12,2021-12-06 15:00,8.00
5388,Malcolm X,Biography,Spike Lee,1992,202,0,2021-12-06 10:30,7.50
5389,Rosemary's Baby,Drama,Roman Polanski,1968,137,12,2021-12-05 17:30,6.50
5390,The Muppet Christmas Carol,Comedy,Brian Henson,1992,85,0,2021-12-05 15:30,7.50
5391,Klaus,Animation,Sergio Pablos,2019,96,6,2021-12-05 13:00,7.00
5392,Ghostbusters,Action,Ivan Reitman,1984,105,12,2021-12-05 10:30,7.50
5393,Malcolm X,Biography,Spike Lee,1992,202,0,2021-12-04 20:30,9.00
5394,Mississippi Burning,Crime,Alan Parker,1988,128,12,2021-12-04 17:30,6.50
5395,The Muppet Christmas Carol,Comedy,Brian Henson,1992,85,0,2021-12-04 15:00,7.50
5396,Hamlet,Drama,Kenneth Branagh,1996,242,12,2021-12-04 10:00,7.50
5397,JFK,Drama,Oliver Stone,1991,189,12,2021-12-03 16:00,7.50
5398,Rosemary's Baby,Drama,Roman Polanski,1968,137,12,2021-12-03 13:00,7.00
5399,Full Metal Jacket,Drama,Stanley Kubrick,1987,116,12,2021-12-03 10:00,8.50
5400,Network,Drama,Sidney Lumet,1976,121,12,2021-12-02 15:30,6.50
5401,The Muppet Christmas Carol,Comedy,Brian Henson,1992,85,0,2021-12-02 13:30,6.50
5402,American Beauty,Drama,Sam Mendes,1999,122,12,2021-12-02 10:30,8.50
5403,Kakushi-toride no san-akunin,Adventure,Akira Kurosawa,1958,139,12,2021-12-01 16:00,8.00
5404,The Muppet Christmas Carol,Comedy,Brian Henson,1992,85,0,2021-12-01 13:30,8.50
5405,Little Women,Drama,Greta Gerwig,2019,135,0,2021-12-01 10:30,7.00
5406,Rosemary's Baby,Drama,Roman Polanski,1968,137,12,2021-11-30 10:30,7.50
5407,The Message,Biography,Moustapha Akkad,1976,177,6,2021-11-29 15:30,6.50
5408,12 Angry Men,Crime,Sidney Lumet,1957,96,0,2021-11-29 13:00,7.50
5409,Il postino,Biography,Michael Radford,1994,108,0,2021-11-29 10:30,7.50
5410,Lagaan: Once Upon a Time in India,Adventure,Ashutosh Gowariker,2001,224,0,2021-11-28 18:00,10.00
5411,The Muppet Christmas Carol,Comedy,Brian Henson,1992,85,0,2021-11-28 16:00,8.00
5412,Predator,Action,John McTiernan,1987,107,12,2021-11-28 13:30,8.00
5413,Planet of the Apes,Adventure,Franklin J. Schaffner,1968,112,0,2021-11-28 10:30,6.50
5414,Mississippi Burning,Crime,Alan Parker,1988,128,12,2021-11-27 15:30,7.00
5415,Planet of the Apes,Adventure,Franklin J. Schaffner,1968,112,0,2021-11-27 12:30,7.50
5416,Klaus,Animation,Sergio Pablos,2019,96,6,2021-11-27 10:00,8.00
5417,Ghostbusters,Action,Ivan Reitman,1984,105,12,2021-11-26 16:30,8.00
5418,Predator,Action,John McTiernan,1987,107,12,2021-11-26 14:00,7.00
5419,"Il buono, il brutto, il cattivo",Western,Sergio Leone,1966,161,12,2021-11-26 10:30,8.50
5420,Planet of the Apes,Adventure,Franklin J. Schaffner,1968,112,0,2021-11-25 18:30,8.50
5421,Lagaan: Once Upon a Time in India,Adventure,Ashutosh Gowariker,2001,224,0,2021-11-25 14:00,7.00
5422,"Il buono, il brutto, il cattivo",Western,Sergio Leone,1966,161,12,2021-11-25 10:30,6.50
5423,The Shawshank Redemption,Drama,Frank Darabont,1994,142,12,2021-11-24 15:00,7.00
5424,12 Angry Men,Crime,Sidney Lumet,1957,96,0,2021-11-24 12:30,7.00
5425,Blowup,Drama,Michelangelo Antonioni,1966,111,12,2021-11-24 10:00,7.50
5426,"Il buono, il brutto, il cattivo",Western,Sergio Leone,1966,161,12,2021-11-23 10:00,8.00
5427,Ferris Bueller's Day Off,Comedy,John Hughes,1986,103,0,2021-11-22 16:30,8.50
5428,Predator,Action,John McTiernan,1987,107,12,2021-11-22 14:00,8.00
5429,"Il buono, il brutto, il cattivo",Western,Sergio Leone,1966,161,12,2021-11-22 10:30,8.00
5430,Patton,Biography,Franklin J. Schaffner,1970,172,0,2021-11-21 21:00,10.00
5431,The Lion in Winter,Biography,Anthony Harvey,1968,134,6,2021-11-21 18:00,8.50
5432,Crimes and Misdemeanors,Comedy,Woody Allen,1989,104,12,2021-11-21 15:30,6.50
5433,Hamlet,Drama,Kenneth Branagh,1996,242,12,2021-11-21 10:30,7.00
5434,Höstsonaten,Drama,Ingmar Bergman,1978,99,0,2021-11-20 16:00,7.00
5435,The Lion in Winter,Biography,Anthony Harvey,1968,134,6,2021-11-20 13:00,7.50
5436,Reservoir Dogs,Crime,Quentin Tarantino,1992,99,16,2021-11-20 10:30,8.00
5437,Das Boot,Adventure,Wolfgang Petersen,1981,149,16,2021-11-19 10:00,7.50
5438,"Il buono, il brutto, il cattivo",Western,Sergio Leone,1966,161,12,2021-11-18 12:30,8.50
5439,"Monsters, Inc.",Animation,Pete Docter,2001,92,0,2021-11-18 10:00,7.00
5440,Höstsonaten,Drama,Ingmar Bergman,1978,99,0,2021-11-17 10:00,8.00
5441,"Il buono, il brutto, il cattivo",Western,Sergio Leone,1966,161,12,2021-11-16 15:30,8.00
5442,Blowup,Drama,Michelangelo Antonioni,1966,111,12,2021-11-16 12:30,8.00
5443,Klaus,Animation,Sergio Pablos,2019,96,6,2021-11-16 10:00,7.00
5444,The Lion in Winter,Biography,Anthony Harvey,1968,134,6,2021-11-15 10:30,8.00
5445,Platoon,Drama,Oliver Stone,1986,120,12,2021-11-14 18:00,8.50
5446,Hana-bi,Crime,Takeshi Kitano,1997,103,12,2021-11-14 15:30,8.50
5447,Full Metal Jacket,Drama,Stanley Kubrick,1987,116,12,2021-11-14 12:30,8.50
5448,Full Metal Jacket,Drama,Stanley Kubrick,1987,116,12,2021-11-14 10:00,7.00
5449,Network,Drama,Sidney Lumet,1976,121,12,2021-11-13 16:00,7.00
5450,The Shawshank Redemption,Drama,Frank Darabont,1994,142,12,2021-11-13 12:30,8.00
5451,Life of Brian,Comedy,Terry Jones,1979,94,16,2021-11-13 10:00,7.00
5452,Malcolm X,Biography,Spike Lee,1992,202,0,2021-11-12 13:30,7.50
5453,Full Metal Jacket,Drama,Stanley Kubrick,1987,116,12,2021-11-12 10:30,7.50
5454,Andrei Rublev,Biography,Andrei Tarkovsky,1966,205,16,2021-11-11 10:30,8.00
5455,Mississippi Burning,Crime,Alan Parker,1988,128,12,2021-11-10 12:30,8.50
5456,Höstsonaten,Drama,Ingmar Bergman,1978,99,0,2021-11-10 10:00,7.00
5457,"Monsters, Inc.",Animation,Pete Docter,2001,92,0,2021-11-09 13:30,8.00
5458,Mulholland Dr.,Drama,David Lynch,2001,147,16,2021-11-09 10:00,7.00
5459,The Insider,Biography,Michael Mann,1999,157,12,2021-11-08 16:00,6.50
5460,Höstsonaten,Drama,Ingmar Bergman,1978,99,0,2021-11-08 13:30,7.00
5461,Little Women,Drama,Greta Gerwig,2019,135,0,2021-11-08 10:30,6.50
5462,Das Boot,Adventure,Wolfgang Petersen,1981,149,16,2021-11-07 16:30,6.50
5463,Mississippi Burning,Crime,Alan Parker,1988,128,12,2021-11-07 13:30,8.50
5464,Mississippi Burning,Crime,Alan Parker,1988,128,12,2021-11-07 10:30,6.50
5465,Höstsonaten,Drama,Ingmar Bergman,1978,99,0,2021-11-06 18:00,8.50
5466,Platoon,Drama,Oliver Stone,1986,120,12,2021-11-06 15:00,7.50
5467,Andrei Rublev,Biography,Andrei Tarkovsky,1966,205,16,2021-11-06 10:30,7.50
5468,Patton,Biography,Franklin J. Schaffner,1970,172,0,2021-11-05 10:30,8.50
5469,Mississippi Burning,Crime,Alan Parker,1988,128,12,2021-11-04 10:30,8.50
5470,Hana-bi,Crime,Takeshi Kitano,1997,103,12,2021-11-03 10:00,7.50
5471,Platoon,Drama,Oliver Stone,1986,120,12,2021-11-02 17:30,8.50
5472,Gone with the Wind,Drama,Victor Fleming,1939,238,0,2021-11-02 12:30,7.50
5473,Hana-bi,Crime,Takeshi Kitano,1997,103,12,2021-11-02 10:00,6.50
5474,Höstsonaten,Drama,Ingmar Bergman,1978,99,0,2021-11-01 17:30,8.50
5475,The Great Escape,Adventure,John Sturges,1963,172,0,2021-11-01 13:30,7.00
5476,The Insider,Biography,Michael Mann,1999,157,12,2021-11-01 10:00,8.50
5477,Patton,Biography,Franklin J. Schaffner,1970,172,0,2021-10-31 20:00,9.00
5478,Andrei Rublev,Biography,Andrei Tarkovsky,1966,205,16,2021-10-31 15:30,7.00
5479,Höstsonaten,Drama,Ingmar Bergman,1978,99,0,2021-10-31 13:00,7.50
5480,Sabrina,Comedy,Billy Wilder,1954,113,12,2021-10-31 10:30,7.50
5481,Höstsonaten,Drama,Ingmar Bergman,1978,99,0,2021-10-30 16:00,7.00
5482,Network,Drama,Sidney Lumet,1976,121,12,2021-10-30 13:00,6.50
5483,Reservoir Dogs,Crime,Quentin Tarantino,1992,99,16,2021-10-30 10:30,8.50
5484,The Insider,Biography,Michael Mann,1999,157,12,2021-10-29 10:30,7.00
5485,Reservoir Dogs,Crime,Quentin Tarantino,1992,99,16,2021-10-28 13:00,6.50
5486,Crimes and Misdemeanors,Comedy,Woody Allen,1989,104,12,2021-10-28 10:30,8.00
5487,Billy Elliot,Drama,Stephen Daldry,2000,110,16,2021-10-27 10:00,8.00
5488,Little Women,Drama,Greta Gerwig,2019,135,0,2021-10-26 10:30,8.50
5489,La haine,Crime,Mathieu Kassovitz,1995,98,12,2021-10-25 17:00,8.00
5490,Gone with the Wind,Drama,Victor Fleming,1939,238,0,2021-10-25 12:00,7.00
5491,Sherlock Jr.,Action,Buster Keaton,1924,45,12,2021-10-25 10:30,7.00
5492,American Beauty,Drama,Sam Mendes,1999,122,12,2021-10-24 18:30,10.00
5493,Platoon,Drama,Oliver Stone,1986,120,12,2021-10-24 15:30,7.00
5494,Gone with the Wind,Drama,Victor Fleming,1939,238,0,2021-10-24 10:30,8.50
5495,The Insider,Biography,Michael Mann,1999,157,12,2021-10-23 17:30,6.50
5496,Goldfinger,Action,Guy Hamilton,1964,110,12,2021-10-23 15:00,8.00
5497,Hamlet,Drama,Kenneth Branagh,1996,242,12,2021-10-23 10:00,8.00
5498,Hamlet,Drama,Kenneth Branagh,1996,242,12,2021-10-22 10:00,8.50
5499,Ferris Bueller's Day Off,Comedy,John Hughes,1986,103,0,2021-10-21 10:00,7.00
5500,Mulholland Dr.,Drama,David Lynch,2001,147,16,2021-10-20 10:00,8.00
5501,Miller's Crossing,Crime,Joel Coen,1990,115,16,2021-10-19 13:30,7.00
5502,The Insider,Biography,Michael Mann,1999,157,12,2021-10-19 10:00,8.50
5503,Goldfinger,Action,Guy Hamilton,1964,110,12,2021-10-18 13:30,7.00
5504,The Verdict,Drama,Sidney Lumet,1982,129,0,2021-10-18 10:30,7.50
5505,Mulholland Dr.,Drama,David Lynch,2001,147,16,2021-10-17 20:00,10.00
5506,Soorarai Pottru,Drama,Sudha Kongara,2020,153,0,2021-10-17 16:30,6.50
5507,Pulp Fiction,Crime,Quentin Tarantino,1994,154,12,2021-10-17 13:00,8.50
5508,Das Experiment,Drama,Oliver Hirschbiegel,2001,120,16,2021-10-17 10:00,7.00
5509,Just Mercy,Biography,Destin Daniel Cretton,2019,137,12,2021-10-16 19:30,10.00
5510,Sense and Sensibility,Drama,Ang Lee,1995,136,0,2021-10-16 16:30,7.00
5511,Notorious,Drama,Alfred Hitchcock,1946,102,0,2021-10-16 14:00,6.50
5512,Patton,Biography,Franklin J. Schaffner,1970,172,0,2021-10-16 10:30,8.00
5513,The Breakfast Club,Comedy,John Hughes,1985,97,12,2021-10-15 13:00,7.00
5514,The Purple Rose of Cairo,Comedy,Woody Allen,1985,82,0,2021-10-15 10:30,8.00
5515,Just Mercy,Biography,Destin Daniel Cretton,2019,137,12,2021-10-14 10:00,7.00
5516,The Purple Rose of Cairo,Comedy,Woody Allen,1985,82,0,2021-10-13 15:30,7.50
5517,Just Mercy,Biography,Destin Daniel Cretton,2019,137,12,2021-10-13 12:30,8.00
5518,"Monsters, Inc.",Animation,Pete Docter,2001,92,0,2021-10-13 10:00,7.50
5519,Barton Fink,Comedy,Joel Coen,1991,116,0,2021-10-12 10:30,7.00
5520,The Thing,Horror,John Carpenter,1982,109,12,2021-10-11 16:00,7.50
5521,À bout de souffle,Crime,Jean-Luc Godard,1960,90,0,2021-10-11 13:30,7.50
5522,Soorarai Pottru,Drama,Sudha Kongara,2020,153,0,2021-10-11 10:00,7.00
5523,Höstsonaten,Drama,Ingmar Bergman,1978,99,0,2021-10-10 19:00,8.50
5524,Shine,Biography,Scott Hicks,1996,105,0,2021-10-10 16:30,7.50
5525,Gladiator,Action,Ridley Scott,2000,155,12,2021-10-10 13:00,7.00
5526,Planet of the Apes,Adventure,Franklin J. Schaffner,1968,112,0,2021-10-10 10:00,8.00
5527,Kaze no tani no Naushika,Animation,Hayao Miyazaki,1984,117,0,2021-10-09 21:00,10.00
5528,Barton Fink,Comedy,Joel Coen,1991,116,0,2021-10-09 18:00,9.50
5529,Hamlet,Drama,Kenneth Branagh,1996,242,12,2021-10-09 13:00,7.00
5530,"Monsters, Inc.",Animation,Pete Docter,2001,92,0,2021-10-09 10:30,6.50
5531,Shine,Biography,Scott Hicks,1996,105,0,2021-10-08 13:30,7.50
5532,Jojo Rabbit,Comedy,Taika Waititi,2019,108,12,2021-10-08 10:30,7.00
5533,Bride of Frankenstein,Drama,James Whale,1935,75,12,2021-10-07 10:00,8.50
5534,Pulp Fiction,Crime,Quentin Tarantino,1994,154,12,2021-10-06 18:00,9.00
5535,Andrei Rublev,Biography,Andrei Tarkovsky,1966,205,16,2021-10-06 14:00,7.00
5536,Ran,Action,Akira Kurosawa,1985,162,0,2021-10-06 10:30,8.00
5537,The Little Mermaid,Animation,Ron Clements,1989,83,0,2021-10-05 12:00,6.50
5538,Bronenosets Potemkin,Drama,Sergei M. Eisenstein,1925,75,12,2021-10-05 10:00,8.50
5539,Bronenosets Potemkin,Drama,Sergei M. Eisenstein,1925,75,12,2021-10-04 18:30,8.50
5540,Hamlet,Drama,Kenneth Branagh,1996,242,12,2021-10-04 13:30,7.00
5541,The Verdict,Drama,Sidney Lumet,1982,129,0,2021-10-04 10:30,8.00
5542,The Boondock Saints,Action,Troy Duffy,1999,108,16,2021-10-03 18:30,9.50
5543,The Verdict,Drama,Sidney Lumet,1982,129,0,2021-10-03 15:30,6.50
5544,Das Experiment,Drama,Oliver Hirschbiegel,2001,120,16,2021-10-03 12:30,7.50
5545,"Monsters, Inc.",Animation,Pete Docter,2001,92,0,2021-10-03 10:00,6.50
5546,Platoon,Drama,Oliver Stone,1986,120,12,2021-10-02 17:30,8.00
5547,Billy Elliot,Drama,Stephen Daldry,2000,110,16,2021-10-02 15:00,6.50
5548,Andrei Rublev,Biography,Andrei Tarkovsky,1966,205,16,2021-10-02 10:30,6.50
5549,The Shop Around the Corner,Comedy,Ernst Lubitsch,1940,99,12,2021-10-01 16:00,7.00
5550,The Verdict,Drama,Sidney Lumet,1982,129,0,2021-10-01 13:00,7.00
5551,The Muppet Movie,Adventure,James Frawley,1979,95,0,2021-10-01 10:30,8.50
5552,Just Mercy,Biography,Destin Daniel Cretton,2019,137,12,2021-09-30 16:00,6.50
5553,Kaze no tani no Naushika,Animation,Hayao Miyazaki,1984,117,0,2021-09-30 13:30,8.00
5554,Platoon,Drama,Oliver Stone,1986,120,12,2021-09-30 10:30,8.00
5555,The Little Mermaid,Animation,Ron Clements,1989,83,0,2021-09-29 10:00,8.00
5556,Platoon,Drama,Oliver Stone,1986,120,12,2021-09-28 15:30,7.00
5557,Sunset Blvd.,Drama,Billy Wilder,1950,110,12,2021-09-28 13:00,8.00
5558,The Boondock Saints,Action,Troy Duffy,1999,108,16,2021-09-28 10:00,7.00
5559,Pulp Fiction,Crime,Quentin Tarantino,1994,154,12,2021-09-27 14:30,6.50
5560,Andrei Rublev,Biography,Andrei Tarkovsky,1966,205,16,2021-09-27 10:00,8.00
5561,The Shop Around the Corner,Comedy,Ernst Lubitsch,1940,99,12,2021-09-26 16:00,8.00
5562,Bonnie and Clyde,Action,Arthur Penn,1967,111,12,2021-09-26 13:00,6.50
5563,Mad Max 2,Action,George Miller,1981,96,12,2021-09-26 10:30,8.00
5564,Just Mercy,Biography,Destin Daniel Cretton,2019,137,12,2021-09-25 15:30,8.50
5565,Brazil,Drama,Terry Gilliam,1985,132,0,2021-09-25 12:30,8.00
5566,Sunset Blvd.,Drama,Billy Wilder,1950,110,12,2021-09-25 10:00,6.50
5567,Miller's Crossing,Crime,Joel Coen,1990,115,16,2021-09-24 16:00,7.50
5568,Pulp Fiction,Crime,Quentin Tarantino,1994,154,12,2021-09-24 12:30,8.50
5569,The Muppet Movie,Adventure,James Frawley,1979,95,0,2021-09-24 10:00,8.50
5570,À bout de souffle,Crime,Jean-Luc Godard,1960,90,0,2021-09-23 15:00,6.50
5571,Taxi Driver,Crime,Martin Scorsese,1976,114,12,2021-09-23 12:30,7.00
5572,The Thing,Horror,John Carpenter,1982,109,12,2021-09-23 10:00,6.50
5573,Rear Window,Mystery,Alfred Hitchcock,1954,112,0,2021-09-22 15:30,6.50
5574,Sunset Blvd.,Drama,Billy Wilder,1950,110,12,2021-09-22 13:00,8.50
5575,Jojo Rabbit,Comedy,Taika Waititi,2019,108,12,2021-09-22 10:30,7.00
5576,The Shop Around the Corner,Comedy,Ernst Lubitsch,1940,99,12,2021-09-21 10:00,7.50
5577,Gongdong gyeongbi guyeok JSA,Action,Chan-wook Park,2000,110,12,2021-09-20 13:00,7.50
5578,Brazil,Drama,Terry Gilliam,1985,132,0,2021-09-20 10:00,7.00
5579,Invasion of the Body Snatchers,Drama,Don Siegel,1956,80,12,2021-09-19 15:30,7.50
5580,The Muppet Movie,Adventure,James Frawley,1979,95,0,2021-09-19 13:00,8.00
5581,Mad Max 2,Action,George Miller,1981,96,12,2021-09-19 10:30,6.50
5582,Goldfinger,Action,Guy Hamilton,1964,110,12,2021-09-18 16:00,7.50
5583,Goldfinger,Action,Guy Hamilton,1964,110,12,2021-09-18 13:30,8.50
5584,The Apartment,Comedy,Billy Wilder,1960,125,0,2021-09-18 10:30,8.50
5585,Brazil,Drama,Terry Gilliam,1985,132,0,2021-09-17 10:30,6.50
5586,The Little Mermaid,Animation,Ron Clements,1989,83,0,2021-09-16 16:00,7.00
5587,Rear Window,Mystery,Alfred Hitchcock,1954,112,0,2021-09-16 13:00,7.00
5588,Sense and Sensibility,Drama,Ang Lee,1995,136,0,2021-09-16 10:00,7.50
5589,Invasion of the Body Snatchers,Drama,Don Siegel,1956,80,12,2021-09-15 12:30,7.50
5590,The Little Mermaid,Animation,Ron Clements,1989,83,0,2021-09-15 10:00,7.00
5591,Goldfinger,Action,Guy Hamilton,1964,110,12,2021-09-14 13:00,7.00
5592,The Apartment,Comedy,Billy Wilder,1960,125,0,2021-09-14 10:00,7.00
5593,Invasion of the Body Snatchers,Drama,Don Siegel,1956,80,12,2021-09-13 16:30,7.00
5594,Ran,Action,Akira Kurosawa,1985,162,0,2021-09-13 13:00,6.50
5595,The Shop Around the Corner,Comedy,Ernst Lubitsch,1940,99,12,2021-09-13 10:30,7.50
5596,Bride of Frankenstein,Drama,James Whale,1935,75,12,2021-09-12 18:30,9.50
5597,Indiana Jones and the Last Crusade,Action,Steven Spielberg,1989,127,0,2021-09-12 15:30,7.00
5598,The 39 Steps,Crime,Alfred Hitchcock,1935,86,12,2021-09-12 13:00,8.00
5599,American Beauty,Drama,Sam Mendes,1999,122,12,2021-09-12 10:00,8.00
5600,Sunset Blvd.,Drama,Billy Wilder,1950,110,12,2021-09-11 16:00,6.50
5601,Kind Hearts and Coronets,Comedy,Robert Hamer,1949,106,0,2021-09-11 13:30,8.50
5602,American Beauty,Drama,Sam Mendes,1999,122,12,2021-09-11 10:30,8.50
5603,The Muppet Movie,Adventure,James Frawley,1979,95,0,2021-09-10 16:30,7.00
5604,Miller's Crossing,Crime,Joel Coen,1990,115,16,2021-09-10 13:30,6.50
5605,Ran,Action,Akira Kurosawa,1985,162,0,2021-09-10 10:00,6.50
5606,Brazil,Drama,Terry Gilliam,1985,132,0,2021-09-09 10:30,7.00
5607,The Godfather,Crime,Francis Ford Coppola,1972,175,12,2021-09-08 16:00,6.50
5608,The Purple Rose of Cairo,Comedy,Woody Allen,1985,82,0,2021-09-08 13:30,7.00
5609,Raging Bull,Biography,Martin Scorsese,1980,129,12,2021-09-08 10:30,7.50
5610,The Boondock Saints,Action,Troy Duffy,1999,108,16,2021-09-07 12:00,8.00
5611,The Killing,Crime,Stanley Kubrick,1956,84,12,2021-09-07 10:00,8.00
5612,Rear Window,Mystery,Alfred Hitchcock,1954,112,0,2021-09-06 13:00,7.00
5613,The Magnificent Seven,Action,John Sturges,1960,128,12,2021-09-06 10:00,6.50
5614,The Boondock Saints,Action,Troy Duffy,1999,108,16,2021-09-05 18:30,8.50
5615,Bonnie and Clyde,Action,Arthur Penn,1967,111,12,2021-09-05 16:00,7.00
5616,Raging Bull,Biography,Martin Scorsese,1980,129,12,2021-09-05 13:00,8.00
5617,Léon,Action,Luc Besson,1994,110,12,2021-09-05 10:00,8.00
5618,The Thing,Horror,John Carpenter,1982,109,12,2021-09-04 17:00,8.00
5619,The Godfather,Crime,Francis Ford Coppola,1972,175,12,2021-09-04 13:00,8.00
5620,Léon,Action,Luc Besson,1994,110,12,2021-09-04 10:30,7.50
5621,Serpico,Biography,Sidney Lumet,1973,130,12,2021-09-03 13:00,7.00
5622,The Thing,Horror,John Carpenter,1982,109,12,2021-09-03 10:30,7.00
5623,Toy Story 2,Animation,John Lasseter,1999,92,0,2021-09-02 13:00,8.00
5624,The Thing,Horror,John Carpenter,1982,109,12,2021-09-02 10:00,7.50
5625,La passion de Jeanne d'Arc,Biography,Carl Theodor Dreyer,1928,110,12,2021-09-01 15:30,6.50
5626,The 39 Steps,Crime,Alfred Hitchcock,1935,86,12,2021-09-01 13:30,7.50
5627,Léon,Action,Luc Besson,1994,110,12,2021-09-01 10:30,8.00
5628,Sunset Blvd.,Drama,Billy Wilder,1950,110,12,2021-08-31 10:30,7.50
5629,Taxi Driver,Crime,Martin Scorsese,1976,114,12,2021-08-30 16:00,8.50
5630,Serpico,Biography,Sidney Lumet,1973,130,12,2021-08-30 13:00,7.00
5631,The Thing,Horror,John Carpenter,1982,109,12,2021-08-30 10:30,6.50
5632,Bonnie and Clyde,Action,Arthur Penn,1967,111,12,2021-08-29 18:30,9.00
5633,Billy Elliot,Drama,Stephen Daldry,2000,110,16,2021-08-29 16:00,7.00
5634,Andaz Apna Apna,Action,Rajkumar Santoshi,1994,160,0,2021-08-29 12:30,6.50
5635,Harold and Maude,Comedy,Hal Ashby,1971,91,6,2021-08-29 10:00,8.00
5636,The Boondock Saints,Action,Troy Duffy,1999,108,16,2021-08-28 16:30,7.00
5637,The Magnificent Seven,Action,John Sturges,1960,128,12,2021-08-28 13:30,8.50
5638,The Apartment,Comedy,Billy Wilder,1960,125,0,2021-08-28 10:30,7.50
5639,Raging Bull,Biography,Martin Scorsese,1980,129,12,2021-08-27 10:00,7.50
5640,Ran,Action,Akira Kurosawa,1985,162,0,2021-08-26 10:30,8.00
5641,Ran,Action,Akira Kurosawa,1985,162,0,2021-08-25 10:00,7.50
5642,Jojo Rabbit,Comedy,Taika Waititi,2019,108,12,2021-08-24 10:30,6.50
5643,Taxi Driver,Crime,Martin Scorsese,1976,114,12,2021-08-23 16:30,6.50
5644,The Truman Show,Comedy,Peter Weir,1998,103,0,2021-08-23 14:00,7.50
5645,Nuovo Cinema Paradiso,Drama,Giuseppe Tornatore,1988,155,0,2021-08-23 10:30,8.50
5646,Toy Story 2,Animation,John Lasseter,1999,92,0,2021-08-22 18:30,8.50
5647,The Truman Show,Comedy,Peter Weir,1998,103,0,2021-08-22 16:00,8.00
5648,"Paris, Texas",Drama,Wim Wenders,1984,145,0,2021-08-22 12:30,8.50
5649,Toy Story 2,Animation,John Lasseter,1999,92,0,2021-08-22 10:00,6.50
5650,Toy Story 2,Animation,John Lasseter,1999,92,0,2021-08-21 19:00,9.50
5651,Harold and Maude,Comedy,Hal Ashby,1971,91,6,2021-08-21 16:30,6.50
5652,Serpico,Biography,Sidney Lumet,1973,130,12,2021-08-21 13:30,7.50
5653,Raging Bull,Biography,Martin Scorsese,1980,129,12,2021-08-21 10:30,8.00
5654,The Truman Show,Comedy,Peter Weir,1998,103,0,2021-08-20 16:30,7.00
5655,La leggenda del pianista sull'oceano,Drama,Giuseppe Tornatore,1998,169,0,2021-08-20 12:30,8.50
5656,Per un pugno di dollari,Action,Sergio Leone,1964,99,12,2021-08-20 10:00,7.50
5657,Taxi Driver,Crime,Martin Scorsese,1976,114,12,2021-08-19 14:00,7.00
5658,The Godfather,Crime,Francis Ford Coppola,1972,175,12,2021-08-19 10:30,6.50
5659,Per un pugno di dollari,Action,Sergio Leone,1964,99,12,2021-08-18 16:00,7.50
5660,Raging Bull,Biography,Martin Scorsese,1980,129,12,2021-08-18 13:00,7.50
5661,Raging Bull,Biography,Martin Scorsese,1980,129,12,2021-08-18 10:00,6.50
5662,Andaz Apna Apna,Action,Rajkumar Santoshi,1994,160,0,2021-08-17 10:30,7.50
5663,La leggenda del pianista sull'oceano,Drama,Giuseppe Tornatore,1998,169,0,2021-08-16 10:30,7.50
5664,Serpico,Biography,Sidney Lumet,1973,130,12,2021-08-15 16:00,8.50
5665,Crimes and Misdemeanors,Comedy,Woody Allen,1989,104,12,2021-08-15 13:30,8.50
5666,Raging Bull,Biography,Martin Scorsese,1980,129,12,2021-08-15 10:30,7.00
5667,Nuovo Cinema Paradiso,Drama,Giuseppe Tornatore,1988,155,0,2021-08-14 18:30,9.50
5668,Toy Story 2,Animation,John Lasseter,1999,92,0,2021-08-14 16:00,8.00
5669,Indiana Jones and the Last Crusade,Action,Steven Spielberg,1989,127,0,2021-08-14 13:00,6.50
5670,Sabrina,Comedy,Billy Wilder,1954,113,12,2021-08-14 10:30,7.50
5671,I Am Sam,Drama,Jessie Nelson,2001,132,12,2021-08-13 10:00,7.50
5672,This Is Spinal Tap,Comedy,Rob Reiner,1984,82,16,2021-08-12 10:00,6.50
5673,Kind Hearts and Coronets,Comedy,Robert Hamer,1949,106,0,2021-08-11 13:00,8.50
5674,The Third Man,Film-Noir,Carol Reed,1949,104,12,2021-08-11 10:30,7.00
5675,La passion de Jeanne d'Arc,Biography,Carl Theodor Dreyer,1928,110,12,2021-08-10 10:00,6.50
5676,Trainspotting,Drama,Danny Boyle,1996,93,12,2021-08-09 10:30,8.50
5677,Witness for the Prosecution,Crime,Billy Wilder,1957,116,0,2021-08-08 19:00,9.50
5678,La leggenda del pianista sull'oceano,Drama,Giuseppe Tornatore,1998,169,0,2021-08-08 15:30,6.50
5679,Léon,Action,Luc Besson,1994,110,12,2021-08-08 12:30,8.00
5680,The Killing,Crime,Stanley Kubrick,1956,84,12,2021-08-08 10:00,6.50
5681,Crimes and Misdemeanors,Comedy,Woody Allen,1989,104,12,2021-08-07 16:00,6.50
5682,Billy Elliot,Drama,Stephen Daldry,2000,110,16,2021-08-07 13:30,8.00
5683,I Am Sam,Drama,Jessie Nelson,2001,132,12,2021-08-07 10:30,7.00
5684,"Lock, Stock and Two Smoking Barrels",Action,Guy Ritchie,1998,107,12,2021-08-06 13:30,7.00
5685,Dà hóng denglong gaogao guà,Drama,Yimou Zhang,1991,125,6,2021-08-06 10:30,7.50
5686,I Am Sam,Drama,Jessie Nelson,2001,132,12,2021-08-05 10:00,8.00
5687,Sabrina,Comedy,Billy Wilder,1954,113,12,2021-08-04 15:30,8.00
5688,Funny Games,Crime,Michael Haneke,1997,108,12,2021-08-04 13:00,8.50
5689,Dà hóng denglong gaogao guà,Drama,Yimou Zhang,1991,125,6,2021-08-04 10:00,7.50
5690,The Killing,Crime,Stanley Kubrick,1956,84,12,2021-08-03 16:30,8.50
5691,It's a Wonderful Life,Drama,Frank Capra,1946,130,6,2021-08-03 13:30,8.00
5692,Dà hóng denglong gaogao guà,Drama,Yimou Zhang,1991,125,6,2021-08-03 10:30,8.50
5693,The Third Man,Film-Noir,Carol Reed,1949,104,12,2021-08-02 10:30,8.50
5694,"Paris, Texas",Drama,Wim Wenders,1984,145,0,2021-08-01 15:30,7.00
5695,Indiana Jones and the Last Crusade,Action,Steven Spielberg,1989,127,0,2021-08-01 12:30,6.50
5696,The Day the Earth Stood Still,Drama,Robert Wise,1951,92,0,2021-08-01 10:00,8.00
5697,Indiana Jones and the Last Crusade,Action,Steven Spielberg,1989,127,0,2021-07-31 17:00,7.00
5698,Gully Boy,Drama,Zoya Akhtar,2019,154,12,2021-07-31 13:30,6.50
5699,I Am Sam,Drama,Jessie Nelson,2001,132,12,2021-07-31 10:30,8.50
5700,Indiana Jones and the Last Crusade,Action,Steven Spielberg,1989,127,0,2021-07-30 16:00,7.50
5701,Indiana Jones and the Last Crusade,Action,Steven Spielberg,1989,127,0,2021-07-30 13:00,7.00
5702,I Am Sam,Drama,Jessie Nelson,2001,132,12,2021-07-30 10:00,8.00
5703,This Is Spinal Tap,Comedy,Rob Reiner,1984,82,16,2021-07-29 10:00,8.00
5704,Crimes and Misdemeanors,Comedy,Woody Allen,1989,104,12,2021-07-28 15:30,7.00
5705,"Lock, Stock and Two Smoking Barrels",Action,Guy Ritchie,1998,107,12,2021-07-28 13:00,8.50
5706,Vampire Hunter D: Bloodlust,Animation,Yoshiaki Kawajiri,2000,103,0,2021-07-28 10:30,8.00
5707,Arsenic and Old Lace,Comedy,Frank Capra,1942,118,12,2021-07-27 13:30,7.00
5708,La leggenda del pianista sull'oceano,Drama,Giuseppe Tornatore,1998,169,0,2021-07-27 10:00,7.50
5709,"Lock, Stock and Two Smoking Barrels",Action,Guy Ritchie,1998,107,12,2021-07-26 10:00,7.00
5710,Crimes and Misdemeanors,Comedy,Woody Allen,1989,104,12,2021-07-25 16:30,6.50
5711,Dawn of the Dead,Action,George A. Romero,1978,127,12,2021-07-25 13:30,8.50
5712,I Am Sam,Drama,Jessie Nelson,2001,132,12,2021-07-25 10:30,6.50
5713,Short Cuts,Comedy,Robert Altman,1993,188,16,2021-07-24 18:00,8.50
5714,Per un pugno di dollari,Action,Sergio Leone,1964,99,12,2021-07-24 15:30,8.00
5715,This Is Spinal Tap,Comedy,Rob Reiner,1984,82,16,2021-07-24 13:30,8.50
5716,Vertigo,Mystery,Alfred Hitchcock,1958,128,12,2021-07-24 10:30,8.50
5717,Trois couleurs: Rouge,Drama,Krzysztof Kieslowski,1994,99,0,2021-07-23 15:30,8.50
5718,Witness for the Prosecution,Crime,Billy Wilder,1957,116,0,2021-07-23 12:30,8.00
5719,Dazed and Confused,Comedy,Richard Linklater,1993,102,0,2021-07-23 10:00,7.50
5720,Crimes and Misdemeanors,Comedy,Woody Allen,1989,104,12,2021-07-22 10:00,6.50
5721,The Day the Earth Stood Still,Drama,Robert Wise,1951,92,0,2021-07-21 15:00,7.00
5722,Andrei Rublev,Biography,Andrei Tarkovsky,1966,205,16,2021-07-21 10:30,7.50
5723,Soorarai Pottru,Drama,Sudha Kongara,2020,153,0,2021-07-20 13:00,7.00
5724,The Day the Earth Stood Still,Drama,Robert Wise,1951,92,0,2021-07-20 10:30,8.00
5725,"Paris, Texas",Drama,Wim Wenders,1984,145,0,2021-07-19 10:00,8.00
5726,Fried Green Tomatoes,Drama,Jon Avnet,1991,130,12,2021-07-18 16:00,8.00
5727,This Is Spinal Tap,Comedy,Rob Reiner,1984,82,16,2021-07-18 13:30,8.50
5728,"Paris, Texas",Drama,Wim Wenders,1984,145,0,2021-07-18 10:30,6.50
5729,No Man's Land,Comedy,Danis Tanovic,2001,98,16,2021-07-17 19:00,9.50
5730,Fried Green Tomatoes,Drama,Jon Avnet,1991,130,12,2021-07-17 16:00,7.00
5731,8½,Drama,Federico Fellini,1963,138,12,2021-07-17 13:00,8.00
5732,Harold and Maude,Comedy,Hal Ashby,1971,91,6,2021-07-17 10:30,8.50
5733,Once Upon a Time... in Hollywood,Comedy,Quentin Tarantino,2019,161,12,2021-07-16 10:00,6.50
5734,Soorarai Pottru,Drama,Sudha Kongara,2020,153,0,2021-07-15 14:00,7.00
5735,Sholay,Action,Ramesh Sippy,1975,204,0,2021-07-15 10:00,8.00
5736,Where Eagles Dare,Action,Brian G. Hutton,1968,158,0,2021-07-14 14:00,7.50
5737,"Paris, Texas",Drama,Wim Wenders,1984,145,0,2021-07-14 10:30,6.50
5738,Where Eagles Dare,Action,Brian G. Hutton,1968,158,0,2021-07-13 10:00,6.50
5739,Vampire Hunter D: Bloodlust,Animation,Yoshiaki Kawajiri,2000,103,0,2021-07-12 16:00,8.00
5740,Sabrina,Comedy,Billy Wilder,1954,113,12,2021-07-12 13:30,7.00
5741,Vertigo,Mystery,Alfred Hitchcock,1958,128,12,2021-07-12 10:30,7.00
5742,Where Eagles Dare,Action,Brian G. Hutton,1968,158,0,2021-07-11 16:00,7.50
5743,Arsenic and Old Lace,Comedy,Frank Capra,1942,118,12,2021-07-11 13:00,8.50
5744,Harold and Maude,Comedy,Hal Ashby,1971,91,6,2021-07-11 10:30,8.00
5745,Dawn of the Dead,Action,George A. Romero,1978,127,12,2021-07-10 18:30,9.00
5746,Trois couleurs: Rouge,Drama,Krzysztof Kieslowski,1994,99,0,2021-07-10 16:00,7.50
5747,Scent of a Woman,Drama,Martin Brest,1992,156,12,2021-07-10 12:30,7.00
5748,Per un pugno di dollari,Action,Sergio Leone,1964,99,12,2021-07-10 10:00,7.00
5749,Crimes and Misdemeanors,Comedy,Woody Allen,1989,104,12,2021-07-09 13:30,8.50
5750,Dawn of the Dead,Action,George A. Romero,1978,127,12,2021-07-09 10:30,7.50
5751,Gully Boy,Drama,Zoya Akhtar,2019,154,12,2021-07-08 10:00,8.00
5752,Once Upon a Time... in Hollywood,Comedy,Quentin Tarantino,2019,161,12,2021-07-07 10:30,8.00
5753,Dazed and Confused,Comedy,Richard Linklater,1993,102,0,2021-07-06 10:00,7.00
5754,In a Lonely Place,Drama,Nicholas Ray,1950,94,12,2021-07-05 16:00,7.00
5755,Fried Green Tomatoes,Drama,Jon Avnet,1991,130,12,2021-07-05 13:00,7.00
5756,Funny Games,Crime,Michael Haneke,1997,108,12,2021-07-05 10:30,7.50
5757,In a Lonely Place,Drama,Nicholas Ray,1950,94,12,2021-07-04 15:30,6.50
5758,Knockin' on Heaven's Door,Action,Thomas Jahn,1997,87,12,2021-07-04 13:30,6.50
5759,Nuovo Cinema Paradiso,Drama,Giuseppe Tornatore,1988,155,0,2021-07-04 10:00,7.50
5760,Once Upon a Time... in Hollywood,Comedy,Quentin Tarantino,2019,161,12,2021-07-03 15:30,8.00
5761,Arsenic and Old Lace,Comedy,Frank Capra,1942,118,12,2021-07-03 13:00,7.00
5762,Brief Encounter,Drama,David Lean,1945,86,0,2021-07-03 10:30,8.00
5763,Ford v Ferrari,Action,James Mangold,2019,152,12,2021-07-02 13:00,8.00
5764,Vampire Hunter D: Bloodlust,Animation,Yoshiaki Kawajiri,2000,103,0,2021-07-02 10:30,7.00
5765,The Gold Rush,Adventure,Charles Chaplin,1925,95,12,2021-07-01 13:00,6.50
5766,"Crna macka, beli macor",Comedy,Emir Kusturica,1998,127,16,2021-07-01 10:00,8.00
5767,"Planes, Trains & Automobiles",Comedy,John Hughes,1987,93,0,2021-06-30 15:30,7.50
5768,The Princess Bride,Adventure,Rob Reiner,1987,98,0,2021-06-30 13:00,8.00
5769,Vampire Hunter D: Bloodlust,Animation,Yoshiaki Kawajiri,2000,103,0,2021-06-30 10:30,8.00
5770,Brief Encounter,Drama,David Lean,1945,86,0,2021-06-29 10:00,8.00
5771,"Planes, Trains & Automobiles",Comedy,John Hughes,1987,93,0,2021-06-28 16:00,6.50
5772,The Princess Bride,Adventure,Rob Reiner,1987,98,0,2021-06-28 13:30,7.50
5773,Jaws,Adventure,Steven Spielberg,1975,124,12,2021-06-28 10:30,6.50
5774,The Princess Bride,Adventure,Rob Reiner,1987,98,0,2021-06-27 19:30,9.50
5775,Once Upon a Time... in Hollywood,Comedy,Quentin Tarantino,2019,161,12,2021-06-27 16:00,7.50
5776,Trois couleurs: Rouge,Drama,Krzysztof Kieslowski,1994,99,0,2021-06-27 13:30,8.50
5777,Alien,Horror,Ridley Scott,1979,117,16,2021-06-27 10:30,8.50
5778,The Lost Weekend,Drama,Billy Wilder,1945,101,12,2021-06-26 18:30,9.00
5779,Harold and Maude,Comedy,Hal Ashby,1971,91,6,2021-06-26 16:00,8.00
5780,Sabrina,Comedy,Billy Wilder,1954,113,12,2021-06-26 13:30,7.00
5781,Omohide poro poro,Animation,Isao Takahata,1991,118,0,2021-06-26 10:30,8.50
5782,"Planes, Trains & Automobiles",Comedy,John Hughes,1987,93,0,2021-06-25 12:30,8.50
5783,Alien,Horror,Ridley Scott,1979,117,16,2021-06-25 10:00,8.00
5784,Scarface: The Shame of the Nation,Action,Howard Hawks,1932,93,6,2021-06-24 13:00,7.00
5785,Primal Fear,Crime,Gregory Hoblit,1996,129,12,2021-06-24 10:00,8.50
5786,It's a Wonderful Life,Drama,Frank Capra,1946,130,6,2021-06-23 15:30,8.00
5787,Dazed and Confused,Comedy,Richard Linklater,1993,102,0,2021-06-23 13:00,8.50
5788,Dazed and Confused,Comedy,Richard Linklater,1993,102,0,2021-06-23 10:30,7.50
5789,In a Lonely Place,Drama,Nicholas Ray,1950,94,12,2021-06-22 12:00,6.50
5790,Invasion of the Body Snatchers,Drama,Don Siegel,1956,80,12,2021-06-22 10:00,8.00
5791,Fried Green Tomatoes,Drama,Jon Avnet,1991,130,12,2021-06-21 13:30,8.50
5792,8½,Drama,Federico Fellini,1963,138,12,2021-06-21 10:30,8.50
5793,Where Eagles Dare,Action,Brian G. Hutton,1968,158,0,2021-06-20 19:00,9.00
5794,Nuovo Cinema Paradiso,Drama,Giuseppe Tornatore,1988,155,0,2021-06-20 15:30,6.50
5795,"Crna macka, beli macor",Comedy,Emir Kusturica,1998,127,16,2021-06-20 12:30,8.50
5796,Vampire Hunter D: Bloodlust,Animation,Yoshiaki Kawajiri,2000,103,0,2021-06-20 10:00,7.00
5797,Y tu mamá también,Drama,Alfonso Cuarón,2001,106,12,2021-06-19 15:00,8.50
5798,Scarface: The Shame of the Nation,Action,Howard Hawks,1932,93,6,2021-06-19 12:30,8.50
5799,Dark City,Mystery,Alex Proyas,1998,100,12,2021-06-19 10:00,8.50
5800,Harold and Maude,Comedy,Hal Ashby,1971,91,6,2021-06-18 10:00,8.00
5801,Trois couleurs: Rouge,Drama,Krzysztof Kieslowski,1994,99,0,2021-06-17 15:30,7.00
5802,Dazed and Confused,Comedy,Richard Linklater,1993,102,0,2021-06-17 13:00,6.50
5803,"Crna macka, beli macor",Comedy,Emir Kusturica,1998,127,16,2021-06-17 10:00,8.50
5804,Brief Encounter,Drama,David Lean,1945,86,0,2021-06-16 12:00,7.00
5805,Brief Encounter,Drama,David Lean,1945,86,0,2021-06-16 10:00,7.50
5806,Gully Boy,Drama,Zoya Akhtar,2019,154,12,2021-06-15 12:30,8.50
5807,Vizontele,Comedy,Yilmaz Erdogan,2001,110,12,2021-06-15 10:00,7.00
5808,Omohide poro poro,Animation,Isao Takahata,1991,118,0,2021-06-14 10:00,6.50
5809,Scent of a Woman,Drama,Martin Brest,1992,156,12,2021-06-13 20:30,10.00
5810,Jaws,Adventure,Steven Spielberg,1975,124,12,2021-06-13 17:30,8.50
5811,Gully Boy,Drama,Zoya Akhtar,2019,154,12,2021-06-13 14:00,8.50
5812,Soorarai Pottru,Drama,Sudha Kongara,2020,153,0,2021-06-13 10:30,7.00
5813,The Princess Bride,Adventure,Rob Reiner,1987,98,0,2021-06-12 16:00,8.00
5814,Gully Boy,Drama,Zoya Akhtar,2019,154,12,2021-06-12 12:30,6.50
5815,Trois couleurs: Rouge,Drama,Krzysztof Kieslowski,1994,99,0,2021-06-12 10:00,7.50
5816,Vertigo,Mystery,Alfred Hitchcock,1958,128,12,2021-06-11 16:30,8.50
5817,Vizontele,Comedy,Yilmaz Erdogan,2001,110,12,2021-06-11 13:30,7.00
5818,Soorarai Pottru,Drama,Sudha Kongara,2020,153,0,2021-06-11 10:00,8.50
5819,Singin' in the Rain,Comedy,Stanley Donen,1952,103,0,2021-06-10 16:30,6.50
5820,Scent of a Woman,Drama,Martin Brest,1992,156,12,2021-06-10 13:00,8.00
5821,Bacheha-Ye aseman,Drama,Majid Majidi,1997,89,6,2021-06-10 10:30,7.00
5822,Jaws,Adventure,Steven Spielberg,1975,124,12,2021-06-09 16:30,7.50
5823,Nuovo Cinema Paradiso,Drama,Giuseppe Tornatore,1988,155,0,2021-06-09 13:00,8.50
5824,Alien,Horror,Ridley Scott,1979,117,16,2021-06-09 10:00,6.50
5825,Ford v Ferrari,Action,James Mangold,2019,152,12,2021-06-08 10:30,7.50
5826,Alien,Horror,Ridley Scott,1979,117,16,2021-06-07 10:00,6.50
5827,Alien,Horror,Ridley Scott,1979,117,16,2021-06-06 15:30,8.50
5828,Harvey,Comedy,Henry Koster,1950,104,12,2021-06-06 13:00,8.50
5829,Dazed and Confused,Comedy,Richard Linklater,1993,102,0,2021-06-06 10:30,8.50
5830,Dom za vesanje,Comedy,Emir Kusturica,1988,142,16,2021-06-05 18:00,8.50
5831,On Golden Pond,Drama,Mark Rydell,1981,109,12,2021-06-05 15:30,7.00
5832,Being John Malkovich,Comedy,Spike Jonze,1999,113,16,2021-06-05 13:00,7.50
5833,Night on Earth,Comedy,Jim Jarmusch,1991,129,16,2021-06-05 10:00,7.50
5834,Trois couleurs: Rouge,Drama,Krzysztof Kieslowski,1994,99,0,2021-06-04 10:30,8.00
5835,Scent of a Woman,Drama,Martin Brest,1992,156,12,2021-06-03 14:00,8.00
5836,Dances with Wolves,Adventure,Kevin Costner,1990,181,0,2021-06-03 10:00,8.00
5837,Rupan sansei: Kariosutoro no shiro,Animation,Hayao Miyazaki,1979,100,0,2021-06-02 16:30,6.50
5838,Dom za vesanje,Comedy,Emir Kusturica,1988,142,16,2021-06-02 13:00,8.50
5839,It's a Wonderful Life,Drama,Frank Capra,1946,130,6,2021-06-02 10:00,8.00
5840,Jaws,Adventure,Steven Spielberg,1975,124,12,2021-06-01 13:00,8.00
5841,Dom za vesanje,Comedy,Emir Kusturica,1988,142,16,2021-06-01 10:00,7.00
5842,Night on Earth,Comedy,Jim Jarmusch,1991,129,16,2021-05-31 12:30,8.00
5843,On Golden Pond,Drama,Mark Rydell,1981,109,12,2021-05-31 10:00,8.50
5844,Singin' in the Rain,Comedy,Stanley Donen,1952,103,0,2021-05-30 17:00,8.50
5845,Amélie,Comedy,Jean-Pierre Jeunet,2001,122,0,2021-05-30 14:00,8.00
5846,Duck Soup,Comedy,Leo McCarey,1933,69,12,2021-05-30 12:00,8.00
5847,The Iron Giant,Animation,Brad Bird,1999,86,6,2021-05-30 10:00,8.50
5848,Primal Fear,Crime,Gregory Hoblit,1996,129,12,2021-05-29 18:30,10.00
5849,Vizontele,Comedy,Yilmaz Erdogan,2001,110,12,2021-05-29 16:00,8.00
5850,Vizontele,Comedy,Yilmaz Erdogan,2001,110,12,2021-05-29 13:00,8.00
5851,Ikiru,Drama,Akira Kurosawa,1952,143,12,2021-05-29 10:00,6.50
5852,Todo sobre mi madre,Drama,Pedro Almodóvar,1999,101,16,2021-05-28 16:00,7.00
5853,True Romance,Crime,Tony Scott,1993,119,16,2021-05-28 13:00,6.50
5854,The Boondock Saints,Action,Troy Duffy,1999,108,16,2021-05-28 10:30,7.50
5855,"Planes, Trains & Automobiles",Comedy,John Hughes,1987,93,0,2021-05-27 15:30,6.50
5856,Jaws,Adventure,Steven Spielberg,1975,124,12,2021-05-27 12:30,8.50
5857,"Planes, Trains & Automobiles",Comedy,John Hughes,1987,93,0,2021-05-27 10:00,7.50
5858,"Crna macka, beli macor",Comedy,Emir Kusturica,1998,127,16,2021-05-26 16:30,8.00
5859,Pulp Fiction,Crime,Quentin Tarantino,1994,154,12,2021-05-26 13:00,8.00
5860,The Truman Show,Comedy,Peter Weir,1998,103,0,2021-05-26 10:30,8.50
5861,High Noon,Drama,Fred Zinnemann,1952,85,6,2021-05-25 10:00,7.00
5862,Ford v Ferrari,Action,James Mangold,2019,152,12,2021-05-24 16:00,7.00
5863,Unforgiven,Drama,Clint Eastwood,1992,130,12,2021-05-24 13:00,8.00
5864,The Princess Bride,Adventure,Rob Reiner,1987,98,0,2021-05-24 10:30,7.00
5865,Bacheha-Ye aseman,Drama,Majid Majidi,1997,89,6,2021-05-23 18:00,8.50
5866,Sunset Blvd.,Drama,Billy Wilder,1950,110,12,2021-05-23 15:30,8.50
5867,It's a Wonderful Life,Drama,Frank Capra,1946,130,6,2021-05-23 12:30,6.50
5868,The Iron Giant,Animation,Brad Bird,1999,86,6,2021-05-23 10:00,7.50
5869,Amélie,Comedy,Jean-Pierre Jeunet,2001,122,0,2021-05-22 18:30,9.50
5870,Todo sobre mi madre,Drama,Pedro Almodóvar,1999,101,16,2021-05-22 16:00,8.50
5871,Jaws,Adventure,Steven Spielberg,1975,124,12,2021-05-22 13:00,7.00
5872,Being John Malkovich,Comedy,Spike Jonze,1999,113,16,2021-05-22 10:30,7.00
5873,Bacheha-Ye aseman,Drama,Majid Majidi,1997,89,6,2021-05-21 16:30,7.00
5874,Ikiru,Drama,Akira Kurosawa,1952,143,12,2021-05-21 13:00,7.50
5875,Primal Fear,Crime,Gregory Hoblit,1996,129,12,2021-05-21 10:00,6.50
5876,The Boondock Saints,Action,Troy Duffy,1999,108,16,2021-05-20 10:30,7.00
5877,Dances with Wolves,Adventure,Kevin Costner,1990,181,0,2021-05-19 13:30,7.50
5878,Ford v Ferrari,Action,James Mangold,2019,152,12,2021-05-19 10:00,7.50
5879,Pulp Fiction,Crime,Quentin Tarantino,1994,154,12,2021-05-18 13:00,7.00
5880,Primal Fear,Crime,Gregory Hoblit,1996,129,12,2021-05-18 10:00,7.00
5881,Harvey,Comedy,Henry Koster,1950,104,12,2021-05-17 16:00,8.50
5882,Amélie,Comedy,Jean-Pierre Jeunet,2001,122,0,2021-05-17 13:00,8.50
5883,The Princess Bride,Adventure,Rob Reiner,1987,98,0,2021-05-17 10:30,8.00
5884,Unforgiven,Drama,Clint Eastwood,1992,130,12,2021-05-16 18:00,8.50
5885,Jaws,Adventure,Steven Spielberg,1975,124,12,2021-05-16 15:00,7.00
5886,The Princess Bride,Adventure,Rob Reiner,1987,98,0,2021-05-16 12:30,8.00
5887,The Princess Bride,Adventure,Rob Reiner,1987,98,0,2021-05-16 10:00,8.00
5888,Duck Soup,Comedy,Leo McCarey,1933,69,12,2021-05-15 17:30,8.00
5889,Being John Malkovich,Comedy,Spike Jonze,1999,113,16,2021-05-15 15:00,7.50
5890,The Sandlot,Comedy,David Mickey Evans,1993,101,0,2021-05-15 12:30,8.00
5891,The Princess Bride,Adventure,Rob Reiner,1987,98,0,2021-05-15 10:00,7.50
5892,Primal Fear,Crime,Gregory Hoblit,1996,129,12,2021-05-14 10:00,6.50
5893,Ford v Ferrari,Action,James Mangold,2019,152,12,2021-05-13 13:30,7.00
5894,Primal Fear,Crime,Gregory Hoblit,1996,129,12,2021-05-13 10:30,8.00
5895,Sunset Blvd.,Drama,Billy Wilder,1950,110,12,2021-05-12 13:30,8.50
5896,True Romance,Crime,Tony Scott,1993,119,16,2021-05-12 10:30,6.50
5897,Ford v Ferrari,Action,James Mangold,2019,152,12,2021-05-11 10:00,7.00
5898,Ford v Ferrari,Action,James Mangold,2019,152,12,2021-05-10 10:00,7.50
5899,Duck Soup,Comedy,Leo McCarey,1933,69,12,2021-05-09 15:30,8.50
5900,Duck Soup,Comedy,Leo McCarey,1933,69,12,2021-05-09 13:30,7.00
5901,Dead Poets Society,Comedy,Peter Weir,1989,128,0,2021-05-09 10:30,6.50
5902,Being John Malkovich,Comedy,Spike Jonze,1999,113,16,2021-05-08 16:00,6.50
5903,True Romance,Crime,Tony Scott,1993,119,16,2021-05-08 13:00,6.50
5904,The Peanut Butter Falcon,Adventure,Tyler Nilson,2019,97,12,2021-05-08 10:30,8.50
5905,The Sandlot,Comedy,David Mickey Evans,1993,101,0,2021-05-07 13:30,8.00
5906,It's a Wonderful Life,Drama,Frank Capra,1946,130,6,2021-05-07 10:30,7.50
5907,Dead Poets Society,Comedy,Peter Weir,1989,128,0,2021-05-06 12:30,8.50
5908,The Truman Show,Comedy,Peter Weir,1998,103,0,2021-05-06 10:00,7.00
5909,Y tu mamá también,Drama,Alfonso Cuarón,2001,106,12,2021-05-05 10:30,8.00
5910,Harvey,Comedy,Henry Koster,1950,104,12,2021-05-04 15:30,7.50
5911,The Truman Show,Comedy,Peter Weir,1998,103,0,2021-05-04 13:00,7.00
5912,Sunset Blvd.,Drama,Billy Wilder,1950,110,12,2021-05-04 10:00,6.50
5913,Being There,Comedy,Hal Ashby,1979,130,6,2021-05-03 17:30,7.00
5914,Tengoku to jigoku,Crime,Akira Kurosawa,1963,143,12,2021-05-03 14:30,8.50
5915,Dances with Wolves,Adventure,Kevin Costner,1990,181,0,2021-05-03 10:30,7.50
5916,The Truman Show,Comedy,Peter Weir,1998,103,0,2021-05-02 15:00,6.50
5917,Duck Soup,Comedy,Leo McCarey,1933,69,12,2021-05-02 13:00,8.50
5918,Y tu mamá también,Drama,Alfonso Cuarón,2001,106,12,2021-05-02 10:30,7.50
5919,Il conformista,Drama,Bernardo Bertolucci,1970,113,12,2021-05-01 14:00,8.00
5920,Batman: Mask of the Phantasm,Animation,Kevin Altieri,1993,76,6,2021-05-01 12:00,6.50
5921,Duck Soup,Comedy,Leo McCarey,1933,69,12,2021-05-01 10:00,8.00
5922,Dances with Wolves,Adventure,Kevin Costner,1990,181,0,2021-04-30 15:30,6.50
5923,The Sandlot,Comedy,David Mickey Evans,1993,101,0,2021-04-30 13:00,8.50
5924,The Searchers,Adventure,John Ford,1956,119,12,2021-04-30 10:30,6.50
5925,Bacheha-Ye aseman,Drama,Majid Majidi,1997,89,6,2021-04-29 10:30,7.00
5926,Trois couleurs: Blanc,Comedy,Krzysztof Kieslowski,1994,92,0,2021-04-28 16:30,7.00
5927,True Romance,Crime,Tony Scott,1993,119,16,2021-04-28 13:30,8.50
5928,Blow,Biography,Ted Demme,2001,124,16,2021-04-28 10:30,7.50
5929,The Boondock Saints,Action,Troy Duffy,1999,108,16,2021-04-27 10:30,6.50
5930,Blow,Biography,Ted Demme,2001,124,16,2021-04-26 12:00,7.50
5931,Batman: Mask of the Phantasm,Animation,Kevin Altieri,1993,76,6,2021-04-26 10:00,8.50
5932,Il conformista,Drama,Bernardo Bertolucci,1970,113,12,2021-04-25 17:30,7.00
5933,Trois couleurs: Blanc,Comedy,Krzysztof Kieslowski,1994,92,0,2021-04-25 15:00,7.50
5934,Le notti di Cabiria,Drama,Federico Fellini,1957,110,12,2021-04-25 12:30,8.50
5935,The Boondock Saints,Action,Troy Duffy,1999,108,16,2021-04-25 10:00,6.50
5936,Il conformista,Drama,Bernardo Bertolucci,1970,113,12,2021-04-24 16:30,7.00
5937,Les diaboliques,Crime,Henri-Georges Clouzot,1955,117,12,2021-04-24 13:30,8.50
5938,Il conformista,Drama,Bernardo Bertolucci,1970,113,12,2021-04-24 10:30,7.50
5939,Il conformista,Drama,Bernardo Bertolucci,1970,113,12,2021-04-23 15:30,8.50
5940,Network,Drama,Sidney Lumet,1976,121,12,2021-04-23 12:30,8.00
5941,Sunset Blvd.,Drama,Billy Wilder,1950,110,12,2021-04-23 10:00,6.50
5942,The Boondock Saints,Action,Troy Duffy,1999,108,16,2021-04-22 10:30,7.50
5943,The Nightmare Before Christmas,Animation,Henry Selick,1993,76,0,2021-04-21 15:30,8.00
5944,The Sandlot,Comedy,David Mickey Evans,1993,101,0,2021-04-21 13:00,8.50
5945,The Shawshank Redemption,Drama,Frank Darabont,1994,142,12,2021-04-21 10:00,6.50
5946,Dead Poets Society,Comedy,Peter Weir,1989,128,0,2021-04-20 13:00,8.00
5947,Toy Story 4,Animation,Josh Cooley,2019,100,0,2021-04-20 10:30,8.50
5948,Blow,Biography,Ted Demme,2001,124,16,2021-04-19 16:00,7.50
5949,Being There,Comedy,Hal Ashby,1979,130,6,2021-04-19 13:00,8.00
5950,Bacheha-Ye aseman,Drama,Majid Majidi,1997,89,6,2021-04-19 10:30,7.50
5951,The Searchers,Adventure,John Ford,1956,119,12,2021-04-18 15:00,8.00
5952,Y tu mamá también,Drama,Alfonso Cuarón,2001,106,12,2021-04-18 12:30,6.50
5953,The French Connection,Action,William Friedkin,1971,104,12,2021-04-18 10:00,8.00
5954,Trois couleurs: Blanc,Comedy,Krzysztof Kieslowski,1994,92,0,2021-04-17 19:00,9.00
5955,Dip huet seung hung,Action,John Woo,1989,111,16,2021-04-17 16:30,7.50
5956,Alien,Horror,Ridley Scott,1979,117,16,2021-04-17 13:30,6.50
5957,E.T. the Extra-Terrestrial,Family,Steven Spielberg,1982,115,0,2021-04-17 10:30,6.50
5958,E.T. the Extra-Terrestrial,Family,Steven Spielberg,1982,115,0,2021-04-16 12:30,6.50
5959,Il conformista,Drama,Bernardo Bertolucci,1970,113,12,2021-04-16 10:00,6.50
5960,E.T. the Extra-Terrestrial,Family,Steven Spielberg,1982,115,0,2021-04-15 16:00,7.50
5961,Office Space,Comedy,Mike Judge,1999,89,16,2021-04-15 13:30,7.50
5962,Being There,Comedy,Hal Ashby,1979,130,6,2021-04-15 10:30,7.00
5963,Chung Hing sam lam,Comedy,Kar-Wai Wong,1994,102,0,2021-04-14 16:30,8.00
5964,The Trial of the Chicago 7,Drama,Aaron Sorkin,2020,129,16,2021-04-14 13:30,8.50
5965,Being There,Comedy,Hal Ashby,1979,130,6,2021-04-14 10:30,6.50
5966,La vita è bella,Comedy,Roberto Benigni,1997,116,0,2021-04-13 16:00,8.00
5967,Being There,Comedy,Hal Ashby,1979,130,6,2021-04-13 13:00,6.50
5968,Remember the Titans,Biography,Boaz Yakin,2000,113,0,2021-04-13 10:00,7.50
5969,La battaglia di Algeri,Drama,Gillo Pontecorvo,1966,121,12,2021-04-12 15:30,7.50
5970,Sunset Blvd.,Drama,Billy Wilder,1950,110,12,2021-04-12 13:00,6.50
5971,Chung Hing sam lam,Comedy,Kar-Wai Wong,1994,102,0,2021-04-12 10:30,8.00
5972,Lifeboat,Drama,Alfred Hitchcock,1944,97,12,2021-04-11 18:30,9.50
5973,Toy Story 4,Animation,Josh Cooley,2019,100,0,2021-04-11 16:00,7.50
5974,Dead Poets Society,Comedy,Peter Weir,1989,128,0,2021-04-11 13:00,7.00
5975,Chung Hing sam lam,Comedy,Kar-Wai Wong,1994,102,0,2021-04-11 10:30,7.00
5976,The Trial of the Chicago 7,Drama,Aaron Sorkin,2020,129,16,2021-04-10 16:00,6.50
5977,E.T. the Extra-Terrestrial,Family,Steven Spielberg,1982,115,0,2021-04-10 13:00,8.50
5978,Jûbê ninpûchô,Animation,Yoshiaki Kawajiri,1993,94,12,2021-04-10 10:30,7.50
5979,La vita è bella,Comedy,Roberto Benigni,1997,116,0,2021-04-09 10:30,7.00
5980,Harvey,Comedy,Henry Koster,1950,104,12,2021-04-08 13:30,7.50
5981,Dead Poets Society,Comedy,Peter Weir,1989,128,0,2021-04-08 10:30,8.00
5982,Toy Story 4,Animation,Josh Cooley,2019,100,0,2021-04-07 15:30,7.50
5983,Lifeboat,Drama,Alfred Hitchcock,1944,97,12,2021-04-07 13:00,8.50
5984,La vita è bella,Comedy,Roberto Benigni,1997,116,0,2021-04-07 10:30,8.50
5985,E.T. the Extra-Terrestrial,Family,Steven Spielberg,1982,115,0,2021-04-06 10:00,7.00
5986,Toy Story 4,Animation,Josh Cooley,2019,100,0,2021-04-05 13:30,8.50
5987,The Shawshank Redemption,Drama,Frank Darabont,1994,142,12,2021-04-05 10:00,6.50
5988,The Peanut Butter Falcon,Adventure,Tyler Nilson,2019,97,12,2021-04-04 18:30,8.50
5989,La passion de Jeanne d'Arc,Biography,Carl Theodor Dreyer,1928,110,12,2021-04-04 16:00,8.00
5990,The Shawshank Redemption,Drama,Frank Darabont,1994,142,12,2021-04-04 13:00,7.00
5991,Y tu mamá también,Drama,Alfonso Cuarón,2001,106,12,2021-04-04 10:30,7.50
5992,Jûbê ninpûchô,Animation,Yoshiaki Kawajiri,1993,94,12,2021-04-03 16:30,6.50
5993,The Peanut Butter Falcon,Adventure,Tyler Nilson,2019,97,12,2021-04-03 14:00,6.50
5994,Hamilton,Biography,Thomas Kail,2020,160,12,2021-04-03 10:30,7.00
5995,The Trial of the Chicago 7,Drama,Aaron Sorkin,2020,129,16,2021-04-02 12:30,7.00
5996,La passion de Jeanne d'Arc,Biography,Carl Theodor Dreyer,1928,110,12,2021-04-02 10:00,8.50
5997,Toy Story 4,Animation,Josh Cooley,2019,100,0,2021-04-01 15:00,8.00
5998,Sunset Blvd.,Drama,Billy Wilder,1950,110,12,2021-04-01 12:30,7.50
5999,Remember the Titans,Biography,Boaz Yakin,2000,113,0,2021-04-01 10:00,7.00
6000,Office Space,Comedy,Mike Judge,1999,89,16,2021-03-31 10:00,6.50
6001,Le notti di Cabiria,Drama,Federico Fellini,1957,110,12,2021-03-30 13:30,8.50
6002,Dog Day Afternoon,Biography,Sidney Lumet,1975,125,0,2021-03-30 10:30,6.50
6003,La battaglia di Algeri,Drama,Gillo Pontecorvo,1966,121,12,2021-03-29 10:00,8.00
6004,Lat sau san taam,Action,John Woo,1992,128,16,2021-03-28 15:30,7.50
6005,Trois couleurs: Blanc,Comedy,Krzysztof Kieslowski,1994,92,0,2021-03-28 13:00,8.00
6006,The Innocents,Horror,Jack Clayton,1961,100,12,2021-03-28 10:30,7.50
6007,The Searchers,Adventure,John Ford,1956,119,12,2021-03-27 16:00,8.50
6008,The French Connection,Action,William Friedkin,1971,104,12,2021-03-27 13:30,7.50
6009,The Searchers,Adventure,John Ford,1956,119,12,2021-03-27 10:30,7.00
6010,Y tu mamá también,Drama,Alfonso Cuarón,2001,106,12,2021-03-26 15:30,8.50
6011,Der Name der Rose,Crime,Jean-Jacques Annaud,1986,130,16,2021-03-26 12:30,8.00
6012,Lifeboat,Drama,Alfred Hitchcock,1944,97,12,2021-03-26 10:00,6.50
6013,La dolce vita,Comedy,Federico Fellini,1960,174,12,2021-03-25 14:30,8.00
6014,The French Connection,Action,William Friedkin,1971,104,12,2021-03-25 12:00,8.50
6015,Rope,Crime,Alfred Hitchcock,1948,80,12,2021-03-25 10:00,8.50
6016,8½,Drama,Federico Fellini,1963,138,12,2021-03-24 15:30,6.50
6017,Lifeboat,Drama,Alfred Hitchcock,1944,97,12,2021-03-24 13:00,7.00
6018,Remember the Titans,Biography,Boaz Yakin,2000,113,0,2021-03-24 10:00,7.50
6019,Y tu mamá también,Drama,Alfonso Cuarón,2001,106,12,2021-03-23 10:00,7.00
6020,Toy Story 4,Animation,Josh Cooley,2019,100,0,2021-03-22 13:00,8.00
6021,Dog Day Afternoon,Biography,Sidney Lumet,1975,125,0,2021-03-22 10:00,7.50
6022,Dog Day Afternoon,Biography,Sidney Lumet,1975,125,0,2021-03-21 20:00,9.00
6023,Jûbê ninpûchô,Animation,Yoshiaki Kawajiri,1993,94,12,2021-03-21 17:30,6.50
6024,Network,Drama,Sidney Lumet,1976,121,12,2021-03-21 14:30,7.00
6025,Braveheart,Biography,Mel Gibson,1995,178,12,2021-03-21 10:30,7.00
6026,The French Connection,Action,William Friedkin,1971,104,12,2021-03-20 17:30,6.50
6027,The French Connection,Action,William Friedkin,1971,104,12,2021-03-20 15:00,7.50
6028,Cape Fear,Drama,J. Lee Thompson,1962,106,12,2021-03-20 12:30,7.50
6029,Lifeboat,Drama,Alfred Hitchcock,1944,97,12,2021-03-20 10:00,6.50
6030,La passion de Jeanne d'Arc,Biography,Carl Theodor Dreyer,1928,110,12,2021-03-19 15:00,6.50
6031,Jûbê ninpûchô,Animation,Yoshiaki Kawajiri,1993,94,12,2021-03-19 12:30,8.50
6032,The French Connection,Action,William Friedkin,1971,104,12,2021-03-19 10:00,7.50
6033,Dirty Harry,Action,Don Siegel,1971,102,12,2021-03-18 10:00,8.50
6034,Braveheart,Biography,Mel Gibson,1995,178,12,2021-03-17 13:00,7.50
6035,E.T. the Extra-Terrestrial,Family,Steven Spielberg,1982,115,0,2021-03-17 10:00,7.00
6036,Remember the Titans,Biography,Boaz Yakin,2000,113,0,2021-03-16 10:30,6.50
6037,The Ten Commandments,Adventure,Cecil B. DeMille,1956,220,0,2021-03-15 13:00,7.00
6038,The Last of the Mohicans,Action,Michael Mann,1992,112,12,2021-03-15 10:30,7.00
6039,The Searchers,Adventure,John Ford,1956,119,12,2021-03-14 17:00,6.50
6040,8½,Drama,Federico Fellini,1963,138,12,2021-03-14 14:00,8.50
6041,Fitzcarraldo,Adventure,Werner Herzog,1982,158,16,2021-03-14 10:30,8.00
6042,La dolce vita,Comedy,Federico Fellini,1960,174,12,2021-03-13 15:30,8.50
6043,The Innocents,Horror,Jack Clayton,1961,100,12,2021-03-13 13:00,8.00
6044,Cape Fear,Drama,J. Lee Thompson,1962,106,12,2021-03-13 10:30,6.50
6045,Dog Day Afternoon,Biography,Sidney Lumet,1975,125,0,2021-03-12 13:30,7.50
6046,Amores perros,Drama,Alejandro G. Iñárritu,2000,154,12,2021-03-12 10:00,7.00
6047,Amores perros,Drama,Alejandro G. Iñárritu,2000,154,12,2021-03-11 10:30,6.50
6048,The Last of the Mohicans,Action,Michael Mann,1992,112,12,2021-03-10 13:00,8.50
6049,La passion de Jeanne d'Arc,Biography,Carl Theodor Dreyer,1928,110,12,2021-03-10 10:00,8.50
6050,The Jungle Book,Animation,Wolfgang Reitherman,1967,78,0,2021-03-09 15:30,7.00
6051,Cape Fear,Drama,J. Lee Thompson,1962,106,12,2021-03-09 13:00,7.50
6052,E.T. the Extra-Terrestrial,Family,Steven Spielberg,1982,115,0,2021-03-09 10:00,7.50
6053,Lat sau san taam,Action,John Woo,1992,128,16,2021-03-08 13:00,8.50
6054,Network,Drama,Sidney Lumet,1976,121,12,2021-03-08 10:00,6.50
6055,Harry Potter and the Sorcerer's Stone,Adventure,Chris Columbus,2001,152,0,2021-03-07 16:00,7.50
6056,Lat sau san taam,Action,John Woo,1992,128,16,2021-03-07 13:00,8.50
6057,Lat sau san taam,Action,John Woo,1992,128,16,2021-03-07 10:00,8.50
6058,Toy Story 4,Animation,Josh Cooley,2019,100,0,2021-03-06 17:00,7.50
6059,Persona,Drama,Ingmar Bergman,1966,85,12,2021-03-06 15:00,8.50
6060,"Aguirre, der Zorn Gottes",Action,Werner Herzog,1972,95,12,2021-03-06 12:30,7.50
6061,The Last of the Mohicans,Action,Michael Mann,1992,112,12,2021-03-06 10:00,7.00
6062,Jûbê ninpûchô,Animation,Yoshiaki Kawajiri,1993,94,12,2021-03-05 13:00,7.50
6063,Rebecca,Drama,Alfred Hitchcock,1940,130,12,2021-03-05 10:00,8.00
6064,La battaglia di Algeri,Drama,Gillo Pontecorvo,1966,121,12,2021-03-04 16:30,8.00
6065,Hamilton,Biography,Thomas Kail,2020,160,12,2021-03-04 13:00,7.00
6066,The Last of the Mohicans,Action,Michael Mann,1992,112,12,2021-03-04 10:30,8.00
6067,Boyz n the Hood,Crime,John Singleton,1991,112,12,2021-03-03 15:30,7.00
6068,Cape Fear,Drama,J. Lee Thompson,1962,106,12,2021-03-03 13:00,7.50
6069,Cape Fear,Drama,J. Lee Thompson,1962,106,12,2021-03-03 10:30,7.50
6070,8½,Drama,Federico Fellini,1963,138,12,2021-03-02 12:30,8.50
6071,Jûbê ninpûchô,Animation,Yoshiaki Kawajiri,1993,94,12,2021-03-02 10:00,7.50
6072,Rebecca,Drama,Alfred Hitchcock,1940,130,12,2021-03-01 13:00,8.50
6073,"Aguirre, der Zorn Gottes",Action,Werner Herzog,1972,95,12,2021-03-01 10:30,8.00
6074,Stalag 17,Comedy,Billy Wilder,1953,120,12,2021-02-28 20:00,8.50
6075,Rebecca,Drama,Alfred Hitchcock,1940,130,12,2021-02-28 17:00,8.50
6076,Harry Potter and the Sorcerer's Stone,Adventure,Chris Columbus,2001,152,0,2021-02-28 13:30,7.00
6077,8½,Drama,Federico Fellini,1963,138,12,2021-02-28 10:00,7.50
6078,The Magnificent Seven,Action,John Sturges,1960,128,12,2021-02-27 20:00,8.50
6079,Fitzcarraldo,Adventure,Werner Herzog,1982,158,16,2021-02-27 16:30,7.00
6080,Le salaire de la peur,Adventure,Henri-Georges Clouzot,1953,131,0,2021-02-27 13:30,6.50
6081,Stalag 17,Comedy,Billy Wilder,1953,120,12,2021-02-27 10:30,6.50
6082,Amores perros,Drama,Alejandro G. Iñárritu,2000,154,12,2021-02-26 15:00,8.00
6083,The Philadelphia Story,Comedy,George Cukor,1940,112,12,2021-02-26 12:30,8.00
6084,Office Space,Comedy,Mike Judge,1999,89,16,2021-02-26 10:30,8.00
6085,Seppuku,Action,Masaki Kobayashi,1962,133,12,2021-02-25 10:30,8.00
6086,Braveheart,Biography,Mel Gibson,1995,178,12,2021-02-24 10:00,7.50
6087,The Ten Commandments,Adventure,Cecil B. DeMille,1956,220,0,2021-02-23 12:30,7.00
6088,Persona,Drama,Ingmar Bergman,1966,85,12,2021-02-23 10:00,7.50
6089,Jûbê ninpûchô,Animation,Yoshiaki Kawajiri,1993,94,12,2021-02-22 16:00,8.50
6090,Rebecca,Drama,Alfred Hitchcock,1940,130,12,2021-02-22 13:00,7.00
6091,Le salaire de la peur,Adventure,Henri-Georges Clouzot,1953,131,0,2021-02-22 10:00,7.50
6092,Snatch,Comedy,Guy Ritchie,2000,104,12,2021-02-21 20:00,10.00
6093,La dolce vita,Comedy,Federico Fellini,1960,174,12,2021-02-21 16:30,8.50
6094,Fitzcarraldo,Adventure,Werner Herzog,1982,158,16,2021-02-21 13:00,7.00
6095,All About Eve,Drama,Joseph L. Mankiewicz,1950,138,12,2021-02-21 10:00,7.50
6096,October Sky,Biography,Joe Johnston,1999,108,6,2021-02-20 16:30,8.50
6097,Lat sau san taam,Action,John Woo,1992,128,16,2021-02-20 13:30,7.50
6098,Lat sau san taam,Action,John Woo,1992,128,16,2021-02-20 10:30,7.00
6099,Paper Moon,Comedy,Peter Bogdanovich,1973,102,0,2021-02-19 10:00,7.00
6100,Snatch,Comedy,Guy Ritchie,2000,104,12,2021-02-18 16:30,8.50
6101,Seppuku,Action,Masaki Kobayashi,1962,133,12,2021-02-18 13:30,8.00
6102,Tôkyô monogatari,Drama,Yasujirô Ozu,1953,136,0,2021-02-18 10:30,8.50
6103,Rope,Crime,Alfred Hitchcock,1948,80,12,2021-02-17 15:30,8.50
6104,"Aguirre, der Zorn Gottes",Action,Werner Herzog,1972,95,12,2021-02-17 13:00,8.50
6105,What Ever Happened to Baby Jane?,Drama,Robert Aldrich,1962,134,12,2021-02-17 10:00,8.00
6106,Persona,Drama,Ingmar Bergman,1966,85,12,2021-02-16 16:00,6.50
6107,October Sky,Biography,Joe Johnston,1999,108,6,2021-02-16 13:30,7.00
6108,Seppuku,Action,Masaki Kobayashi,1962,133,12,2021-02-16 10:30,6.50
6109,Persona,Drama,Ingmar Bergman,1966,85,12,2021-02-15 16:00,8.50
6110,All That Jazz,Drama,Bob Fosse,1979,123,12,2021-02-15 13:00,6.50
6111,Tôkyô monogatari,Drama,Yasujirô Ozu,1953,136,0,2021-02-15 10:00,7.00
6112,All About Eve,Drama,Joseph L. Mankiewicz,1950,138,12,2021-02-14 18:00,8.50
6113,Lost Highway,Mystery,David Lynch,1997,134,12,2021-02-14 15:00,7.00
6114,The Last of the Mohicans,Action,Michael Mann,1992,112,12,2021-02-14 12:30,7.50
6115,Sunrise: A Song of Two Humans,Drama,F.W. Murnau,1927,94,12,2021-02-14 10:00,8.50
6116,La dolce vita,Comedy,Federico Fellini,1960,174,12,2021-02-13 18:00,9.50
6117,In the Heat of the Night,Crime,Norman Jewison,1967,110,0,2021-02-13 15:00,6.50
6118,October Sky,Biography,Joe Johnston,1999,108,6,2021-02-13 12:30,7.00
6119,"Aguirre, der Zorn Gottes",Action,Werner Herzog,1972,95,12,2021-02-13 10:00,7.50
6120,In the Heat of the Night,Crime,Norman Jewison,1967,110,0,2021-02-12 12:30,8.50
6121,Rope,Crime,Alfred Hitchcock,1948,80,12,2021-02-12 10:00,7.50
6122,It's a Wonderful Life,Drama,Frank Capra,1946,130,6,2021-02-11 15:30,6.50
6123,Persona,Drama,Ingmar Bergman,1966,85,12,2021-02-11 13:00,6.50
6124,Lost Highway,Mystery,David Lynch,1997,134,12,2021-02-11 10:00,6.50
6125,Dog Day Afternoon,Biography,Sidney Lumet,1975,125,0,2021-02-10 14:00,8.00
6126,Saving Private Ryan,Drama,Steven Spielberg,1998,169,16,2021-02-10 10:30,6.50
6127,Office Space,Comedy,Mike Judge,1999,89,16,2021-02-09 15:30,7.00
6128,Seppuku,Action,Masaki Kobayashi,1962,133,12,2021-02-09 12:30,8.00
6129,"Aguirre, der Zorn Gottes",Action,Werner Herzog,1972,95,12,2021-02-09 10:00,7.00
6130,Seppuku,Action,Masaki Kobayashi,1962,133,12,2021-02-08 12:30,7.00
6131,In the Heat of the Night,Crime,Norman Jewison,1967,110,0,2021-02-08 10:00,7.00
6132,Boyz n the Hood,Crime,John Singleton,1991,112,12,2021-02-07 19:30,9.00
6133,Scarface: The Shame of the Nation,Action,Howard Hawks,1932,93,6,2021-02-07 17:00,7.50
6134,Stalag 17,Comedy,Billy Wilder,1953,120,12,2021-02-07 14:00,7.50
6135,Apocalypse Now,Drama,Francis Ford Coppola,1979,147,16,2021-02-07 10:30,8.50
6136,Sunrise: A Song of Two Humans,Drama,F.W. Murnau,1927,94,12,2021-02-06 16:00,8.00
6137,Lost Highway,Mystery,David Lynch,1997,134,12,2021-02-06 13:00,8.50
6138,The Trial of the Chicago 7,Drama,Aaron Sorkin,2020,129,16,2021-02-06 10:00,7.00
6139,Boyz n the Hood,Crime,John Singleton,1991,112,12,2021-02-05 10:00,6.50
6140,Sunrise: A Song of Two Humans,Drama,F.W. Murnau,1927,94,12,2021-02-04 10:00,7.50
6141,Apocalypse Now,Drama,Francis Ford Coppola,1979,147,16,2021-02-03 15:30,7.50
6142,Scarface: The Shame of the Nation,Action,Howard Hawks,1932,93,6,2021-02-03 13:00,8.50
6143,The Jungle Book,Animation,Wolfgang Reitherman,1967,78,0,2021-02-03 10:30,7.50
6144,Paper Moon,Comedy,Peter Bogdanovich,1973,102,0,2021-02-02 15:30,7.50
6145,Central do Brasil,Drama,Walter Salles,1998,110,16,2021-02-02 13:00,7.00
6146,"Aguirre, der Zorn Gottes",Action,Werner Herzog,1972,95,12,2021-02-02 10:30,8.50
6147,Cabaret,Drama,Bob Fosse,1972,124,12,2021-02-01 10:30,8.00
6148,Sunrise: A Song of Two Humans,Drama,F.W. Murnau,1927,94,12,2021-01-31 17:30,7.50
6149,The Ten Commandments,Adventure,Cecil B. DeMille,1956,220,0,2021-01-31 13:00,8.50
6150,Central do Brasil,Drama,Walter Salles,1998,110,16,2021-01-31 10:30,6.50
6151,Office Space,Comedy,Mike Judge,1999,89,16,2021-01-30 18:00,9.50
6152,La Grande Illusion,Drama,Jean Renoir,1937,113,12,2021-01-30 15:00,8.50
6153,The Ten Commandments,Adventure,Cecil B. DeMille,1956,220,0,2021-01-30 10:30,8.00
6154,Marriage Story,Comedy,Noah Baumbach,2019,137,0,2021-01-29 10:00,8.00
6155,Das Cabinet des Dr. Caligari,Fantasy,Robert Wiene,1920,76,12,2021-01-28 12:30,7.00
6156,Sunrise: A Song of Two Humans,Drama,F.W. Murnau,1927,94,12,2021-01-28 10:00,8.00
6157,Le salaire de la peur,Adventure,Henri-Georges Clouzot,1953,131,0,2021-01-27 10:30,7.50
6158,Marriage Story,Comedy,Noah Baumbach,2019,137,0,2021-01-26 15:30,7.50
6159,Central do Brasil,Drama,Walter Salles,1998,110,16,2021-01-26 13:00,8.50
6160,The Peanut Butter Falcon,Adventure,Tyler Nilson,2019,97,12,2021-01-26 10:30,7.00
6161,The Ten Commandments,Adventure,Cecil B. DeMille,1956,220,0,2021-01-25 13:30,7.00
6162,Dancer in the Dark,Crime,Lars von Trier,2000,140,0,2021-01-25 10:00,7.00
6163,All That Jazz,Drama,Bob Fosse,1979,123,12,2021-01-24 20:00,8.50
6164,Boyz n the Hood,Crime,John Singleton,1991,112,12,2021-01-24 17:30,6.50
6165,Office Space,Comedy,Mike Judge,1999,89,16,2021-01-24 15:00,8.00
6166,Andrei Rublev,Biography,Andrei Tarkovsky,1966,205,16,2021-01-24 10:30,8.50
6167,Scarface: The Shame of the Nation,Action,Howard Hawks,1932,93,6,2021-01-23 16:30,8.50
6168,Tôkyô monogatari,Drama,Yasujirô Ozu,1953,136,0,2021-01-23 13:30,8.00
6169,It's a Wonderful Life,Drama,Frank Capra,1946,130,6,2021-01-23 10:30,7.50
6170,The Peanut Butter Falcon,Adventure,Tyler Nilson,2019,97,12,2021-01-22 13:00,8.00
6171,It's a Wonderful Life,Drama,Frank Capra,1946,130,6,2021-01-22 10:00,7.50
6172,Dancer in the Dark,Crime,Lars von Trier,2000,140,0,2021-01-21 10:00,7.00
6173,Marriage Story,Comedy,Noah Baumbach,2019,137,0,2021-01-20 13:00,8.50
6174,Knives Out,Comedy,Rian Johnson,2019,130,12,2021-01-20 10:00,8.50
6175,October Sky,Biography,Joe Johnston,1999,108,6,2021-01-19 10:00,7.50
6176,Sunrise: A Song of Two Humans,Drama,F.W. Murnau,1927,94,12,2021-01-18 13:00,8.00
6177,Predator,Action,John McTiernan,1987,107,12,2021-01-18 10:30,8.00
6178,North by Northwest,Adventure,Alfred Hitchcock,1959,136,0,2021-01-17 16:00,8.00
6179,The Conversation,Drama,Francis Ford Coppola,1974,113,0,2021-01-17 13:00,8.00
6180,The Trial of the Chicago 7,Drama,Aaron Sorkin,2020,129,16,2021-01-17 10:00,7.50
6181,Stalag 17,Comedy,Billy Wilder,1953,120,12,2021-01-16 20:30,10.00
6182,Marriage Story,Comedy,Noah Baumbach,2019,137,0,2021-01-16 17:30,8.00
6183,Andrei Rublev,Biography,Andrei Tarkovsky,1966,205,16,2021-01-16 13:00,6.50
6184,Blowup,Drama,Michelangelo Antonioni,1966,111,12,2021-01-16 10:00,6.50
6185,North by Northwest,Adventure,Alfred Hitchcock,1959,136,0,2021-01-15 12:30,7.00
6186,The Conversation,Drama,Francis Ford Coppola,1974,113,0,2021-01-15 10:00,8.50
6187,Toy Story 2,Animation,John Lasseter,1999,92,0,2021-01-14 10:00,7.50
6188,Das Cabinet des Dr. Caligari,Fantasy,Robert Wiene,1920,76,12,2021-01-13 10:30,8.50
6189,Dil Bechara,Comedy,Mukesh Chhabra,2020,101,12,2021-01-12 10:00,8.50
6190,Marriage Story,Comedy,Noah Baumbach,2019,137,0,2021-01-11 10:30,8.00
6191,Dancer in the Dark,Crime,Lars von Trier,2000,140,0,2021-01-10 16:00,6.50
6192,The Trial of the Chicago 7,Drama,Aaron Sorkin,2020,129,16,2021-01-10 13:00,8.50
6193,Se7en,Crime,David Fincher,1995,127,12,2021-01-10 10:00,7.00
6194,Predator,Action,John McTiernan,1987,107,12,2021-01-09 19:30,9.50
6195,Saving Private Ryan,Drama,Steven Spielberg,1998,169,16,2021-01-09 16:00,7.50
6196,Cast Away,Adventure,Robert Zemeckis,2000,143,12,2021-01-09 13:00,8.50
6197,Touch of Evil,Crime,Orson Welles,1958,95,12,2021-01-09 10:30,7.00
6198,Sunrise: A Song of Two Humans,Drama,F.W. Murnau,1927,94,12,2021-01-08 17:30,7.00
6199,Spartacus,Adventure,Stanley Kubrick,1960,197,12,2021-01-08 13:00,8.50
6200,Rebecca,Drama,Alfred Hitchcock,1940,130,12,2021-01-08 10:00,8.00
6201,Psycho,Horror,Alfred Hitchcock,1960,109,12,2021-01-07 17:00,8.50
6202,North by Northwest,Adventure,Alfred Hitchcock,1959,136,0,2021-01-07 14:00,6.50
6203,Apocalypse Now,Drama,Francis Ford Coppola,1979,147,16,2021-01-07 10:30,7.00
6204,Spartacus,Adventure,Stanley Kubrick,1960,197,12,2021-01-06 10:00,7.00
6205,October Sky,Biography,Joe Johnston,1999,108,6,2021-01-05 10:30,8.50
6206,Rebecca,Drama,Alfred Hitchcock,1940,130,12,2021-01-04 17:00,7.50
6207,Avengers: Endgame,Action,Anthony Russo,2019,181,12,2021-01-04 13:00,8.50
6208,October Sky,Biography,Joe Johnston,1999,108,6,2021-01-04 10:30,6.50
6209,Saving Private Ryan,Drama,Steven Spielberg,1998,169,16,2021-01-03 15:30,7.00
6210,The Third Man,Film-Noir,Carol Reed,1949,104,12,2021-01-03 13:00,7.00
6211,October Sky,Biography,Joe Johnston,1999,108,6,2021-01-03 10:30,7.50
6212,Predator,Action,John McTiernan,1987,107,12,2021-01-02 17:00,7.50
6213,Toy Story 2,Animation,John Lasseter,1999,92,0,2021-01-02 14:30,7.00
6214,The Green Mile,Crime,Frank Darabont,1999,189,12,2021-01-02 10:30,6.50
6215,The Third Man,Film-Noir,Carol Reed,1949,104,12,2021-01-01 16:30,6.50
6216,Mononoke-hime,Animation,Hayao Miyazaki,1997,134,0,2021-01-01 13:30,7.00
6217,Knives Out,Comedy,Rian Johnson,2019,130,12,2021-01-01 10:30,6.50
6218,Central do Brasil,Drama,Walter Salles,1998,110,16,2020-12-31 10:00,6.50
6219,Das Cabinet des Dr. Caligari,Fantasy,Robert Wiene,1920,76,12,2020-12-30 13:00,8.00
6220,Laura,Drama,Otto Preminger,1944,88,12,2020-12-30 10:30,6.50
6221,Das Cabinet des Dr. Caligari,Fantasy,Robert Wiene,1920,76,12,2020-12-29 12:30,7.50
6222,Sanjuro,Action,Akira Kurosawa,1962,96,0,2020-12-29 10:00,7.00
6223,Saving Private Ryan,Drama,Steven Spielberg,1998,169,16,2020-12-28 10:00,7.50
6224,Das Cabinet des Dr. Caligari,Fantasy,Robert Wiene,1920,76,12,2020-12-27 16:30,8.50
6225,Knives Out,Comedy,Rian Johnson,2019,130,12,2020-12-27 13:30,7.50
6226,Mononoke-hime,Animation,Hayao Miyazaki,1997,134,0,2020-12-27 10:30,8.50
6227,Marriage Story,Comedy,Noah Baumbach,2019,137,0,2020-12-26 17:00,8.00
6228,La Grande Illusion,Drama,Jean Renoir,1937,113,12,2020-12-26 14:00,7.50
6229,The Green Mile,Crime,Frank Darabont,1999,189,12,2020-12-26 10:00,6.50
6230,Glory,Biography,Edward Zwick,1989,122,16,2020-12-25 13:00,6.50
6231,The Breakfast Club,Comedy,John Hughes,1985,97,12,2020-12-25 10:30,8.00
6232,Dil Bechara,Comedy,Mukesh Chhabra,2020,101,12,2020-12-24 10:30,7.00
6233,Predator,Action,John McTiernan,1987,107,12,2020-12-23 13:00,6.50
6234,Trainspotting,Drama,Danny Boyle,1996,93,12,2020-12-23 10:30,6.50
6235,La Grande Illusion,Drama,Jean Renoir,1937,113,12,2020-12-22 16:00,6.50
6236,The Third Man,Film-Noir,Carol Reed,1949,104,12,2020-12-22 13:30,7.00
6237,Jurassic Park,Action,Steven Spielberg,1993,127,12,2020-12-22 10:30,7.50
6238,Repulsion,Drama,Roman Polanski,1965,105,12,2020-12-21 17:00,6.50
6239,Spartacus,Adventure,Stanley Kubrick,1960,197,12,2020-12-21 13:00,8.00
6240,The Red Shoes,Drama,Michael Powell,1948,135,12,2020-12-21 10:00,8.00
6241,Snatch,Comedy,Guy Ritchie,2000,104,12,2020-12-20 16:00,7.00
6242,Jojo Rabbit,Comedy,Taika Waititi,2019,108,12,2020-12-20 13:30,8.50
6243,Mononoke-hime,Animation,Hayao Miyazaki,1997,134,0,2020-12-20 10:30,7.00
6244,Central do Brasil,Drama,Walter Salles,1998,110,16,2020-12-19 20:00,8.50
6245,Marriage Story,Comedy,Noah Baumbach,2019,137,0,2020-12-19 17:00,8.50
6246,Marriage Story,Comedy,Noah Baumbach,2019,137,0,2020-12-19 14:00,8.50
6247,Saving Private Ryan,Drama,Steven Spielberg,1998,169,16,2020-12-19 10:30,7.00
6248,Glory,Biography,Edward Zwick,1989,122,16,2020-12-18 10:30,8.50
6249,Rebecca,Drama,Alfred Hitchcock,1940,130,12,2020-12-17 15:30,8.00
6250,A Man for All Seasons,Biography,Fred Zinnemann,1966,120,0,2020-12-17 12:30,7.50
6251,Repulsion,Drama,Roman Polanski,1965,105,12,2020-12-17 10:00,6.50
6252,Todo sobre mi madre,Drama,Pedro Almodóvar,1999,101,16,2020-12-16 15:00,7.00
6253,Rebecca,Drama,Alfred Hitchcock,1940,130,12,2020-12-16 12:00,7.50
6254,Laura,Drama,Otto Preminger,1944,88,12,2020-12-16 10:00,6.50
6255,Jurassic Park,Action,Steven Spielberg,1993,127,12,2020-12-15 10:00,7.00
6256,La Grande Illusion,Drama,Jean Renoir,1937,113,12,2020-12-14 10:30,7.50
6257,Roma,Drama,Alfonso Cuarón,2018,135,16,2020-12-13 21:00,10.00
6258,The Green Mile,Crime,Frank Darabont,1999,189,12,2020-12-13 17:00,6.50
6259,Lat sau san taam,Action,John Woo,1992,128,16,2020-12-13 14:00,8.50
6260,Amores perros,Drama,Alejandro G. Iñárritu,2000,154,12,2020-12-13 10:30,7.00
6261,Repulsion,Drama,Roman Polanski,1965,105,12,2020-12-12 19:00,9.50
6262,Toy Story 2,Animation,John Lasseter,1999,92,0,2020-12-12 16:30,8.50
6263,Touch of Evil,Crime,Orson Welles,1958,95,12,2020-12-12 14:00,8.00
6264,Avengers: Endgame,Action,Anthony Russo,2019,181,12,2020-12-12 10:00,7.50
6265,Amores perros,Drama,Alejandro G. Iñárritu,2000,154,12,2020-12-11 16:00,8.50
6266,Se7en,Crime,David Fincher,1995,127,12,2020-12-11 13:00,8.00
6267,Rebecca,Drama,Alfred Hitchcock,1940,130,12,2020-12-11 10:00,7.50
6268,Todo sobre mi madre,Drama,Pedro Almodóvar,1999,101,16,2020-12-10 13:30,8.50
6269,Se7en,Crime,David Fincher,1995,127,12,2020-12-10 10:30,7.00
6270,Touch of Evil,Crime,Orson Welles,1958,95,12,2020-12-09 13:30,8.50
6271,The Conversation,Drama,Francis Ford Coppola,1974,113,0,2020-12-09 10:30,8.00
6272,Psycho,Horror,Alfred Hitchcock,1960,109,12,2020-12-08 12:30,8.00
6273,Glengarry Glen Ross,Crime,James Foley,1992,100,16,2020-12-08 10:00,8.50
6274,Snatch,Comedy,Guy Ritchie,2000,104,12,2020-12-07 10:30,6.50
6275,Amores perros,Drama,Alejandro G. Iñárritu,2000,154,12,2020-12-06 18:30,10.00
6276,Dil Bechara,Comedy,Mukesh Chhabra,2020,101,12,2020-12-06 16:00,8.50
6277,Amores perros,Drama,Alejandro G. Iñárritu,2000,154,12,2020-12-06 12:30,7.50
6278,Sanjuro,Action,Akira Kurosawa,1962,96,0,2020-12-06 10:00,8.50
6279,Bonnie and Clyde,Action,Arthur Penn,1967,111,12,2020-12-05 15:30,6.50
6280,Roma,Drama,Alfonso Cuarón,2018,135,16,2020-12-05 12:30,8.50
6281,Jojo Rabbit,Comedy,Taika Waititi,2019,108,12,2020-12-05 10:00,7.00
6282,Underground,Comedy,Emir Kusturica,1995,170,12,2020-12-04 15:00,6.50
6283,The Breakfast Club,Comedy,John Hughes,1985,97,12,2020-12-04 12:30,6.50
6284,The Gold Rush,Adventure,Charles Chaplin,1925,95,12,2020-12-04 10:00,8.50
6285,Groundhog Day,Comedy,Harold Ramis,1993,101,0,2020-12-03 10:00,7.00
6286,The Breakfast Club,Comedy,John Hughes,1985,97,12,2020-12-02 15:00,6.50
6287,Todo sobre mi madre,Drama,Pedro Almodóvar,1999,101,16,2020-12-02 12:30,7.50
6288,Snatch,Comedy,Guy Ritchie,2000,104,12,2020-12-02 10:00,8.00
6289,Marriage Story,Comedy,Noah Baumbach,2019,137,0,2020-12-01 13:00,7.00
6290,Jurassic Park,Action,Steven Spielberg,1993,127,12,2020-12-01 10:00,8.50
6291,Do the Right Thing,Comedy,Spike Lee,1989,120,16,2020-11-30 10:00,8.00
6292,The Breakfast Club,Comedy,John Hughes,1985,97,12,2020-11-29 15:30,8.00
6293,The Magnificent Seven,Action,John Sturges,1960,128,12,2020-11-29 12:30,8.00
6294,The Breakfast Club,Comedy,John Hughes,1985,97,12,2020-11-29 10:00,6.50
6295,The Third Man,Film-Noir,Carol Reed,1949,104,12,2020-11-28 19:00,8.50
6296,Spider-Man: Into the Spider-Verse,Animation,Bob Persichetti,2018,117,0,2020-11-28 16:00,8.50
6297,Lat sau san taam,Action,John Woo,1992,128,16,2020-11-28 13:00,7.00
6298,Roma,Drama,Alfonso Cuarón,2018,135,16,2020-11-28 10:00,7.00
6299,Roma,Drama,Alfonso Cuarón,2018,135,16,2020-11-27 15:30,8.00
6300,Spider-Man: Into the Spider-Verse,Animation,Bob Persichetti,2018,117,0,2020-11-27 12:30,8.50
6301,Gongdong gyeongbi guyeok JSA,Action,Chan-wook Park,2000,110,12,2020-11-27 10:00,8.50
6302,Empire of the Sun,Action,Steven Spielberg,1987,153,0,2020-11-26 16:30,8.00
6303,Empire of the Sun,Action,Steven Spielberg,1987,153,0,2020-11-26 13:00,8.50
6304,Jurassic Park,Action,Steven Spielberg,1993,127,12,2020-11-26 10:00,8.00
6305,Groundhog Day,Comedy,Harold Ramis,1993,101,0,2020-11-25 10:00,8.00
6306,Groundhog Day,Comedy,Harold Ramis,1993,101,0,2020-11-24 16:00,6.50
6307,Sanjuro,Action,Akira Kurosawa,1962,96,0,2020-11-24 13:30,8.50
6308,Glory,Biography,Edward Zwick,1989,122,16,2020-11-24 10:30,6.50
6309,The Breakfast Club,Comedy,John Hughes,1985,97,12,2020-11-23 17:00,8.00
6310,The Godfather,Crime,Francis Ford Coppola,1972,175,12,2020-11-23 13:00,7.50
6311,Dil Bechara,Comedy,Mukesh Chhabra,2020,101,12,2020-11-23 10:30,7.50
6312,Avengers: Endgame,Action,Anthony Russo,2019,181,12,2020-11-22 16:30,7.50
6313,The Lost Weekend,Drama,Billy Wilder,1945,101,12,2020-11-22 14:00,6.50
6314,Ran,Action,Akira Kurosawa,1985,162,0,2020-11-22 10:30,8.50
6315,The Red Shoes,Drama,Michael Powell,1948,135,12,2020-11-21 18:30,8.50
6316,The Nightmare Before Christmas,Animation,Henry Selick,1993,76,0,2020-11-21 16:30,7.00
6317,Empire of the Sun,Action,Steven Spielberg,1987,153,0,2020-11-21 13:00,8.50
6318,Spider-Man: Into the Spider-Verse,Animation,Bob Persichetti,2018,117,0,2020-11-21 10:00,8.50
6319,Todo sobre mi madre,Drama,Pedro Almodóvar,1999,101,16,2020-11-20 10:30,6.50
6320,Todo sobre mi madre,Drama,Pedro Almodóvar,1999,101,16,2020-11-19 10:00,8.50
6321,Marriage Story,Comedy,Noah Baumbach,2019,137,0,2020-11-18 13:00,7.00
6322,The Magnificent Seven,Action,John Sturges,1960,128,12,2020-11-18 10:00,8.50
6323,Ran,Action,Akira Kurosawa,1985,162,0,2020-11-17 10:30,7.00
6324,Glory,Biography,Edward Zwick,1989,122,16,2020-11-16 17:00,7.50
6325,Scarface,Crime,Brian De Palma,1983,170,12,2020-11-16 13:00,8.50
6326,M - Eine Stadt sucht einen Mörder,Crime,Fritz Lang,1931,117,12,2020-11-16 10:00,8.00
6327,The Bridge on the River Kwai,Adventure,David Lean,1957,161,6,2020-11-15 21:00,9.00
6328,Fanny och Alexander,Drama,Ingmar Bergman,1982,188,12,2020-11-15 17:00,8.50
6329,The Bridge on the River Kwai,Adventure,David Lean,1957,161,6,2020-11-15 13:30,8.50
6330,The Red Shoes,Drama,Michael Powell,1948,135,12,2020-11-15 10:30,6.50
6331,The Lost Weekend,Drama,Billy Wilder,1945,101,12,2020-11-14 18:00,8.50
6332,Do the Right Thing,Comedy,Spike Lee,1989,120,16,2020-11-14 15:00,7.00
6333,Sanjuro,Action,Akira Kurosawa,1962,96,0,2020-11-14 12:30,8.50
6334,Glengarry Glen Ross,Crime,James Foley,1992,100,16,2020-11-14 10:00,8.50
6335,Empire of the Sun,Action,Steven Spielberg,1987,153,0,2020-11-13 15:30,6.50
6336,Roma,Drama,Alfonso Cuarón,2018,135,16,2020-11-13 12:30,8.00
6337,American Psycho,Comedy,Mary Harron,2000,101,12,2020-11-13 10:00,7.50
6338,Roma,Drama,Alfonso Cuarón,2018,135,16,2020-11-12 15:30,7.50
6339,M - Eine Stadt sucht einen Mörder,Crime,Fritz Lang,1931,117,12,2020-11-12 13:00,7.50
6340,Marriage Story,Comedy,Noah Baumbach,2019,137,0,2020-11-12 10:00,6.50
6341,Gongdong gyeongbi guyeok JSA,Action,Chan-wook Park,2000,110,12,2020-11-11 16:30,7.50
6342,Do the Right Thing,Comedy,Spike Lee,1989,120,16,2020-11-11 13:30,8.00
6343,M - Eine Stadt sucht einen Mörder,Crime,Fritz Lang,1931,117,12,2020-11-11 10:30,8.50
6344,The Godfather,Crime,Francis Ford Coppola,1972,175,12,2020-11-10 13:30,6.50
6345,Roma,Drama,Alfonso Cuarón,2018,135,16,2020-11-10 10:30,8.00
6346,The Nightmare Before Christmas,Animation,Henry Selick,1993,76,0,2020-11-09 10:30,6.50
6347,Empire of the Sun,Action,Steven Spielberg,1987,153,0,2020-11-08 16:00,7.00
6348,A Man for All Seasons,Biography,Fred Zinnemann,1966,120,0,2020-11-08 13:00,8.50
6349,Star Wars: Episode VI - Return of the Jedi,Action,Richard Marquand,1983,131,0,2020-11-08 10:00,6.50
6350,Marriage Story,Comedy,Noah Baumbach,2019,137,0,2020-11-07 16:30,6.50
6351,All That Jazz,Drama,Bob Fosse,1979,123,12,2020-11-07 13:30,7.50
6352,The Big Sleep,Crime,Howard Hawks,1946,114,12,2020-11-07 10:30,6.50
6353,Gongdong gyeongbi guyeok JSA,Action,Chan-wook Park,2000,110,12,2020-11-06 10:30,8.50
6354,Empire of the Sun,Action,Steven Spielberg,1987,153,0,2020-11-05 17:00,8.50
6355,Fanny och Alexander,Drama,Ingmar Bergman,1982,188,12,2020-11-05 13:00,8.00
6356,Spider-Man: Into the Spider-Verse,Animation,Bob Persichetti,2018,117,0,2020-11-05 10:30,8.00
6357,The Muppet Movie,Adventure,James Frawley,1979,95,0,2020-11-04 13:00,6.50
6358,The Magnificent Seven,Action,John Sturges,1960,128,12,2020-11-04 10:00,7.00
6359,Star Wars: Episode VI - Return of the Jedi,Action,Richard Marquand,1983,131,0,2020-11-03 10:30,8.50
6360,Kramer vs. Kramer,Drama,Robert Benton,1979,105,12,2020-11-02 13:30,7.50
6361,Se7en,Crime,David Fincher,1995,127,12,2020-11-02 10:30,8.00
6362,Fargo,Crime,Joel Coen,1996,98,12,2020-11-01 17:30,8.00
6363,The Nightmare Before Christmas,Animation,Henry Selick,1993,76,0,2020-11-01 15:30,8.00
6364,Glengarry Glen Ross,Crime,James Foley,1992,100,16,2020-11-01 13:00,7.50
6365,Glory,Biography,Edward Zwick,1989,122,16,2020-11-01 10:00,8.50
6366,Se7en,Crime,David Fincher,1995,127,12,2020-10-31 19:00,9.50
6367,The Princess Bride,Adventure,Rob Reiner,1987,98,0,2020-10-31 16:30,8.50
6368,Se7en,Crime,David Fincher,1995,127,12,2020-10-31 13:30,7.50
6369,The Magnificent Seven,Action,John Sturges,1960,128,12,2020-10-31 10:30,7.50
6370,Glengarry Glen Ross,Crime,James Foley,1992,100,16,2020-10-30 14:00,7.50
6371,Where Eagles Dare,Action,Brian G. Hutton,1968,158,0,2020-10-30 10:30,8.50
6372,Kramer vs. Kramer,Drama,Robert Benton,1979,105,12,2020-10-29 16:00,8.00
6373,The Magnificent Seven,Action,John Sturges,1960,128,12,2020-10-29 13:00,7.00
6374,Todo sobre mi madre,Drama,Pedro Almodóvar,1999,101,16,2020-10-29 10:30,7.00
6375,The Last of the Mohicans,Action,Michael Mann,1992,112,12,2020-10-28 12:30,6.50
6376,Glengarry Glen Ross,Crime,James Foley,1992,100,16,2020-10-28 10:00,7.00
6377,Blazing Saddles,Comedy,Mel Brooks,1974,93,12,2020-10-27 10:00,6.50
6378,All That Jazz,Drama,Bob Fosse,1979,123,12,2020-10-26 10:00,7.00
6379,The Big Sleep,Crime,Howard Hawks,1946,114,12,2020-10-25 17:00,8.50
6380,The Godfather,Crime,Francis Ford Coppola,1972,175,12,2020-10-25 13:00,8.50
6381,The Muppet Movie,Adventure,James Frawley,1979,95,0,2020-10-25 10:30,6.50
6382,Kramer vs. Kramer,Drama,Robert Benton,1979,105,12,2020-10-24 17:00,8.00
6383,All That Jazz,Drama,Bob Fosse,1979,123,12,2020-10-24 14:00,8.00
6384,Mission: Impossible - Fallout,Action,Christopher McQuarrie,2018,147,12,2020-10-24 10:30,7.00
6385,Per un pugno di dollari,Action,Sergio Leone,1964,99,12,2020-10-23 12:30,7.50
6386,The Last of the Mohicans,Action,Michael Mann,1992,112,12,2020-10-23 10:00,8.50
6387,Per un pugno di dollari,Action,Sergio Leone,1964,99,12,2020-10-22 14:00,6.50
6388,Scarface,Crime,Brian De Palma,1983,170,12,2020-10-22 10:30,6.50
6389,"Il buono, il brutto, il cattivo",Western,Sergio Leone,1966,161,12,2020-10-21 13:30,8.00
6390,"Il buono, il brutto, il cattivo",Western,Sergio Leone,1966,161,12,2020-10-21 10:00,8.50
6391,In the Name of the Father,Biography,Jim Sheridan,1993,133,12,2020-10-20 10:30,7.00
6392,Star Wars: Episode VI - Return of the Jedi,Action,Richard Marquand,1983,131,0,2020-10-19 14:00,6.50
6393,The Insider,Biography,Michael Mann,1999,157,12,2020-10-19 10:30,8.50
6394,The Muppet Movie,Adventure,James Frawley,1979,95,0,2020-10-18 16:00,8.50
6395,Kramer vs. Kramer,Drama,Robert Benton,1979,105,12,2020-10-18 13:30,6.50
6396,"Il buono, il brutto, il cattivo",Western,Sergio Leone,1966,161,12,2020-10-18 10:00,8.50
6397,Marriage Story,Comedy,Noah Baumbach,2019,137,0,2020-10-17 16:30,8.00
6398,Glory,Biography,Edward Zwick,1989,122,16,2020-10-17 13:30,8.50
6399,Goodfellas,Biography,Martin Scorsese,1990,146,12,2020-10-17 10:30,7.00
6400,Rushmore,Comedy,Wes Anderson,1998,93,12,2020-10-16 13:30,8.50
6401,The Insider,Biography,Michael Mann,1999,157,12,2020-10-16 10:00,6.50
6402,Fanny och Alexander,Drama,Ingmar Bergman,1982,188,12,2020-10-15 13:30,7.00
6403,"Il buono, il brutto, il cattivo",Western,Sergio Leone,1966,161,12,2020-10-15 10:00,7.50
6404,The Last of the Mohicans,Action,Michael Mann,1992,112,12,2020-10-14 10:00,7.50
6405,Gandhi,Biography,Richard Attenborough,1982,191,0,2020-10-13 14:00,7.00
6406,Fanny och Alexander,Drama,Ingmar Bergman,1982,188,12,2020-10-13 10:00,8.00
6407,Where Eagles Dare,Action,Brian G. Hutton,1968,158,0,2020-10-12 16:00,8.00
6408,Midnight Cowboy,Drama,John Schlesinger,1969,113,12,2020-10-12 13:30,7.00
6409,M - Eine Stadt sucht einen Mörder,Crime,Fritz Lang,1931,117,12,2020-10-12 10:30,8.00
6410,Casino,Crime,Martin Scorsese,1995,178,12,2020-10-11 21:30,8.50
6411,The Bridge on the River Kwai,Adventure,David Lean,1957,161,6,2020-10-11 18:00,8.50
6412,Titanic,Drama,James Cameron,1997,194,12,2020-10-11 14:00,8.50
6413,Spartacus,Adventure,Stanley Kubrick,1960,197,12,2020-10-11 10:00,7.50
6414,Spider-Man: Into the Spider-Verse,Animation,Bob Persichetti,2018,117,0,2020-10-10 15:30,8.50
6415,Rushmore,Comedy,Wes Anderson,1998,93,12,2020-10-10 13:00,7.00
6416,Kramer vs. Kramer,Drama,Robert Benton,1979,105,12,2020-10-10 10:30,8.50
6417,Philadelphia,Drama,Jonathan Demme,1993,125,12,2020-10-09 13:00,7.50
6418,M - Eine Stadt sucht einen Mörder,Crime,Fritz Lang,1931,117,12,2020-10-09 10:00,8.50
6419,Spider-Man: Into the Spider-Verse,Animation,Bob Persichetti,2018,117,0,2020-10-08 13:30,7.00
6420,A Few Good Men,Drama,Rob Reiner,1992,138,0,2020-10-08 10:30,8.50
6421,The Last of the Mohicans,Action,Michael Mann,1992,112,12,2020-10-07 16:30,8.50
6422,The Muppet Movie,Adventure,James Frawley,1979,95,0,2020-10-07 14:00,8.00
6423,Where Eagles Dare,Action,Brian G. Hutton,1968,158,0,2020-10-07 10:30,7.50
6424,A Christmas Story,Comedy,Bob Clark,1983,93,0,2020-10-06 13:00,7.50
6425,Dil Bechara,Comedy,Mukesh Chhabra,2020,101,12,2020-10-06 10:30,7.00
6426,Se7en,Crime,David Fincher,1995,127,12,2020-10-05 10:30,8.00
6427,Dil Bechara,Comedy,Mukesh Chhabra,2020,101,12,2020-10-04 16:30,7.00
6428,A Few Good Men,Drama,Rob Reiner,1992,138,0,2020-10-04 13:30,7.00
6429,In the Name of the Father,Biography,Jim Sheridan,1993,133,12,2020-10-04 10:30,7.50
6430,Kurenai no buta,Animation,Hayao Miyazaki,1992,94,0,2020-10-03 16:30,7.50
6431,The Nightmare Before Christmas,Animation,Henry Selick,1993,76,0,2020-10-03 14:30,6.50
6432,The Muppet Movie,Adventure,James Frawley,1979,95,0,2020-10-03 12:00,7.00
6433,"South Park: Bigger, Longer & Uncut",Animation,Trey Parker,1999,81,12,2020-10-03 10:00,8.50
6434,Blue Velvet,Drama,David Lynch,1986,120,12,2020-10-02 10:00,6.50
6435,Reservoir Dogs,Crime,Quentin Tarantino,1992,99,16,2020-10-01 10:30,7.50
6436,The Graduate,Comedy,Mike Nichols,1967,106,12,2020-09-30 10:30,8.00
6437,Uri: The Surgical Strike,Action,Aditya Dhar,2018,138,12,2020-09-29 10:30,8.00
6438,In the Name of the Father,Biography,Jim Sheridan,1993,133,12,2020-09-28 10:00,6.50
6439,Fargo,Crime,Joel Coen,1996,98,12,2020-09-27 14:30,7.50
6440,The Graduate,Comedy,Mike Nichols,1967,106,12,2020-09-27 12:00,7.50
6441,"South Park: Bigger, Longer & Uncut",Animation,Trey Parker,1999,81,12,2020-09-27 10:00,6.50
6442,The Last of the Mohicans,Action,Michael Mann,1992,112,12,2020-09-26 15:30,6.50
6443,The Muppet Movie,Adventure,James Frawley,1979,95,0,2020-09-26 13:00,8.50
6444,Trois couleurs: Bleu,Drama,Krzysztof Kieslowski,1993,94,0,2020-09-26 10:30,6.50
6445,Trois couleurs: Bleu,Drama,Krzysztof Kieslowski,1993,94,0,2020-09-25 13:00,8.50
6446,Midnight Cowboy,Drama,John Schlesinger,1969,113,12,2020-09-25 10:00,7.50
6447,Dil Bechara,Comedy,Mukesh Chhabra,2020,101,12,2020-09-24 10:30,8.00
6448,Dil Bechara,Comedy,Mukesh Chhabra,2020,101,12,2020-09-23 15:00,8.00
6449,Dil Bechara,Comedy,Mukesh Chhabra,2020,101,12,2020-09-23 12:30,7.00
6450,The Last of the Mohicans,Action,Michael Mann,1992,112,12,2020-09-23 10:00,6.50
6451,In the Name of the Father,Biography,Jim Sheridan,1993,133,12,2020-09-22 14:00,7.50
6452,2001: A Space Odyssey,Adventure,Stanley Kubrick,1968,149,0,2020-09-22 10:30,6.50
6453,A Few Good Men,Drama,Rob Reiner,1992,138,0,2020-09-21 13:00,7.50
6454,Reservoir Dogs,Crime,Quentin Tarantino,1992,99,16,2020-09-21 10:30,8.00
6455,Fargo,Crime,Joel Coen,1996,98,12,2020-09-20 15:30,6.50
6456,Kurenai no buta,Animation,Hayao Miyazaki,1992,94,0,2020-09-20 13:00,7.50
6457,In the Name of the Father,Biography,Jim Sheridan,1993,133,12,2020-09-20 10:00,8.00
6458,In the Name of the Father,Biography,Jim Sheridan,1993,133,12,2020-09-19 18:30,10.00
6459,A Few Good Men,Drama,Rob Reiner,1992,138,0,2020-09-19 15:30,7.50
6460,A Few Good Men,Drama,Rob Reiner,1992,138,0,2020-09-19 12:30,8.00
6461,The Last of the Mohicans,Action,Michael Mann,1992,112,12,2020-09-19 10:00,7.50
6462,Kurenai no buta,Animation,Hayao Miyazaki,1992,94,0,2020-09-18 10:30,6.50
6463,The Graduate,Comedy,Mike Nichols,1967,106,12,2020-09-17 12:30,7.50
6464,"South Park: Bigger, Longer & Uncut",Animation,Trey Parker,1999,81,12,2020-09-17 10:30,7.50
6465,The Graduate,Comedy,Mike Nichols,1967,106,12,2020-09-16 10:00,7.00
6466,Rashômon,Crime,Akira Kurosawa,1950,88,12,2020-09-15 16:30,6.50
6467,The General,Action,Clyde Bruckman,1926,67,12,2020-09-15 14:30,8.50
6468,Magnolia,Drama,Paul Thomas Anderson,1999,188,16,2020-09-15 10:30,6.50
6469,Gandhi,Biography,Richard Attenborough,1982,191,0,2020-09-14 15:30,8.50
6470,Kurenai no buta,Animation,Hayao Miyazaki,1992,94,0,2020-09-14 13:00,8.00
6471,Philadelphia,Drama,Jonathan Demme,1993,125,12,2020-09-14 10:00,7.00
6472,Breakfast at Tiffany's,Comedy,Blake Edwards,1961,115,12,2020-09-13 19:00,8.50
6473,Reservoir Dogs,Crime,Quentin Tarantino,1992,99,16,2020-09-13 16:30,6.50
6474,Goodfellas,Biography,Martin Scorsese,1990,146,12,2020-09-13 13:00,8.50
6475,A Few Good Men,Drama,Rob Reiner,1992,138,0,2020-09-13 10:00,7.50
6476,Magnolia,Drama,Paul Thomas Anderson,1999,188,16,2020-09-12 16:30,8.00
6477,Shadow of a Doubt,Film-Noir,Alfred Hitchcock,1943,108,6,2020-09-12 13:30,7.00
6478,Blue Velvet,Drama,David Lynch,1986,120,12,2020-09-12 10:30,7.00
6479,Sabrina,Comedy,Billy Wilder,1954,113,12,2020-09-11 17:30,7.50
6480,Magnolia,Drama,Paul Thomas Anderson,1999,188,16,2020-09-11 13:30,7.50
6481,The Long Goodbye,Comedy,Robert Altman,1973,112,12,2020-09-11 10:30,8.50
6482,Goodfellas,Biography,Martin Scorsese,1990,146,12,2020-09-10 10:30,8.50
6483,The Graduate,Comedy,Mike Nichols,1967,106,12,2020-09-09 17:30,7.00
6484,Gandhi,Biography,Richard Attenborough,1982,191,0,2020-09-09 13:30,6.50
6485,Where Eagles Dare,Action,Brian G. Hutton,1968,158,0,2020-09-09 10:00,8.50
6486,A Few Good Men,Drama,Rob Reiner,1992,138,0,2020-09-08 10:00,6.50
6487,Midnight Cowboy,Drama,John Schlesinger,1969,113,12,2020-09-07 10:00,8.00
6488,Trois couleurs: Bleu,Drama,Krzysztof Kieslowski,1993,94,0,2020-09-06 17:30,8.50
6489,Reservoir Dogs,Crime,Quentin Tarantino,1992,99,16,2020-09-06 15:00,8.50
6490,Rashômon,Crime,Akira Kurosawa,1950,88,12,2020-09-06 12:30,8.50
6491,Rashômon,Crime,Akira Kurosawa,1950,88,12,2020-09-06 10:00,7.50
6492,Reservoir Dogs,Crime,Quentin Tarantino,1992,99,16,2020-09-05 19:30,9.50
6493,Mission: Impossible - Fallout,Action,Christopher McQuarrie,2018,147,12,2020-09-05 16:00,8.50
6494,Mission: Impossible - Fallout,Action,Christopher McQuarrie,2018,147,12,2020-09-05 12:30,8.00
6495,The General,Action,Clyde Bruckman,1926,67,12,2020-09-05 10:30,8.50
6496,Goodfellas,Biography,Martin Scorsese,1990,146,12,2020-09-04 13:30,8.50
6497,La Strada,Drama,Federico Fellini,1954,108,12,2020-09-04 10:30,7.00
6498,The Graduate,Comedy,Mike Nichols,1967,106,12,2020-09-03 14:00,8.50
6499,Magnolia,Drama,Paul Thomas Anderson,1999,188,16,2020-09-03 10:00,8.00
6500,The Naked Gun: From the Files of Police Squad!,Comedy,David Zucker,1988,85,0,2020-09-02 13:00,8.00
6501,Breakfast at Tiffany's,Comedy,Blake Edwards,1961,115,12,2020-09-02 10:30,8.00
6502,A Few Good Men,Drama,Rob Reiner,1992,138,0,2020-09-01 10:30,8.00
6503,"Crna macka, beli macor",Comedy,Emir Kusturica,1998,127,16,2020-08-31 15:30,7.50
6504,The Naked Gun: From the Files of Police Squad!,Comedy,David Zucker,1988,85,0,2020-08-31 13:00,7.50
6505,Sense and Sensibility,Drama,Ang Lee,1995,136,0,2020-08-31 10:00,7.00
6506,Uri: The Surgical Strike,Action,Aditya Dhar,2018,138,12,2020-08-30 18:30,9.50
6507,Der Himmel über Berlin,Drama,Wim Wenders,1987,128,0,2020-08-30 15:30,8.00
6508,Philadelphia,Drama,Jonathan Demme,1993,125,12,2020-08-30 12:30,8.00
6509,Gattaca,Drama,Andrew Niccol,1997,106,12,2020-08-30 10:00,6.50
6510,Mission: Impossible - Fallout,Action,Christopher McQuarrie,2018,147,12,2020-08-29 17:30,8.00
6511,Barry Lyndon,Adventure,Stanley Kubrick,1975,185,6,2020-08-29 13:30,8.50
6512,A Few Good Men,Drama,Rob Reiner,1992,138,0,2020-08-29 10:30,8.50
6513,Magnolia,Drama,Paul Thomas Anderson,1999,188,16,2020-08-28 10:00,8.50
6514,Shadow of a Doubt,Film-Noir,Alfred Hitchcock,1943,108,6,2020-08-27 13:30,7.00
6515,East of Eden,Drama,Elia Kazan,1955,118,0,2020-08-27 10:30,7.50
6516,Kaze no tani no Naushika,Animation,Hayao Miyazaki,1984,117,0,2020-08-26 15:30,8.50
6517,Philadelphia,Drama,Jonathan Demme,1993,125,12,2020-08-26 12:30,8.50
6518,Shadow of a Doubt,Film-Noir,Alfred Hitchcock,1943,108,6,2020-08-26 10:00,8.00
6519,East of Eden,Drama,Elia Kazan,1955,118,0,2020-08-25 13:00,8.50
6520,Philadelphia,Drama,Jonathan Demme,1993,125,12,2020-08-25 10:00,8.00
6521,Kaze no tani no Naushika,Animation,Hayao Miyazaki,1984,117,0,2020-08-24 10:00,8.00
6522,Love and Death,Comedy,Woody Allen,1975,85,6,2020-08-23 16:00,8.00
6523,The Remains of the Day,Drama,James Ivory,1993,134,0,2020-08-23 13:00,8.00
6524,Sense and Sensibility,Drama,Ang Lee,1995,136,0,2020-08-23 10:00,7.00
6525,Love and Death,Comedy,Woody Allen,1975,85,6,2020-08-22 15:30,8.50
6526,The Naked Gun: From the Files of Police Squad!,Comedy,David Zucker,1988,85,0,2020-08-22 13:30,8.00
6527,A Few Good Men,Drama,Rob Reiner,1992,138,0,2020-08-22 10:00,7.00
6528,L.A. Confidential,Crime,Curtis Hanson,1997,138,12,2020-08-21 15:30,8.00
6529,Der Himmel über Berlin,Drama,Wim Wenders,1987,128,0,2020-08-21 12:30,7.00
6530,East of Eden,Drama,Elia Kazan,1955,118,0,2020-08-21 10:00,7.50
6531,Mission: Impossible - Fallout,Action,Christopher McQuarrie,2018,147,12,2020-08-20 13:00,8.50
6532,Sense and Sensibility,Drama,Ang Lee,1995,136,0,2020-08-20 10:00,8.50
6533,Love and Death,Comedy,Woody Allen,1975,85,6,2020-08-19 12:30,6.50
6534,Scarface: The Shame of the Nation,Action,Howard Hawks,1932,93,6,2020-08-19 10:00,8.50
6535,The Ladykillers,Comedy,Alexander Mackendrick,1955,91,12,2020-08-18 10:30,8.50
6536,The Remains of the Day,Drama,James Ivory,1993,134,0,2020-08-17 13:30,7.50
6537,Dancer in the Dark,Crime,Lars von Trier,2000,140,0,2020-08-17 10:30,7.00
6538,Star Wars,Action,George Lucas,1977,121,12,2020-08-16 16:30,8.50
6539,Bohemian Rhapsody,Biography,Bryan Singer,2018,134,12,2020-08-16 13:30,8.00
6540,Bohemian Rhapsody,Biography,Bryan Singer,2018,134,12,2020-08-16 10:30,8.50
6541,Kaze no tani no Naushika,Animation,Hayao Miyazaki,1984,117,0,2020-08-15 16:00,7.00
6542,Dancer in the Dark,Crime,Lars von Trier,2000,140,0,2020-08-15 12:30,7.50
6543,Nueve reinas,Crime,Fabián Bielinsky,2000,114,16,2020-08-15 10:00,7.00
6544,The Long Goodbye,Comedy,Robert Altman,1973,112,12,2020-08-14 12:30,8.00
6545,La Strada,Drama,Federico Fellini,1954,108,12,2020-08-14 10:00,8.50
6546,The Long Goodbye,Comedy,Robert Altman,1973,112,12,2020-08-13 15:30,6.50
6547,Sense and Sensibility,Drama,Ang Lee,1995,136,0,2020-08-13 12:30,8.50
6548,Taxi Driver,Crime,Martin Scorsese,1976,114,12,2020-08-13 10:00,7.50
6549,Knives Out,Comedy,Rian Johnson,2019,130,12,2020-08-12 13:30,6.50
6550,"Crna macka, beli macor",Comedy,Emir Kusturica,1998,127,16,2020-08-12 10:30,8.00
6551,"Crna macka, beli macor",Comedy,Emir Kusturica,1998,127,16,2020-08-11 16:00,8.50
6552,The Long Goodbye,Comedy,Robert Altman,1973,112,12,2020-08-11 13:00,7.50
6553,Bohemian Rhapsody,Biography,Bryan Singer,2018,134,12,2020-08-11 10:00,8.50
6554,Kaze no tani no Naushika,Animation,Hayao Miyazaki,1984,117,0,2020-08-10 16:30,8.50
6555,The Message,Biography,Moustapha Akkad,1976,177,6,2020-08-10 13:00,6.50
6556,Der Himmel über Berlin,Drama,Wim Wenders,1987,128,0,2020-08-10 10:00,7.00
6557,Tôkyô monogatari,Drama,Yasujirô Ozu,1953,136,0,2020-08-09 16:00,7.00
6558,Taxi Driver,Crime,Martin Scorsese,1976,114,12,2020-08-09 13:00,7.50
6559,Nueve reinas,Crime,Fabián Bielinsky,2000,114,16,2020-08-09 10:00,6.50
6560,L.A. Confidential,Crime,Curtis Hanson,1997,138,12,2020-08-08 15:30,8.50
6561,Taxi Driver,Crime,Martin Scorsese,1976,114,12,2020-08-08 13:00,7.00
6562,The Long Goodbye,Comedy,Robert Altman,1973,112,12,2020-08-08 10:00,6.50
6563,Love and Death,Comedy,Woody Allen,1975,85,6,2020-08-07 16:00,7.50
6564,Scarface: The Shame of the Nation,Action,Howard Hawks,1932,93,6,2020-08-07 13:30,7.00
6565,Sense and Sensibility,Drama,Ang Lee,1995,136,0,2020-08-07 10:30,7.00
6566,Spoorloos,Mystery,George Sluizer,1988,107,12,2020-08-06 12:30,8.50
6567,Love and Death,Comedy,Woody Allen,1975,85,6,2020-08-06 10:30,8.00
6568,The Message,Biography,Moustapha Akkad,1976,177,6,2020-08-05 13:00,8.00
6569,Jurassic Park,Action,Steven Spielberg,1993,127,12,2020-08-05 10:00,7.50
6570,Der Himmel über Berlin,Drama,Wim Wenders,1987,128,0,2020-08-04 10:00,8.00
6571,Der Himmel über Berlin,Drama,Wim Wenders,1987,128,0,2020-08-03 13:30,7.50
6572,Jurassic Park,Action,Steven Spielberg,1993,127,12,2020-08-03 10:30,8.00
6573,Home Alone,Comedy,Chris Columbus,1990,103,0,2020-08-02 19:30,8.50
6574,Dead Man,Adventure,Jim Jarmusch,1995,121,16,2020-08-02 16:30,8.00
6575,The Red Shoes,Drama,Michael Powell,1948,135,12,2020-08-02 13:30,7.50
6576,Citizen Kane,Drama,Orson Welles,1941,119,12,2020-08-02 10:30,8.00
6577,Deadpool 2,Action,David Leitch,2018,119,16,2020-08-01 16:30,6.50
6578,Mary Poppins,Comedy,Robert Stevenson,1964,139,0,2020-08-01 13:30,7.00
6579,Spoorloos,Mystery,George Sluizer,1988,107,12,2020-08-01 10:30,8.00
6580,Kaze no tani no Naushika,Animation,Hayao Miyazaki,1984,117,0,2020-07-31 13:30,7.00
6581,Star Wars,Action,George Lucas,1977,121,12,2020-07-31 10:30,6.50
6582,The Ladykillers,Comedy,Alexander Mackendrick,1955,91,12,2020-07-30 16:00,7.50
6583,Kaze no tani no Naushika,Animation,Hayao Miyazaki,1984,117,0,2020-07-30 13:30,7.00
6584,Citizen Kane,Drama,Orson Welles,1941,119,12,2020-07-30 10:30,8.50
6585,Bohemian Rhapsody,Biography,Bryan Singer,2018,134,12,2020-07-29 10:00,7.50
6586,A Few Good Men,Drama,Rob Reiner,1992,138,0,2020-07-28 10:30,7.00
6587,Scarface: The Shame of the Nation,Action,Howard Hawks,1932,93,6,2020-07-27 10:00,7.00
6588,"Crna macka, beli macor",Comedy,Emir Kusturica,1998,127,16,2020-07-26 19:00,10.00
6589,Tôkyô monogatari,Drama,Yasujirô Ozu,1953,136,0,2020-07-26 16:00,8.50
6590,Tôkyô monogatari,Drama,Yasujirô Ozu,1953,136,0,2020-07-26 13:00,6.50
6591,Kaze no tani no Naushika,Animation,Hayao Miyazaki,1984,117,0,2020-07-26 10:30,8.00
6592,Blood Simple,Crime,Joel Coen,1984,99,12,2020-07-25 19:00,8.50
6593,The Sound of Music,Biography,Robert Wise,1965,172,0,2020-07-25 15:30,7.50
6594,Vampire Hunter D: Bloodlust,Animation,Yoshiaki Kawajiri,2000,103,0,2020-07-25 13:00,8.00
6595,Star Wars,Action,George Lucas,1977,121,12,2020-07-25 10:00,7.00
6596,Taxi Driver,Crime,Martin Scorsese,1976,114,12,2020-07-24 14:30,8.00
6597,Il postino,Biography,Michael Radford,1994,108,0,2020-07-24 12:00,7.50
6598,The Naked Gun: From the Files of Police Squad!,Comedy,David Zucker,1988,85,0,2020-07-24 10:00,7.00
6599,Taxi Driver,Crime,Martin Scorsese,1976,114,12,2020-07-23 16:00,7.50
6600,Barry Lyndon,Adventure,Stanley Kubrick,1975,185,6,2020-07-23 12:00,6.50
6601,Vivre sa vie: Film en douze tableaux,Drama,Jean-Luc Godard,1962,80,12,2020-07-23 10:00,7.50
6602,Barry Lyndon,Adventure,Stanley Kubrick,1975,185,6,2020-07-22 13:00,6.50
6603,Kaze no tani no Naushika,Animation,Hayao Miyazaki,1984,117,0,2020-07-22 10:30,6.50
6604,Mary Poppins,Comedy,Robert Stevenson,1964,139,0,2020-07-21 10:30,8.50
6605,A Few Good Men,Drama,Rob Reiner,1992,138,0,2020-07-20 10:30,6.50
6606,Gandhi,Biography,Richard Attenborough,1982,191,0,2020-07-19 15:30,6.50
6607,Dr. Strangelove or: How I Learned to Stop Worrying and Love the Bomb,Comedy,Stanley Kubrick,1964,95,12,2020-07-19 13:00,6.50
6608,Der Himmel über Berlin,Drama,Wim Wenders,1987,128,0,2020-07-19 10:00,8.50
6609,The Remains of the Day,Drama,James Ivory,1993,134,0,2020-07-18 18:30,9.00
6610,Jurassic Park,Action,Steven Spielberg,1993,127,12,2020-07-18 15:30,6.50
6611,Blood Simple,Crime,Joel Coen,1984,99,12,2020-07-18 13:00,8.00
6612,Knives Out,Comedy,Rian Johnson,2019,130,12,2020-07-18 10:00,6.50
6613,Tôkyô monogatari,Drama,Yasujirô Ozu,1953,136,0,2020-07-17 10:30,8.50
6614,Deadpool 2,Action,David Leitch,2018,119,16,2020-07-16 13:30,7.00
6615,Tôkyô monogatari,Drama,Yasujirô Ozu,1953,136,0,2020-07-16 10:30,7.50
6616,Vampire Hunter D: Bloodlust,Animation,Yoshiaki Kawajiri,2000,103,0,2020-07-15 13:00,6.50
6617,Life of Brian,Comedy,Terry Jones,1979,94,16,2020-07-15 10:30,7.00
6618,Il postino,Biography,Michael Radford,1994,108,0,2020-07-14 16:00,7.00
6619,Mission: Impossible - Fallout,Action,Christopher McQuarrie,2018,147,12,2020-07-14 13:00,8.00
6620,Home Alone,Comedy,Chris Columbus,1990,103,0,2020-07-14 10:30,6.50
6621,Dances with Wolves,Adventure,Kevin Costner,1990,181,0,2020-07-13 12:30,6.50
6622,Vampire Hunter D: Bloodlust,Animation,Yoshiaki Kawajiri,2000,103,0,2020-07-13 10:00,8.50
6623,Life of Brian,Comedy,Terry Jones,1979,94,16,2020-07-12 18:00,9.00
6624,The Gentlemen,Action,Guy Ritchie,2019,113,12,2020-07-12 15:30,7.50
6625,Scarface: The Shame of the Nation,Action,Howard Hawks,1932,93,6,2020-07-12 13:00,7.50
6626,Spoorloos,Mystery,George Sluizer,1988,107,12,2020-07-12 10:30,7.50
6627,Home Alone,Comedy,Chris Columbus,1990,103,0,2020-07-11 17:30,8.00
6628,Harvey,Comedy,Henry Koster,1950,104,12,2020-07-11 15:00,7.50
6629,The Naked Gun: From the Files of Police Squad!,Comedy,David Zucker,1988,85,0,2020-07-11 12:30,7.50
6630,Bride of Frankenstein,Drama,James Whale,1935,75,12,2020-07-11 10:30,8.00
6631,Il postino,Biography,Michael Radford,1994,108,0,2020-07-10 15:30,7.00
6632,Charade,Comedy,Stanley Donen,1963,113,0,2020-07-10 12:30,8.00
6633,Life of Brian,Comedy,Terry Jones,1979,94,16,2020-07-10 10:00,8.00
6634,Harvey,Comedy,Henry Koster,1950,104,12,2020-07-09 10:00,7.50
6635,Vivre sa vie: Film en douze tableaux,Drama,Jean-Luc Godard,1962,80,12,2020-07-08 16:00,8.50
6636,Knives Out,Comedy,Rian Johnson,2019,130,12,2020-07-08 13:00,8.50
6637,Harold and Maude,Comedy,Hal Ashby,1971,91,6,2020-07-08 10:30,8.50
6638,The Day the Earth Stood Still,Drama,Robert Wise,1951,92,0,2020-07-07 10:00,8.00
6639,Gladiator,Action,Ridley Scott,2000,155,12,2020-07-06 16:00,8.00
6640,Bride of Frankenstein,Drama,James Whale,1935,75,12,2020-07-06 14:00,7.50
6641,Dances with Wolves,Adventure,Kevin Costner,1990,181,0,2020-07-06 10:00,8.50
6642,Home Alone,Comedy,Chris Columbus,1990,103,0,2020-07-05 18:00,10.00
6643,Ferris Bueller's Day Off,Comedy,John Hughes,1986,103,0,2020-07-05 15:30,7.00
6644,October Sky,Biography,Joe Johnston,1999,108,6,2020-07-05 13:00,8.00
6645,Home Alone,Comedy,Chris Columbus,1990,103,0,2020-07-05 10:30,7.50
6646,October Sky,Biography,Joe Johnston,1999,108,6,2020-07-04 19:00,8.50
6647,October Sky,Biography,Joe Johnston,1999,108,6,2020-07-04 16:30,7.50
6648,Jurassic Park,Action,Steven Spielberg,1993,127,12,2020-07-04 13:30,7.50
6649,Der Name der Rose,Crime,Jean-Jacques Annaud,1986,130,16,2020-07-04 10:30,7.00
6650,Arsenic and Old Lace,Comedy,Frank Capra,1942,118,12,2020-07-03 13:00,7.00
6651,Harold and Maude,Comedy,Hal Ashby,1971,91,6,2020-07-03 10:30,7.50
6652,Harvey,Comedy,Henry Koster,1950,104,12,2020-07-02 13:00,7.50
6653,The Gentlemen,Action,Guy Ritchie,2019,113,12,2020-07-02 10:30,8.00
6654,The Matrix,Action,Lana Wachowski,1999,136,12,2020-07-01 14:00,7.50
6655,Ba wang bie ji,Drama,Kaige Chen,1993,171,16,2020-07-01 10:00,6.50
6656,Home Alone,Comedy,Chris Columbus,1990,103,0,2020-06-30 13:00,8.50
6657,Bringing Up Baby,Comedy,Howard Hawks,1938,102,12,2020-06-30 10:30,6.50
6658,Gladiator,Action,Ridley Scott,2000,155,12,2020-06-29 10:30,6.50
6659,October Sky,Biography,Joe Johnston,1999,108,6,2020-06-28 17:00,8.00
6660,October Sky,Biography,Joe Johnston,1999,108,6,2020-06-28 14:30,7.50
6661,Life of Brian,Comedy,Terry Jones,1979,94,16,2020-06-28 12:00,7.50
6662,Freaks,Drama,Tod Browning,1932,64,12,2020-06-28 10:00,7.00
6663,Gandhi,Biography,Richard Attenborough,1982,191,0,2020-06-27 16:30,8.50
6664,Billy Elliot,Drama,Stephen Daldry,2000,110,16,2020-06-27 13:30,7.50
6665,Jurassic Park,Action,Steven Spielberg,1993,127,12,2020-06-27 10:30,8.00
6666,Bringing Up Baby,Comedy,Howard Hawks,1938,102,12,2020-06-26 13:30,8.00
6667,The Red Shoes,Drama,Michael Powell,1948,135,12,2020-06-26 10:30,6.50
6668,Bride of Frankenstein,Drama,James Whale,1935,75,12,2020-06-25 10:00,8.00
6669,Jurassic Park,Action,Steven Spielberg,1993,127,12,2020-06-24 10:30,7.00
6670,Jurassic Park,Action,Steven Spielberg,1993,127,12,2020-06-23 16:30,6.50
6671,Gladiator,Action,Ridley Scott,2000,155,12,2020-06-23 13:00,8.50
6672,Ferris Bueller's Day Off,Comedy,John Hughes,1986,103,0,2020-06-23 10:30,6.50
6673,Green Book,Biography,Peter Farrelly,2018,130,12,2020-06-22 14:00,7.50
6674,Hera Pheri,Action,Priyadarshan,2000,156,0,2020-06-22 10:30,7.50
6675,The Thin Red Line,Drama,Terrence Malick,1998,170,12,2020-06-21 15:30,8.00
6676,October Sky,Biography,Joe Johnston,1999,108,6,2020-06-21 13:00,6.50
6677,Inherit the Wind,Biography,Stanley Kramer,1960,128,12,2020-06-21 10:00,8.00
6678,Green Book,Biography,Peter Farrelly,2018,130,12,2020-06-20 15:30,7.00
6679,The Matrix,Action,Lana Wachowski,1999,136,12,2020-06-20 12:30,7.00
6680,Dil Bechara,Comedy,Mukesh Chhabra,2020,101,12,2020-06-20 10:00,6.50
6681,Andhadhun,Crime,Sriram Raghavan,2018,139,12,2020-06-19 10:00,7.00
6682,Who Framed Roger Rabbit,Animation,Robert Zemeckis,1988,104,0,2020-06-18 10:00,8.50
6683,Titanic,Drama,James Cameron,1997,194,12,2020-06-17 15:00,8.00
6684,Bride of Frankenstein,Drama,James Whale,1935,75,12,2020-06-17 13:00,8.50
6685,Life of Brian,Comedy,Terry Jones,1979,94,16,2020-06-17 10:30,7.50
6686,Ed Wood,Biography,Tim Burton,1994,127,0,2020-06-16 15:00,7.00
6687,Charade,Comedy,Stanley Donen,1963,113,0,2020-06-16 12:30,7.50
6688,Billy Elliot,Drama,Stephen Daldry,2000,110,16,2020-06-16 10:00,7.50
6689,Gandhi,Biography,Richard Attenborough,1982,191,0,2020-06-15 16:30,6.50
6690,The Gentlemen,Action,Guy Ritchie,2019,113,12,2020-06-15 14:00,8.00
6691,Gladiator,Action,Ridley Scott,2000,155,12,2020-06-15 10:30,8.00
6692,Life of Brian,Comedy,Terry Jones,1979,94,16,2020-06-14 16:30,7.50
6693,Bride of Frankenstein,Drama,James Whale,1935,75,12,2020-06-14 14:30,8.50
6694,Gandhi,Biography,Richard Attenborough,1982,191,0,2020-06-14 10:30,8.00
6695,Billy Elliot,Drama,Stephen Daldry,2000,110,16,2020-06-13 16:00,8.00
6696,Der Name der Rose,Crime,Jean-Jacques Annaud,1986,130,16,2020-06-13 13:00,6.50
6697,Bringing Up Baby,Comedy,Howard Hawks,1938,102,12,2020-06-13 10:30,8.50
6698,Breakfast at Tiffany's,Comedy,Blake Edwards,1961,115,12,2020-06-12 10:30,6.50
6699,Andhadhun,Crime,Sriram Raghavan,2018,139,12,2020-06-11 14:30,6.50
6700,Freaks,Drama,Tod Browning,1932,64,12,2020-06-11 12:30,8.50
6701,Bringing Up Baby,Comedy,Howard Hawks,1938,102,12,2020-06-11 10:00,7.50
6702,Dances with Wolves,Adventure,Kevin Costner,1990,181,0,2020-06-10 12:30,8.00
6703,Bringing Up Baby,Comedy,Howard Hawks,1938,102,12,2020-06-10 10:00,8.00
6704,Titanic,Drama,James Cameron,1997,194,12,2020-06-09 13:00,8.50
6705,Life of Brian,Comedy,Terry Jones,1979,94,16,2020-06-09 10:30,8.50
6706,The Matrix,Action,Lana Wachowski,1999,136,12,2020-06-08 10:30,7.00
6707,City Lights,Comedy,Charles Chaplin,1931,87,0,2020-06-07 19:00,8.50
6708,Breakfast at Tiffany's,Comedy,Blake Edwards,1961,115,12,2020-06-07 16:00,7.00
6709,Der Name der Rose,Crime,Jean-Jacques Annaud,1986,130,16,2020-06-07 13:00,7.50
6710,Inherit the Wind,Biography,Stanley Kramer,1960,128,12,2020-06-07 10:00,6.50
6711,Freaks,Drama,Tod Browning,1932,64,12,2020-06-06 16:00,7.00
6712,Life of Brian,Comedy,Terry Jones,1979,94,16,2020-06-06 13:30,6.50
6713,Inherit the Wind,Biography,Stanley Kramer,1960,128,12,2020-06-06 10:30,8.50
6714,Ferris Bueller's Day Off,Comedy,John Hughes,1986,103,0,2020-06-05 16:30,7.50
6715,Der Name der Rose,Crime,Jean-Jacques Annaud,1986,130,16,2020-06-05 13:30,7.50
6716,Inherit the Wind,Biography,Stanley Kramer,1960,128,12,2020-06-05 10:30,7.50
6717,Breakfast at Tiffany's,Comedy,Blake Edwards,1961,115,12,2020-06-04 13:00,7.50
6718,American History X,Drama,Tony Kaye,1998,119,16,2020-06-04 10:30,7.50
6719,American History X,Drama,Tony Kaye,1998,119,16,2020-06-03 15:30,6.50
6720,Who Framed Roger Rabbit,Animation,Robert Zemeckis,1988,104,0,2020-06-03 13:00,6.50
6721,The Matrix,Action,Lana Wachowski,1999,136,12,2020-06-03 10:00,8.50
6722,Inherit the Wind,Biography,Stanley Kramer,1960,128,12,2020-06-02 10:00,6.50
6723,Hera Pheri,Action,Priyadarshan,2000,156,0,2020-06-01 13:00,7.00
6724,Ed Wood,Biography,Tim Burton,1994,127,0,2020-06-01 10:00,6.50
6725,"O Brother, Where Art Thou?",Adventure,Joel Coen,2000,107,0,2020-05-31 16:00,7.00
6726,The Matrix,Action,Lana Wachowski,1999,136,12,2020-05-31 13:00,6.50
6727,"O Brother, Where Art Thou?",Adventure,Joel Coen,2000,107,0,2020-05-31 10:30,7.50
6728,Who Framed Roger Rabbit,Animation,Robert Zemeckis,1988,104,0,2020-05-30 17:00,7.50
6729,The Thin Red Line,Drama,Terrence Malick,1998,170,12,2020-05-30 13:30,7.50
6730,Andhadhun,Crime,Sriram Raghavan,2018,139,12,2020-05-30 10:30,7.00
6731,Portrait de la jeune fille en feu,Drama,Céline Sciamma,2019,122,16,2020-05-29 17:00,7.50
6732,Sanjuro,Action,Akira Kurosawa,1962,96,0,2020-05-29 14:30,8.50
6733,Fanny och Alexander,Drama,Ingmar Bergman,1982,188,12,2020-05-29 10:30,8.00
6734,Ferris Bueller's Day Off,Comedy,John Hughes,1986,103,0,2020-05-28 10:30,7.00
6735,American History X,Drama,Tony Kaye,1998,119,16,2020-05-27 16:00,7.00
6736,City Lights,Comedy,Charles Chaplin,1931,87,0,2020-05-27 13:30,6.50
6737,Arsenic and Old Lace,Comedy,Frank Capra,1942,118,12,2020-05-27 10:30,8.00
6738,Titanic,Drama,James Cameron,1997,194,12,2020-05-26 15:00,8.00
6739,Ferris Bueller's Day Off,Comedy,John Hughes,1986,103,0,2020-05-26 12:30,7.00
6740,American History X,Drama,Tony Kaye,1998,119,16,2020-05-26 10:00,8.00
6741,Rosemary's Baby,Drama,Roman Polanski,1968,137,12,2020-05-25 10:00,8.50
6742,Fanny och Alexander,Drama,Ingmar Bergman,1982,188,12,2020-05-24 19:00,8.50
6743,Modern Times,Comedy,Charles Chaplin,1936,87,0,2020-05-24 16:30,7.50
6744,Rosemary's Baby,Drama,Roman Polanski,1968,137,12,2020-05-24 13:30,7.50
6745,Portrait de la jeune fille en feu,Drama,Céline Sciamma,2019,122,16,2020-05-24 10:30,6.50
6746,Titanic,Drama,James Cameron,1997,194,12,2020-05-23 17:00,8.50
6747,Der Name der Rose,Crime,Jean-Jacques Annaud,1986,130,16,2020-05-23 14:00,8.00
6748,Hera Pheri,Action,Priyadarshan,2000,156,0,2020-05-23 10:30,8.50
6749,Sanjuro,Action,Akira Kurosawa,1962,96,0,2020-05-22 13:00,8.00
6750,Double Indemnity,Crime,Billy Wilder,1944,107,12,2020-05-22 10:30,7.00
6751,Rosemary's Baby,Drama,Roman Polanski,1968,137,12,2020-05-21 18:00,9.50
6752,Hera Pheri,Action,Priyadarshan,2000,156,0,2020-05-21 14:30,8.50
6753,The Ten Commandments,Adventure,Cecil B. DeMille,1956,220,0,2020-05-21 10:00,8.50
6754,Ferris Bueller's Day Off,Comedy,John Hughes,1986,103,0,2020-05-20 14:00,8.50
6755,Breaking the Waves,Drama,Lars von Trier,1996,159,16,2020-05-20 10:30,8.50
6756,The Manchurian Candidate,Drama,John Frankenheimer,1962,126,12,2020-05-19 16:00,6.50
6757,La double vie de Véronique,Drama,Krzysztof Kieslowski,1991,98,16,2020-05-19 13:30,7.50
6758,Breaking the Waves,Drama,Lars von Trier,1996,159,16,2020-05-19 10:00,8.50
6759,The French Connection,Action,William Friedkin,1971,104,12,2020-05-18 10:00,7.00
6760,La règle du jeu,Comedy,Jean Renoir,1939,110,12,2020-05-17 16:30,7.00
6761,American History X,Drama,Tony Kaye,1998,119,16,2020-05-17 13:30,7.00
6762,Breaking the Waves,Drama,Lars von Trier,1996,159,16,2020-05-17 10:00,7.50
6763,Young Frankenstein,Comedy,Mel Brooks,1974,106,12,2020-05-16 14:30,8.00
6764,Le dîner de cons,Comedy,Francis Veber,1998,80,12,2020-05-16 12:30,8.00
6765,Dil Bechara,Comedy,Mukesh Chhabra,2020,101,12,2020-05-16 10:00,7.50
6766,Double Indemnity,Crime,Billy Wilder,1944,107,12,2020-05-15 13:00,8.00
6767,La double vie de Véronique,Drama,Krzysztof Kieslowski,1991,98,16,2020-05-15 10:30,7.50
6768,Rosemary's Baby,Drama,Roman Polanski,1968,137,12,2020-05-14 16:00,6.50
6769,American History X,Drama,Tony Kaye,1998,119,16,2020-05-14 13:00,7.00
6770,Dil Bechara,Comedy,Mukesh Chhabra,2020,101,12,2020-05-14 10:30,8.50
6771,Modern Times,Comedy,Charles Chaplin,1936,87,0,2020-05-13 15:30,8.50
6772,Who Framed Roger Rabbit,Animation,Robert Zemeckis,1988,104,0,2020-05-13 13:00,7.50
6773,Ferris Bueller's Day Off,Comedy,John Hughes,1986,103,0,2020-05-13 10:30,8.00
6774,Fanny och Alexander,Drama,Ingmar Bergman,1982,188,12,2020-05-12 10:30,8.00
6775,Sanjuro,Action,Akira Kurosawa,1962,96,0,2020-05-11 10:00,8.00
6776,The Invisible Man,Horror,James Whale,1933,71,12,2020-05-10 20:00,8.50
6777,Titanic,Drama,James Cameron,1997,194,12,2020-05-10 16:00,7.00
6778,Metropolis,Drama,Fritz Lang,1927,153,12,2020-05-10 12:30,8.50
6779,Sanjuro,Action,Akira Kurosawa,1962,96,0,2020-05-10 10:00,8.50
6780,Freaks,Drama,Tod Browning,1932,64,12,2020-05-09 18:00,9.50
6781,Modern Times,Comedy,Charles Chaplin,1936,87,0,2020-05-09 16:00,8.50
6782,Die Hard: With a Vengeance,Action,John McTiernan,1995,128,12,2020-05-09 13:00,8.00
6783,Rosemary's Baby,Drama,Roman Polanski,1968,137,12,2020-05-09 10:00,8.50
6784,Rosemary's Baby,Drama,Roman Polanski,1968,137,12,2020-05-08 13:30,8.50
6785,The Manchurian Candidate,Drama,John Frankenheimer,1962,126,12,2020-05-08 10:30,6.50
6786,The Ten Commandments,Adventure,Cecil B. DeMille,1956,220,0,2020-05-07 12:30,7.00
6787,Crimes and Misdemeanors,Comedy,Woody Allen,1989,104,12,2020-05-07 10:00,6.50
6788,Fanny och Alexander,Drama,Ingmar Bergman,1982,188,12,2020-05-06 10:30,6.50
6789,La double vie de Véronique,Drama,Krzysztof Kieslowski,1991,98,16,2020-05-05 13:00,8.00
6790,Home Alone,Comedy,Chris Columbus,1990,103,0,2020-05-05 10:30,7.50
6791,Die Hard: With a Vengeance,Action,John McTiernan,1995,128,12,2020-05-04 10:00,7.50
6792,Metropolis,Drama,Fritz Lang,1927,153,12,2020-05-03 15:30,7.00
6793,Rupan sansei: Kariosutoro no shiro,Animation,Hayao Miyazaki,1979,100,0,2020-05-03 13:00,8.50
6794,Annie Hall,Comedy,Woody Allen,1977,93,12,2020-05-03 10:30,6.50
6795,Home Alone,Comedy,Chris Columbus,1990,103,0,2020-05-02 15:30,8.50
6796,"O Brother, Where Art Thou?",Adventure,Joel Coen,2000,107,0,2020-05-02 12:30,7.50
6797,"O Brother, Where Art Thou?",Adventure,Joel Coen,2000,107,0,2020-05-02 10:00,7.50
6798,La double vie de Véronique,Drama,Krzysztof Kieslowski,1991,98,16,2020-05-01 15:00,8.00
6799,Freaks,Drama,Tod Browning,1932,64,12,2020-05-01 13:00,8.00
6800,Double Indemnity,Crime,Billy Wilder,1944,107,12,2020-05-01 10:30,8.50
6801,Breaking the Waves,Drama,Lars von Trier,1996,159,16,2020-04-30 13:00,7.50
6802,Die Hard: With a Vengeance,Action,John McTiernan,1995,128,12,2020-04-30 10:00,7.00
6803,Rosemary's Baby,Drama,Roman Polanski,1968,137,12,2020-04-29 10:00,8.00
6804,Festen,Drama,Thomas Vinterberg,1998,105,16,2020-04-28 10:30,8.50
6805,Double Indemnity,Crime,Billy Wilder,1944,107,12,2020-04-27 16:00,8.00
6806,Rosemary's Baby,Drama,Roman Polanski,1968,137,12,2020-04-27 13:00,7.50
6807,Die Hard: With a Vengeance,Action,John McTiernan,1995,128,12,2020-04-27 10:00,6.50
6808,Breaking the Waves,Drama,Lars von Trier,1996,159,16,2020-04-26 15:30,7.00
6809,The Man Who Shot Liberty Valance,Drama,John Ford,1962,123,12,2020-04-26 12:30,6.50
6810,Home Alone,Comedy,Chris Columbus,1990,103,0,2020-04-26 10:00,8.00
6811,"O Brother, Where Art Thou?",Adventure,Joel Coen,2000,107,0,2020-04-25 17:30,8.50
6812,The Manchurian Candidate,Drama,John Frankenheimer,1962,126,12,2020-04-25 14:30,6.50
6813,Toy Story,Animation,John Lasseter,1995,81,0,2020-04-25 12:00,7.00
6814,Freaks,Drama,Tod Browning,1932,64,12,2020-04-25 10:00,8.50
6815,Rupan sansei: Kariosutoro no shiro,Animation,Hayao Miyazaki,1979,100,0,2020-04-24 10:00,7.50
6816,Solaris,Drama,Andrei Tarkovsky,1972,167,6,2020-04-23 13:30,6.50
6817,Die Hard: With a Vengeance,Action,John McTiernan,1995,128,12,2020-04-23 10:30,7.50
6818,Manbiki kazoku,Crime,Hirokazu Koreeda,2018,121,12,2020-04-22 10:30,7.50
6819,Stagecoach,Adventure,John Ford,1939,96,12,2020-04-21 15:30,8.00
6820,Freaks,Drama,Tod Browning,1932,64,12,2020-04-21 13:30,7.00
6821,The Man Who Shot Liberty Valance,Drama,John Ford,1962,123,12,2020-04-21 10:30,7.50
6822,Festen,Drama,Thomas Vinterberg,1998,105,16,2020-04-20 17:00,6.50
6823,JFK,Drama,Oliver Stone,1991,189,12,2020-04-20 13:00,7.50
6824,Crimes and Misdemeanors,Comedy,Woody Allen,1989,104,12,2020-04-20 10:30,8.50
6825,Metropolis,Drama,Fritz Lang,1927,153,12,2020-04-19 18:00,10.00
6826,The Man Who Shot Liberty Valance,Drama,John Ford,1962,123,12,2020-04-19 15:00,8.00
6827,Double Indemnity,Crime,Billy Wilder,1944,107,12,2020-04-19 12:30,8.50
6828,The French Connection,Action,William Friedkin,1971,104,12,2020-04-19 10:00,7.00
6829,Double Indemnity,Crime,Billy Wilder,1944,107,12,2020-04-18 17:30,7.00
6830,Freaks,Drama,Tod Browning,1932,64,12,2020-04-18 15:30,8.50
6831,Home Alone,Comedy,Chris Columbus,1990,103,0,2020-04-18 13:00,6.50
6832,The Manchurian Candidate,Drama,John Frankenheimer,1962,126,12,2020-04-18 10:00,8.50
6833,Blade Runner,Action,Ridley Scott,1982,117,12,2020-04-17 10:30,7.50
6834,The Manchurian Candidate,Drama,John Frankenheimer,1962,126,12,2020-04-16 13:30,6.50
6835,Dead Man,Adventure,Jim Jarmusch,1995,121,16,2020-04-16 10:30,8.50
6836,Dead Man,Adventure,Jim Jarmusch,1995,121,16,2020-04-15 17:30,8.50
6837,Crimes and Misdemeanors,Comedy,Woody Allen,1989,104,12,2020-04-15 15:00,8.50
6838,The Ten Commandments,Adventure,Cecil B. DeMille,1956,220,0,2020-04-15 10:30,7.00
6839,Kagemusha,Drama,Akira Kurosawa,1980,180,0,2020-04-14 10:00,8.50
6840,The French Connection,Action,William Friedkin,1971,104,12,2020-04-13 13:30,7.50
6841,Manbiki kazoku,Crime,Hirokazu Koreeda,2018,121,12,2020-04-13 10:30,8.50
6842,Blade Runner,Action,Ridley Scott,1982,117,12,2020-04-12 18:30,8.50
6843,The Man Who Shot Liberty Valance,Drama,John Ford,1962,123,12,2020-04-12 15:30,6.50
6844,Batoru rowaiaru,Action,Kinji Fukasaku,2000,114,12,2020-04-12 12:30,8.50
6845,Rupan sansei: Kariosutoro no shiro,Animation,Hayao Miyazaki,1979,100,0,2020-04-12 10:00,7.00
6846,Annie Hall,Comedy,Woody Allen,1977,93,12,2020-04-11 16:00,7.50
6847,Dead Man,Adventure,Jim Jarmusch,1995,121,16,2020-04-11 13:00,7.50
6848,Double Indemnity,Crime,Billy Wilder,1944,107,12,2020-04-11 10:30,6.50
6849,Double Indemnity,Crime,Billy Wilder,1944,107,12,2020-04-10 17:00,7.50
6850,Metropolis,Drama,Fritz Lang,1927,153,12,2020-04-10 13:30,7.50
6851,Amarcord,Comedy,Federico Fellini,1973,123,16,2020-04-10 10:30,8.00
6852,Double Indemnity,Crime,Billy Wilder,1944,107,12,2020-04-09 16:30,7.00
6853,Metropolis,Drama,Fritz Lang,1927,153,12,2020-04-09 13:00,8.50
6854,Amarcord,Comedy,Federico Fellini,1973,123,16,2020-04-09 10:00,7.00
6855,Mr. Smith Goes to Washington,Comedy,Frank Capra,1939,129,12,2020-04-08 10:30,8.00
6856,Festen,Drama,Thomas Vinterberg,1998,105,16,2020-04-07 10:00,8.50
6857,Annie Hall,Comedy,Woody Allen,1977,93,12,2020-04-06 12:30,7.00
6858,Festen,Drama,Thomas Vinterberg,1998,105,16,2020-04-06 10:00,8.50
6859,Home Alone,Comedy,Chris Columbus,1990,103,0,2020-04-05 18:30,9.50
6860,Batoru rowaiaru,Action,Kinji Fukasaku,2000,114,12,2020-04-05 15:30,7.00
6861,Trois couleurs: Rouge,Drama,Krzysztof Kieslowski,1994,99,0,2020-04-05 13:00,6.50
6862,The French Connection,Action,William Friedkin,1971,104,12,2020-04-05 10:30,6.50
6863,The Ten Commandments,Adventure,Cecil B. DeMille,1956,220,0,2020-04-04 19:30,10.00
6864,White Heat,Action,Raoul Walsh,1949,114,12,2020-04-04 16:30,7.50
6865,Solaris,Drama,Andrei Tarkovsky,1972,167,6,2020-04-04 13:00,6.50
6866,Double Indemnity,Crime,Billy Wilder,1944,107,12,2020-04-04 10:00,7.50
6867,JFK,Drama,Oliver Stone,1991,189,12,2020-04-03 17:00,6.50
6868,JFK,Drama,Oliver Stone,1991,189,12,2020-04-03 13:00,8.00
6869,The Man Who Shot Liberty Valance,Drama,John Ford,1962,123,12,2020-04-03 10:00,8.00
6870,Freaks,Drama,Tod Browning,1932,64,12,2020-04-02 13:30,6.50
6871,The Lion in Winter,Biography,Anthony Harvey,1968,134,6,2020-04-02 10:30,7.00
6872,Stagecoach,Adventure,John Ford,1939,96,12,2020-04-01 10:00,6.50
6873,The Manchurian Candidate,Drama,John Frankenheimer,1962,126,12,2020-03-31 15:00,6.50
6874,Freaks,Drama,Tod Browning,1932,64,12,2020-03-31 13:00,8.00
6875,Sling Blade,Drama,Billy Bob Thornton,1996,135,16,2020-03-31 10:00,6.50
6876,La vita è bella,Comedy,Roberto Benigni,1997,116,0,2020-03-30 10:30,7.00
6877,Festen,Drama,Thomas Vinterberg,1998,105,16,2020-03-29 18:00,10.00
6878,Annie Hall,Comedy,Woody Allen,1977,93,12,2020-03-29 15:30,8.00
6879,Crimes and Misdemeanors,Comedy,Woody Allen,1989,104,12,2020-03-29 13:00,7.00
6880,Blade Runner,Action,Ridley Scott,1982,117,12,2020-03-29 10:30,8.50
6881,The Sixth Sense,Drama,M. Night Shyamalan,1999,107,12,2020-03-28 19:30,9.50
6882,Blade Runner,Action,Ridley Scott,1982,117,12,2020-03-28 17:00,7.00
6883,The Lion in Winter,Biography,Anthony Harvey,1968,134,6,2020-03-28 14:00,8.00
6884,JFK,Drama,Oliver Stone,1991,189,12,2020-03-28 10:00,8.00
6885,White Heat,Action,Raoul Walsh,1949,114,12,2020-03-27 10:00,7.00
6886,Toy Story,Animation,John Lasseter,1995,81,0,2020-03-26 13:00,8.00
6887,The Shop Around the Corner,Comedy,Ernst Lubitsch,1940,99,12,2020-03-26 10:30,8.50
6888,Sling Blade,Drama,Billy Bob Thornton,1996,135,16,2020-03-25 15:30,7.00
6889,Stagecoach,Adventure,John Ford,1939,96,12,2020-03-25 13:00,7.50
6890,The Sixth Sense,Drama,M. Night Shyamalan,1999,107,12,2020-03-25 10:30,8.50
6891,The Sixth Sense,Drama,M. Night Shyamalan,1999,107,12,2020-03-24 18:00,10.00
6892,JFK,Drama,Oliver Stone,1991,189,12,2020-03-24 14:00,8.00
6893,Kagemusha,Drama,Akira Kurosawa,1980,180,0,2020-03-24 10:00,6.50
6894,Mr. Smith Goes to Washington,Comedy,Frank Capra,1939,129,12,2020-03-23 13:30,7.50
6895,Batoru rowaiaru,Action,Kinji Fukasaku,2000,114,12,2020-03-23 10:30,8.50
6896,Glengarry Glen Ross,Crime,James Foley,1992,100,16,2020-03-22 15:00,8.50
6897,Blade Runner,Action,Ridley Scott,1982,117,12,2020-03-22 12:30,7.00
6898,Sweet Smell of Success,Drama,Alexander Mackendrick,1957,96,12,2020-03-22 10:00,8.00
6899,Groundhog Day,Comedy,Harold Ramis,1993,101,0,2020-03-21 20:00,10.00
6900,White Heat,Action,Raoul Walsh,1949,114,12,2020-03-21 17:30,8.50
6901,Sling Blade,Drama,Billy Bob Thornton,1996,135,16,2020-03-21 14:30,8.00
6902,JFK,Drama,Oliver Stone,1991,189,12,2020-03-21 10:30,8.00
6903,A Bronx Tale,Crime,Robert De Niro,1993,121,16,2020-03-20 10:30,8.00
6904,White Heat,Action,Raoul Walsh,1949,114,12,2020-03-19 13:30,6.50
6905,The Lion in Winter,Biography,Anthony Harvey,1968,134,6,2020-03-19 10:30,7.50
6906,Mr. Smith Goes to Washington,Comedy,Frank Capra,1939,129,12,2020-03-18 15:30,7.50
6907,Festen,Drama,Thomas Vinterberg,1998,105,16,2020-03-18 13:00,7.50
6908,Sling Blade,Drama,Billy Bob Thornton,1996,135,16,2020-03-18 10:00,7.00
6909,The Shop Around the Corner,Comedy,Ernst Lubitsch,1940,99,12,2020-03-17 15:30,7.00
6910,Sling Blade,Drama,Billy Bob Thornton,1996,135,16,2020-03-17 12:30,7.50
6911,Groundhog Day,Comedy,Harold Ramis,1993,101,0,2020-03-17 10:00,8.00
6912,White Heat,Action,Raoul Walsh,1949,114,12,2020-03-16 10:00,8.00
6913,Sweet Smell of Success,Drama,Alexander Mackendrick,1957,96,12,2020-03-15 18:30,9.50
6914,Festen,Drama,Thomas Vinterberg,1998,105,16,2020-03-15 16:00,7.00
6915,La battaglia di Algeri,Drama,Gillo Pontecorvo,1966,121,12,2020-03-15 13:00,6.50
6916,The Adventures of Robin Hood,Action,Michael Curtiz,1938,102,6,2020-03-15 10:30,7.00
6917,Sling Blade,Drama,Billy Bob Thornton,1996,135,16,2020-03-14 16:00,8.00
6918,Festen,Drama,Thomas Vinterberg,1998,105,16,2020-03-14 13:30,7.50
6919,Blade Runner,Action,Ridley Scott,1982,117,12,2020-03-14 10:30,7.50
6920,Blade Runner,Action,Ridley Scott,1982,117,12,2020-03-13 13:00,7.50
6921,Batoru rowaiaru,Action,Kinji Fukasaku,2000,114,12,2020-03-13 10:00,7.50
6922,La battaglia di Algeri,Drama,Gillo Pontecorvo,1966,121,12,2020-03-12 17:00,6.50
6923,JFK,Drama,Oliver Stone,1991,189,12,2020-03-12 13:00,8.00
6924,Sweet Smell of Success,Drama,Alexander Mackendrick,1957,96,12,2020-03-12 10:30,7.00
6925,L.A. Confidential,Crime,Curtis Hanson,1997,138,12,2020-03-11 16:00,7.50
6926,Blade Runner,Action,Ridley Scott,1982,117,12,2020-03-11 13:00,7.50
6927,Kurenai no buta,Animation,Hayao Miyazaki,1992,94,0,2020-03-11 10:30,7.50
6928,Mr. Smith Goes to Washington,Comedy,Frank Capra,1939,129,12,2020-03-10 17:00,8.00
6929,JFK,Drama,Oliver Stone,1991,189,12,2020-03-10 13:00,6.50
6930,The Sixth Sense,Drama,M. Night Shyamalan,1999,107,12,2020-03-10 10:30,7.00
6931,Manbiki kazoku,Crime,Hirokazu Koreeda,2018,121,12,2020-03-09 17:00,6.50
6932,The Shop Around the Corner,Comedy,Ernst Lubitsch,1940,99,12,2020-03-09 14:30,8.50
6933,Kagemusha,Drama,Akira Kurosawa,1980,180,0,2020-03-09 10:30,7.00
6934,La battaglia di Algeri,Drama,Gillo Pontecorvo,1966,121,12,2020-03-08 20:00,8.50
6935,Sweet Smell of Success,Drama,Alexander Mackendrick,1957,96,12,2020-03-08 17:30,8.00
6936,JFK,Drama,Oliver Stone,1991,189,12,2020-03-08 13:30,6.50
6937,L.A. Confidential,Crime,Curtis Hanson,1997,138,12,2020-03-08 10:30,7.00
6938,La battaglia di Algeri,Drama,Gillo Pontecorvo,1966,121,12,2020-03-07 15:30,6.50
6939,Festen,Drama,Thomas Vinterberg,1998,105,16,2020-03-07 13:00,7.00
6940,Batoru rowaiaru,Action,Kinji Fukasaku,2000,114,12,2020-03-07 10:00,7.50
6941,The Lion in Winter,Biography,Anthony Harvey,1968,134,6,2020-03-06 17:00,7.50
6942,JFK,Drama,Oliver Stone,1991,189,12,2020-03-06 13:00,7.00
6943,La battaglia di Algeri,Drama,Gillo Pontecorvo,1966,121,12,2020-03-06 10:00,6.50
6944,Braveheart,Biography,Mel Gibson,1995,178,12,2020-03-05 10:30,8.00
6945,JFK,Drama,Oliver Stone,1991,189,12,2020-03-04 13:00,8.00
6946,Mr. Smith Goes to Washington,Comedy,Frank Capra,1939,129,12,2020-03-04 10:00,7.50
6947,A Clockwork Orange,Crime,Stanley Kubrick,1971,136,12,2020-03-03 12:00,7.50
6948,Vivre sa vie: Film en douze tableaux,Drama,Jean-Luc Godard,1962,80,12,2020-03-03 10:00,7.00
6949,Sweet Smell of Success,Drama,Alexander Mackendrick,1957,96,12,2020-03-02 15:00,8.00
6950,Crimes and Misdemeanors,Comedy,Woody Allen,1989,104,12,2020-03-02 12:30,8.00
6951,Crimes and Misdemeanors,Comedy,Woody Allen,1989,104,12,2020-03-02 10:00,8.50
6952,A Bronx Tale,Crime,Robert De Niro,1993,121,16,2020-03-01 19:30,10.00
6953,Once Upon a Time... in Hollywood,Comedy,Quentin Tarantino,2019,161,12,2020-03-01 16:00,7.00
6954,The Manchurian Candidate,Drama,John Frankenheimer,1962,126,12,2020-03-01 13:00,6.50
6955,Sweet Smell of Success,Drama,Alexander Mackendrick,1957,96,12,2020-03-01 10:30,7.50
6956,Kagemusha,Drama,Akira Kurosawa,1980,180,0,2020-02-29 20:00,9.00
6957,Dancer in the Dark,Crime,Lars von Trier,2000,140,0,2020-02-29 17:00,8.50
6958,Kagemusha,Drama,Akira Kurosawa,1980,180,0,2020-02-29 13:00,8.50
6959,A Clockwork Orange,Crime,Stanley Kubrick,1971,136,12,2020-02-29 10:00,8.00
6960,La vita è bella,Comedy,Roberto Benigni,1997,116,0,2020-02-28 15:00,8.00
6961,Groundhog Day,Comedy,Harold Ramis,1993,101,0,2020-02-28 12:30,7.50
6962,Bonnie and Clyde,Action,Arthur Penn,1967,111,12,2020-02-28 10:00,7.00
6963,Batoru rowaiaru,Action,Kinji Fukasaku,2000,114,12,2020-02-27 10:30,6.50
6964,Les quatre cents coups,Crime,François Truffaut,1959,99,12,2020-02-26 16:00,7.00
6965,The Lion in Winter,Biography,Anthony Harvey,1968,134,6,2020-02-26 13:00,7.50
6966,La vita è bella,Comedy,Roberto Benigni,1997,116,0,2020-02-26 10:30,7.50
6967,Il conformista,Drama,Bernardo Bertolucci,1970,113,12,2020-02-25 14:30,8.50
6968,Braveheart,Biography,Mel Gibson,1995,178,12,2020-02-25 10:30,7.50
6969,Manbiki kazoku,Crime,Hirokazu Koreeda,2018,121,12,2020-02-24 10:00,7.50
6970,Il conformista,Drama,Bernardo Bertolucci,1970,113,12,2020-02-23 16:30,7.50
6971,Braveheart,Biography,Mel Gibson,1995,178,12,2020-02-23 12:30,7.50
6972,La vita è bella,Comedy,Roberto Benigni,1997,116,0,2020-02-23 10:00,7.50
6973,L.A. Confidential,Crime,Curtis Hanson,1997,138,12,2020-02-22 17:00,6.50
6974,Braveheart,Biography,Mel Gibson,1995,178,12,2020-02-22 13:00,8.00
6975,White Heat,Action,Raoul Walsh,1949,114,12,2020-02-22 10:00,8.00
6976,Les quatre cents coups,Crime,François Truffaut,1959,99,12,2020-02-21 15:30,7.50
6977,Groundhog Day,Comedy,Harold Ramis,1993,101,0,2020-02-21 13:00,6.50
6978,A Bronx Tale,Crime,Robert De Niro,1993,121,16,2020-02-21 10:00,6.50
6979,Lost Highway,Mystery,David Lynch,1997,134,12,2020-02-20 12:30,6.50
6980,Kurenai no buta,Animation,Hayao Miyazaki,1992,94,0,2020-02-20 10:00,7.00
6981,The Godfather: Part II,Crime,Francis Ford Coppola,1974,202,12,2020-02-19 10:30,8.00
6982,Les quatre cents coups,Crime,François Truffaut,1959,99,12,2020-02-18 13:00,8.00
6983,Il conformista,Drama,Bernardo Bertolucci,1970,113,12,2020-02-18 10:00,7.50
6984,"Planes, Trains & Automobiles",Comedy,John Hughes,1987,93,0,2020-02-17 16:00,7.00
6985,A Bronx Tale,Crime,Robert De Niro,1993,121,16,2020-02-17 13:00,8.00
6986,Sweet Smell of Success,Drama,Alexander Mackendrick,1957,96,12,2020-02-17 10:30,7.50
6987,Kurenai no buta,Animation,Hayao Miyazaki,1992,94,0,2020-02-16 16:30,7.00
6988,A Clockwork Orange,Crime,Stanley Kubrick,1971,136,12,2020-02-16 13:30,8.50
6989,Lost Highway,Mystery,David Lynch,1997,134,12,2020-02-16 10:30,7.00
6990,Lost Highway,Mystery,David Lynch,1997,134,12,2020-02-15 18:00,9.00
6991,La dolce vita,Comedy,Federico Fellini,1960,174,12,2020-02-15 14:30,8.50
6992,The Godfather: Part II,Crime,Francis Ford Coppola,1974,202,12,2020-02-15 10:00,7.00
6993,The Matrix,Action,Lana Wachowski,1999,136,12,2020-02-14 13:30,7.50
6994,Once Upon a Time... in Hollywood,Comedy,Quentin Tarantino,2019,161,12,2020-02-14 10:00,6.50
6995,Il conformista,Drama,Bernardo Bertolucci,1970,113,12,2020-02-13 10:30,6.50
6996,Bonnie and Clyde,Action,Arthur Penn,1967,111,12,2020-02-12 15:30,8.50
6997,The Adventures of Robin Hood,Action,Michael Curtiz,1938,102,6,2020-02-12 13:00,8.50
6998,Badlands,Action,Terrence Malick,1973,94,6,2020-02-12 10:30,8.00
6999,The Little Mermaid,Animation,Ron Clements,1989,83,0,2020-02-11 14:00,6.50
7000,Once Upon a Time... in Hollywood,Comedy,Quentin Tarantino,2019,161,12,2020-02-11 10:30,7.00
7001,Lawrence of Arabia,Adventure,David Lean,1962,228,0,2020-02-10 15:30,7.50
7002,Bringing Up Baby,Comedy,Howard Hawks,1938,102,12,2020-02-10 13:00,7.00
7003,The Game,Action,David Fincher,1997,129,12,2020-02-10 10:00,7.50
7004,Kurenai no buta,Animation,Hayao Miyazaki,1992,94,0,2020-02-09 17:30,8.50
7005,Lawrence of Arabia,Adventure,David Lean,1962,228,0,2020-02-09 13:00,7.00
7006,"Lock, Stock and Two Smoking Barrels",Action,Guy Ritchie,1998,107,12,2020-02-09 10:30,7.00
7007,Kurenai no buta,Animation,Hayao Miyazaki,1992,94,0,2020-02-08 17:00,8.50
7008,Once Upon a Time... in Hollywood,Comedy,Quentin Tarantino,2019,161,12,2020-02-08 13:30,6.50
7009,The Matrix,Action,Lana Wachowski,1999,136,12,2020-02-08 10:30,6.50
7010,Frankenstein,Drama,James Whale,1931,70,12,2020-02-07 16:00,8.00
7011,Cat on a Hot Tin Roof,Drama,Richard Brooks,1958,108,12,2020-02-07 13:30,8.00
7012,A Clockwork Orange,Crime,Stanley Kubrick,1971,136,12,2020-02-07 10:30,7.00
7013,Bonnie and Clyde,Action,Arthur Penn,1967,111,12,2020-02-06 13:00,8.00
7014,Green Book,Biography,Peter Farrelly,2018,130,12,2020-02-06 10:00,7.50
7015,A Clockwork Orange,Crime,Stanley Kubrick,1971,136,12,2020-02-05 13:30,7.50
7016,La dolce vita,Comedy,Federico Fellini,1960,174,12,2020-02-05 10:00,8.00
7017,"Lock, Stock and Two Smoking Barrels",Action,Guy Ritchie,1998,107,12,2020-02-04 10:00,7.00
7018,The Matrix,Action,Lana Wachowski,1999,136,12,2020-02-03 17:30,6.50
7019,Lawrence of Arabia,Adventure,David Lean,1962,228,0,2020-02-03 13:00,8.00
7020,"Lock, Stock and Two Smoking Barrels",Action,Guy Ritchie,1998,107,12,2020-02-03 10:30,8.50
7021,Il conformista,Drama,Bernardo Bertolucci,1970,113,12,2020-02-02 19:30,9.50
7022,Lawrence of Arabia,Adventure,David Lean,1962,228,0,2020-02-02 15:00,7.00
7023,Kurenai no buta,Animation,Hayao Miyazaki,1992,94,0,2020-02-02 12:30,7.00
7024,Bringing Up Baby,Comedy,Howard Hawks,1938,102,12,2020-02-02 10:00,8.50
7025,The Matrix,Action,Lana Wachowski,1999,136,12,2020-02-01 15:00,6.50
7026,Bonnie and Clyde,Action,Arthur Penn,1967,111,12,2020-02-01 12:30,8.00
7027,"Lock, Stock and Two Smoking Barrels",Action,Guy Ritchie,1998,107,12,2020-02-01 10:00,7.50
7028,Bonnie and Clyde,Action,Arthur Penn,1967,111,12,2020-01-31 13:00,7.50
7029,Dom za vesanje,Comedy,Emir Kusturica,1988,142,16,2020-01-31 10:00,6.50
7030,Les quatre cents coups,Crime,François Truffaut,1959,99,12,2020-01-30 14:30,7.50
7031,Cat on a Hot Tin Roof,Drama,Richard Brooks,1958,108,12,2020-01-30 12:00,8.00
7032,Frankenstein,Drama,James Whale,1931,70,12,2020-01-30 10:00,8.00
7033,Ford v Ferrari,Action,James Mangold,2019,152,12,2020-01-29 15:00,7.50
7034,The Matrix,Action,Lana Wachowski,1999,136,12,2020-01-29 12:00,6.50
7035,Vivre sa vie: Film en douze tableaux,Drama,Jean-Luc Godard,1962,80,12,2020-01-29 10:00,7.00
7036,Green Book,Biography,Peter Farrelly,2018,130,12,2020-01-28 15:00,6.50
7037,Frankenstein,Drama,James Whale,1931,70,12,2020-01-28 13:00,7.50
7038,The Matrix,Action,Lana Wachowski,1999,136,12,2020-01-28 10:00,8.00
7039,The Little Mermaid,Animation,Ron Clements,1989,83,0,2020-01-27 10:00,6.50
7040,Ford v Ferrari,Action,James Mangold,2019,152,12,2020-01-26 16:30,8.00
7041,Ran,Action,Akira Kurosawa,1985,162,0,2020-01-26 13:00,7.00
7042,The Matrix,Action,Lana Wachowski,1999,136,12,2020-01-26 10:00,8.00
7043,The Matrix,Action,Lana Wachowski,1999,136,12,2020-01-25 16:00,7.00
7044,Kurenai no buta,Animation,Hayao Miyazaki,1992,94,0,2020-01-25 13:30,8.50
7045,Dom za vesanje,Comedy,Emir Kusturica,1988,142,16,2020-01-25 10:00,7.00
7046,Bonnie and Clyde,Action,Arthur Penn,1967,111,12,2020-01-24 10:00,8.00
7047,Bonnie and Clyde,Action,Arthur Penn,1967,111,12,2020-01-23 18:30,9.00
7048,Lawrence of Arabia,Adventure,David Lean,1962,228,0,2020-01-23 14:00,8.50
7049,Casino,Crime,Martin Scorsese,1995,178,12,2020-01-23 10:00,8.50
7050,Mad Max 2,Action,George Miller,1981,96,12,2020-01-22 10:00,8.50
7051,The Little Mermaid,Animation,Ron Clements,1989,83,0,2020-01-21 14:30,7.50
7052,The Little Mermaid,Animation,Ron Clements,1989,83,0,2020-01-21 12:30,6.50
7053,"Lock, Stock and Two Smoking Barrels",Action,Guy Ritchie,1998,107,12,2020-01-21 10:00,6.50
7054,A Few Good Men,Drama,Rob Reiner,1992,138,0,2020-01-20 10:00,7.50
7055,To Kill a Mockingbird,Crime,Robert Mulligan,1962,129,0,2020-01-19 16:00,7.00
7056,Green Book,Biography,Peter Farrelly,2018,130,12,2020-01-19 13:00,8.00
7057,Zulu,Drama,Cy Endfield,1964,138,0,2020-01-19 10:00,8.00
7058,The Matrix,Action,Lana Wachowski,1999,136,12,2020-01-18 20:00,8.50
7059,Ford v Ferrari,Action,James Mangold,2019,152,12,2020-01-18 16:30,6.50
7060,The Matrix,Action,Lana Wachowski,1999,136,12,2020-01-18 13:30,6.50
7061,Mary Poppins,Comedy,Robert Stevenson,1964,139,0,2020-01-18 10:30,6.50
7062,Secrets & Lies,Comedy,Mike Leigh,1996,136,0,2020-01-17 10:00,8.50
7063,Avengers: Infinity War,Action,Anthony Russo,2018,149,12,2020-01-16 10:00,8.50
7064,The Longest Day,Action,Ken Annakin,1962,178,0,2020-01-15 17:00,8.50
7065,Bonnie and Clyde,Action,Arthur Penn,1967,111,12,2020-01-15 14:00,8.50
7066,The Longest Day,Action,Ken Annakin,1962,178,0,2020-01-15 10:00,6.50
7067,Home Alone,Comedy,Chris Columbus,1990,103,0,2020-01-14 13:00,8.00
7068,Mad Max 2,Action,George Miller,1981,96,12,2020-01-14 10:30,7.00
7069,Secrets & Lies,Comedy,Mike Leigh,1996,136,0,2020-01-13 17:00,8.50
7070,"Lock, Stock and Two Smoking Barrels",Action,Guy Ritchie,1998,107,12,2020-01-13 14:30,8.00
7071,The Longest Day,Action,Ken Annakin,1962,178,0,2020-01-13 10:30,6.50
7072,The Nightmare Before Christmas,Animation,Henry Selick,1993,76,0,2020-01-12 17:30,8.00
7073,Ford v Ferrari,Action,James Mangold,2019,152,12,2020-01-12 14:00,8.50
7074,Ran,Action,Akira Kurosawa,1985,162,0,2020-01-12 10:30,7.50
7075,Mary Poppins,Comedy,Robert Stevenson,1964,139,0,2020-01-11 19:30,9.50
7076,October Sky,Biography,Joe Johnston,1999,108,6,2020-01-11 16:30,6.50
7077,Mad Max 2,Action,George Miller,1981,96,12,2020-01-11 14:00,6.50
7078,Zulu,Drama,Cy Endfield,1964,138,0,2020-01-11 10:30,8.00
7079,Bringing Up Baby,Comedy,Howard Hawks,1938,102,12,2020-01-10 14:00,7.50
7080,Casino,Crime,Martin Scorsese,1995,178,12,2020-01-10 10:00,8.50
7081,Casino,Crime,Martin Scorsese,1995,178,12,2020-01-09 16:30,7.50
7082,Mad Max 2,Action,George Miller,1981,96,12,2020-01-09 14:00,6.50
7083,Ford v Ferrari,Action,James Mangold,2019,152,12,2020-01-09 10:30,7.00
7084,Cat on a Hot Tin Roof,Drama,Richard Brooks,1958,108,12,2020-01-08 12:30,6.50
7085,Frankenstein,Drama,James Whale,1931,70,12,2020-01-08 10:30,8.50
7086,To Kill a Mockingbird,Crime,Robert Mulligan,1962,129,0,2020-01-07 16:30,7.00
7087,A Few Good Men,Drama,Rob Reiner,1992,138,0,2020-01-07 13:30,8.00
7088,Avengers: Infinity War,Action,Anthony Russo,2018,149,12,2020-01-07 10:30,7.50
7089,Avengers: Infinity War,Action,Anthony Russo,2018,149,12,2020-01-06 13:00,8.00
7090,Home Alone,Comedy,Chris Columbus,1990,103,0,2020-01-06 10:30,8.00
7091,Bringing Up Baby,Comedy,Howard Hawks,1938,102,12,2020-01-05 20:00,10.00
7092,Withnail & I,Comedy,Bruce Robinson,1987,107,16,2020-01-05 17:00,8.50
7093,Ran,Action,Akira Kurosawa,1985,162,0,2020-01-05 13:30,7.50
7094,Ran,Action,Akira Kurosawa,1985,162,0,2020-01-05 10:00,8.50
7095,Lola rennt,Crime,Tom Tykwer,1998,81,12,2020-01-04 16:00,6.50
7096,Lola rennt,Crime,Tom Tykwer,1998,81,12,2020-01-04 13:30,8.50
7097,The Outlaw Josey Wales,Western,Clint Eastwood,1976,135,12,2020-01-04 10:30,8.00
7098,Ran,Action,Akira Kurosawa,1985,162,0,2020-01-03 10:30,7.50
7099,American History X,Drama,Tony Kaye,1998,119,16,2020-01-02 13:00,8.00
7100,Gattaca,Drama,Andrew Niccol,1997,106,12,2020-01-02 10:30,7.00
7101,To Kill a Mockingbird,Crime,Robert Mulligan,1962,129,0,2020-01-01 13:30,6.50
7102,Zulu,Drama,Cy Endfield,1964,138,0,2020-01-01 10:00,7.00
7103,Lola rennt,Crime,Tom Tykwer,1998,81,12,2019-12-31 14:00,6.50
7104,The Longest Day,Action,Ken Annakin,1962,178,0,2019-12-31 10:00,8.50
7105,Bonnie and Clyde,Action,Arthur Penn,1967,111,12,2019-12-30 17:00,6.50
7106,Ran,Action,Akira Kurosawa,1985,162,0,2019-12-30 13:30,8.50
7107,A Few Good Men,Drama,Rob Reiner,1992,138,0,2019-12-30 10:30,6.50
7108,To Kill a Mockingbird,Crime,Robert Mulligan,1962,129,0,2019-12-29 19:30,9.50
7109,Ran,Action,Akira Kurosawa,1985,162,0,2019-12-29 16:00,6.50
7110,Zulu,Drama,Cy Endfield,1964,138,0,2019-12-29 13:00,7.00
7111,Tombstone,Action,George P. Cosmatos,1993,130,16,2019-12-29 10:00,8.50
7112,Bonnie and Clyde,Action,Arthur Penn,1967,111,12,2019-12-28 19:00,9.50
7113,A Few Good Men,Drama,Rob Reiner,1992,138,0,2019-12-28 16:00,8.00
7114,A Night at the Opera,Comedy,Sam Wood,1935,96,12,2019-12-28 13:30,8.00
7115,Tombstone,Action,George P. Cosmatos,1993,130,16,2019-12-28 10:30,7.50
7116,To Kill a Mockingbird,Crime,Robert Mulligan,1962,129,0,2019-12-27 12:30,8.00
7117,Gattaca,Drama,Andrew Niccol,1997,106,12,2019-12-27 10:00,8.50
7118,Tombstone,Action,George P. Cosmatos,1993,130,16,2019-12-26 13:30,6.50
7119,Dom za vesanje,Comedy,Emir Kusturica,1988,142,16,2019-12-26 10:00,7.50
7120,Green Book,Biography,Peter Farrelly,2018,130,12,2019-12-25 10:00,7.00
7121,The Sixth Sense,Drama,M. Night Shyamalan,1999,107,12,2019-12-24 15:00,8.00
7122,Lola rennt,Crime,Tom Tykwer,1998,81,12,2019-12-24 13:00,8.00
7123,Green Book,Biography,Peter Farrelly,2018,130,12,2019-12-24 10:00,7.50
7124,The Longest Day,Action,Ken Annakin,1962,178,0,2019-12-23 10:30,8.00
7125,Green Book,Biography,Peter Farrelly,2018,130,12,2019-12-22 20:30,9.50
7126,Tombstone,Action,George P. Cosmatos,1993,130,16,2019-12-22 17:30,7.00
7127,Secrets & Lies,Comedy,Mike Leigh,1996,136,0,2019-12-22 14:00,7.00
7128,Secrets & Lies,Comedy,Mike Leigh,1996,136,0,2019-12-22 10:30,7.50
7129,Home Alone,Comedy,Chris Columbus,1990,103,0,2019-12-21 20:30,9.50
7130,Casino,Crime,Martin Scorsese,1995,178,12,2019-12-21 16:30,8.50
7131,Casino,Crime,Martin Scorsese,1995,178,12,2019-12-21 12:30,8.50
7132,Bringing Up Baby,Comedy,Howard Hawks,1938,102,12,2019-12-21 10:00,8.50
7133,The Longest Day,Action,Ken Annakin,1962,178,0,2019-12-20 10:00,7.50
7134,The Princess Bride,Adventure,Rob Reiner,1987,98,0,2019-12-19 13:00,7.50
7135,Tombstone,Action,George P. Cosmatos,1993,130,16,2019-12-19 10:00,7.00
7136,Mad Max 2,Action,George Miller,1981,96,12,2019-12-18 13:30,7.00
7137,Green Book,Biography,Peter Farrelly,2018,130,12,2019-12-18 10:30,7.50
7138,Secrets & Lies,Comedy,Mike Leigh,1996,136,0,2019-12-17 13:30,8.50
7139,The Magnificent Seven,Action,John Sturges,1960,128,12,2019-12-17 10:30,7.50
7140,Breaking the Waves,Drama,Lars von Trier,1996,159,16,2019-12-16 16:00,7.50
7141,American History X,Drama,Tony Kaye,1998,119,16,2019-12-16 13:00,7.00
7142,A Few Good Men,Drama,Rob Reiner,1992,138,0,2019-12-16 10:00,8.50
7143,The Longest Day,Action,Ken Annakin,1962,178,0,2019-12-15 16:30,8.00
7144,Avengers: Infinity War,Action,Anthony Russo,2018,149,12,2019-12-15 13:00,6.50
7145,American History X,Drama,Tony Kaye,1998,119,16,2019-12-15 10:00,7.00
7146,Zulu,Drama,Cy Endfield,1964,138,0,2019-12-14 19:30,9.00
7147,Secrets & Lies,Comedy,Mike Leigh,1996,136,0,2019-12-14 16:30,6.50
7148,Avengers: Infinity War,Action,Anthony Russo,2018,149,12,2019-12-14 13:00,8.50
7149,Fear and Loathing in Las Vegas,Adventure,Terry Gilliam,1998,118,16,2019-12-14 10:00,6.50
7150,The Outlaw Josey Wales,Western,Clint Eastwood,1976,135,12,2019-12-13 15:30,6.50
7151,The Nightmare Before Christmas,Animation,Henry Selick,1993,76,0,2019-12-13 13:30,6.50
7152,Fear and Loathing in Las Vegas,Adventure,Terry Gilliam,1998,118,16,2019-12-13 10:30,7.50
7153,Trois couleurs: Rouge,Drama,Krzysztof Kieslowski,1994,99,0,2019-12-12 16:30,6.50
7154,The Boondock Saints,Action,Troy Duffy,1999,108,16,2019-12-12 13:30,8.50
7155,The Sixth Sense,Drama,M. Night Shyamalan,1999,107,12,2019-12-12 10:30,8.00
7156,Home Alone,Comedy,Chris Columbus,1990,103,0,2019-12-11 10:30,8.00
7157,Miller's Crossing,Crime,Joel Coen,1990,115,16,2019-12-10 10:30,6.50
7158,Breaking the Waves,Drama,Lars von Trier,1996,159,16,2019-12-09 16:30,8.00
7159,Zulu,Drama,Cy Endfield,1964,138,0,2019-12-09 13:00,7.00
7160,Anand,Drama,Hrishikesh Mukherjee,1971,122,0,2019-12-09 10:00,7.00
7161,La passion de Jeanne d'Arc,Biography,Carl Theodor Dreyer,1928,110,12,2019-12-08 16:00,8.50
7162,Anand,Drama,Hrishikesh Mukherjee,1971,122,0,2019-12-08 13:00,8.00
7163,Trois couleurs: Rouge,Drama,Krzysztof Kieslowski,1994,99,0,2019-12-08 10:30,7.00
7164,Gattaca,Drama,Andrew Niccol,1997,106,12,2019-12-07 18:30,9.50
7165,The Outlaw Josey Wales,Western,Clint Eastwood,1976,135,12,2019-12-07 15:30,8.50
7166,The Nightmare Before Christmas,Animation,Henry Selick,1993,76,0,2019-12-07 13:30,7.50
7167,The Message,Biography,Moustapha Akkad,1976,177,6,2019-12-07 10:00,7.50
7168,Bonnie and Clyde,Action,Arthur Penn,1967,111,12,2019-12-06 10:30,8.00
7169,The Sixth Sense,Drama,M. Night Shyamalan,1999,107,12,2019-12-05 13:30,7.50
7170,American History X,Drama,Tony Kaye,1998,119,16,2019-12-05 10:30,6.50
7171,The Longest Day,Action,Ken Annakin,1962,178,0,2019-12-04 16:00,8.00
7172,Avengers: Infinity War,Action,Anthony Russo,2018,149,12,2019-12-04 12:30,7.00
7173,Home Alone,Comedy,Chris Columbus,1990,103,0,2019-12-04 10:00,8.00
7174,Gattaca,Drama,Andrew Niccol,1997,106,12,2019-12-03 15:30,7.50
7175,Gattaca,Drama,Andrew Niccol,1997,106,12,2019-12-03 13:00,8.50
7176,The Sixth Sense,Drama,M. Night Shyamalan,1999,107,12,2019-12-03 10:00,7.00
7177,Fight Club,Drama,David Fincher,1999,139,12,2019-12-02 10:30,7.00
7178,Trois couleurs: Rouge,Drama,Krzysztof Kieslowski,1994,99,0,2019-12-01 15:30,7.00
7179,La passion de Jeanne d'Arc,Biography,Carl Theodor Dreyer,1928,110,12,2019-12-01 13:00,6.50
7180,La passion de Jeanne d'Arc,Biography,Carl Theodor Dreyer,1928,110,12,2019-12-01 10:30,6.50
7181,Tombstone,Action,George P. Cosmatos,1993,130,16,2019-11-30 18:00,9.00
7182,A Night at the Opera,Comedy,Sam Wood,1935,96,12,2019-11-30 15:30,6.50
7183,The Ladykillers,Comedy,Alexander Mackendrick,1955,91,12,2019-11-30 13:00,8.00
7184,Tombstone,Action,George P. Cosmatos,1993,130,16,2019-11-30 10:00,7.00
7185,The Nightmare Before Christmas,Animation,Henry Selick,1993,76,0,2019-11-29 17:30,7.50
7186,Mary Poppins,Comedy,Robert Stevenson,1964,139,0,2019-11-29 14:00,7.50
7187,Breaking the Waves,Drama,Lars von Trier,1996,159,16,2019-11-29 10:30,7.50
7188,The Nightmare Before Christmas,Animation,Henry Selick,1993,76,0,2019-11-28 16:00,7.50
7189,Home Alone,Comedy,Chris Columbus,1990,103,0,2019-11-28 13:30,7.00
7190,Fight Club,Drama,David Fincher,1999,139,12,2019-11-28 10:30,6.50
7191,Mary Poppins,Comedy,Robert Stevenson,1964,139,0,2019-11-27 14:00,7.50
7192,Breaking the Waves,Drama,Lars von Trier,1996,159,16,2019-11-27 10:30,7.50
7193,Gattaca,Drama,Andrew Niccol,1997,106,12,2019-11-26 10:00,7.50
7194,Bonnie and Clyde,Action,Arthur Penn,1967,111,12,2019-11-25 16:00,8.00
7195,Sweet Smell of Success,Drama,Alexander Mackendrick,1957,96,12,2019-11-25 13:30,6.50
7196,Avengers: Infinity War,Action,Anthony Russo,2018,149,12,2019-11-25 10:00,7.00
7197,Gattaca,Drama,Andrew Niccol,1997,106,12,2019-11-24 15:00,7.00
7198,The Princess Bride,Adventure,Rob Reiner,1987,98,0,2019-11-24 12:30,7.00
7199,The Princess Bride,Adventure,Rob Reiner,1987,98,0,2019-11-24 10:00,7.00
7200,Ben-Hur,Adventure,William Wyler,1959,212,0,2019-11-23 18:30,9.50
7201,La passion de Jeanne d'Arc,Biography,Carl Theodor Dreyer,1928,110,12,2019-11-23 16:00,7.00
7202,The Boondock Saints,Action,Troy Duffy,1999,108,16,2019-11-23 13:00,6.50
7203,Mary Poppins,Comedy,Robert Stevenson,1964,139,0,2019-11-23 10:00,6.50
7204,The Nightmare Before Christmas,Animation,Henry Selick,1993,76,0,2019-11-22 16:00,8.00
7205,Kumonosu-jô,Drama,Akira Kurosawa,1957,110,12,2019-11-22 13:30,7.50
7206,Fight Club,Drama,David Fincher,1999,139,12,2019-11-22 10:30,6.50
7207,La passion de Jeanne d'Arc,Biography,Carl Theodor Dreyer,1928,110,12,2019-11-21 10:30,8.00
7208,Sweet Smell of Success,Drama,Alexander Mackendrick,1957,96,12,2019-11-20 13:30,7.50
7209,Fight Club,Drama,David Fincher,1999,139,12,2019-11-20 10:30,7.50
7210,The Thin Man,Comedy,W.S. Van Dyke,1934,91,12,2019-11-19 10:00,7.00
7211,Kumonosu-jô,Drama,Akira Kurosawa,1957,110,12,2019-11-18 13:00,6.50
7212,The Princess Bride,Adventure,Rob Reiner,1987,98,0,2019-11-18 10:30,7.00
7213,Naked,Comedy,Mike Leigh,1993,132,12,2019-11-17 17:30,7.00
7214,Batman: Mask of the Phantasm,Animation,Kevin Altieri,1993,76,6,2019-11-17 15:30,8.50
7215,Il conformista,Drama,Bernardo Bertolucci,1970,113,12,2019-11-17 13:00,7.00
7216,On the Waterfront,Crime,Elia Kazan,1954,108,12,2019-11-17 10:30,8.00
7217,Fight Club,Drama,David Fincher,1999,139,12,2019-11-16 16:00,6.50
7218,The Thin Man,Comedy,W.S. Van Dyke,1934,91,12,2019-11-16 13:30,7.00
7219,Breaking the Waves,Drama,Lars von Trier,1996,159,16,2019-11-16 10:00,6.50
7220,La passion de Jeanne d'Arc,Biography,Carl Theodor Dreyer,1928,110,12,2019-11-15 16:00,8.50
7221,Breaking the Waves,Drama,Lars von Trier,1996,159,16,2019-11-15 12:30,8.00
7222,Before Sunrise,Drama,Richard Linklater,1995,101,16,2019-11-15 10:00,8.50
7223,Sound of Metal,Drama,Darius Marder,2019,120,16,2019-11-14 16:00,8.50
7224,Avengers: Infinity War,Action,Anthony Russo,2018,149,12,2019-11-14 12:30,8.00
7225,City Lights,Comedy,Charles Chaplin,1931,87,0,2019-11-14 10:00,8.00
7226,The Princess Bride,Adventure,Rob Reiner,1987,98,0,2019-11-13 13:00,6.50
7227,Butch Cassidy and the Sundance Kid,Biography,George Roy Hill,1969,110,6,2019-11-13 10:30,7.50
7228,Anand,Drama,Hrishikesh Mukherjee,1971,122,0,2019-11-12 10:30,8.00
7229,Before Sunrise,Drama,Richard Linklater,1995,101,16,2019-11-11 10:30,6.50
7230,A Night at the Opera,Comedy,Sam Wood,1935,96,12,2019-11-10 17:00,6.50
7231,La double vie de Véronique,Drama,Krzysztof Kieslowski,1991,98,16,2019-11-10 14:30,7.50
7232,Casino,Crime,Martin Scorsese,1995,178,12,2019-11-10 10:30,8.00
7233,Butch Cassidy and the Sundance Kid,Biography,George Roy Hill,1969,110,6,2019-11-09 19:30,8.50
7234,La double vie de Véronique,Drama,Krzysztof Kieslowski,1991,98,16,2019-11-09 17:00,7.50
7235,Sound of Metal,Drama,Darius Marder,2019,120,16,2019-11-09 14:30,7.50
7236,Ben-Hur,Adventure,William Wyler,1959,212,0,2019-11-09 10:00,7.00
7237,The Game,Action,David Fincher,1997,129,12,2019-11-08 10:30,7.00
7238,Butch Cassidy and the Sundance Kid,Biography,George Roy Hill,1969,110,6,2019-11-07 10:00,7.50
7239,Naked,Comedy,Mike Leigh,1993,132,12,2019-11-06 13:30,7.50
7240,Anand,Drama,Hrishikesh Mukherjee,1971,122,0,2019-11-06 10:30,8.50
7241,First Blood,Action,Ted Kotcheff,1982,93,12,2019-11-05 13:00,8.00
7242,On the Waterfront,Crime,Elia Kazan,1954,108,12,2019-11-05 10:00,7.50
7243,Chung Hing sam lam,Comedy,Kar-Wai Wong,1994,102,0,2019-11-04 10:30,6.50
7244,To Be or Not to Be,Comedy,Ernst Lubitsch,1942,99,12,2019-11-03 19:30,10.00
7245,First Blood,Action,Ted Kotcheff,1982,93,12,2019-11-03 17:00,6.50
7246,Sweet Smell of Success,Drama,Alexander Mackendrick,1957,96,12,2019-11-03 14:30,8.50
7247,Ben-Hur,Adventure,William Wyler,1959,212,0,2019-11-03 10:00,6.50
7248,Casino,Crime,Martin Scorsese,1995,178,12,2019-11-02 20:30,9.50
7249,Sound of Metal,Drama,Darius Marder,2019,120,16,2019-11-02 17:30,6.50
7250,Ben-Hur,Adventure,William Wyler,1959,212,0,2019-11-02 13:00,8.50
7251,Before Sunrise,Drama,Richard Linklater,1995,101,16,2019-11-02 10:30,8.50
7252,Before Sunrise,Drama,Richard Linklater,1995,101,16,2019-11-01 10:00,8.50
7253,Bound by Honor,Crime,Taylor Hackford,1993,180,16,2019-10-31 16:00,6.50
7254,La double vie de Véronique,Drama,Krzysztof Kieslowski,1991,98,16,2019-10-31 13:30,8.00
7255,Il conformista,Drama,Bernardo Bertolucci,1970,113,12,2019-10-31 10:30,7.50
7256,Manbiki kazoku,Crime,Hirokazu Koreeda,2018,121,12,2019-10-30 16:00,6.50
7257,Naked,Comedy,Mike Leigh,1993,132,12,2019-10-30 13:00,7.00
7258,Sound of Metal,Drama,Darius Marder,2019,120,16,2019-10-30 10:00,6.50
7259,Chung Hing sam lam,Comedy,Kar-Wai Wong,1994,102,0,2019-10-29 10:00,7.50
7260,The Thin Man,Comedy,W.S. Van Dyke,1934,91,12,2019-10-28 13:30,7.00
7261,Naked,Comedy,Mike Leigh,1993,132,12,2019-10-28 10:30,7.00
7262,Magnolia,Drama,Paul Thomas Anderson,1999,188,16,2019-10-27 15:30,8.50
7263,Eskiya,Crime,Yavuz Turgul,1996,128,12,2019-10-27 12:30,7.00
7264,La double vie de Véronique,Drama,Krzysztof Kieslowski,1991,98,16,2019-10-27 10:00,7.50
7265,The Thin Man,Comedy,W.S. Van Dyke,1934,91,12,2019-10-26 22:00,9.00
7266,Ben-Hur,Adventure,William Wyler,1959,212,0,2019-10-26 17:30,7.50
7267,Eskiya,Crime,Yavuz Turgul,1996,128,12,2019-10-26 14:30,8.00
7268,Casino,Crime,Martin Scorsese,1995,178,12,2019-10-26 10:30,8.50
7269,Ben-Hur,Adventure,William Wyler,1959,212,0,2019-10-25 10:00,8.00
7270,Bound by Honor,Crime,Taylor Hackford,1993,180,16,2019-10-24 10:00,7.00
7271,Casino,Crime,Martin Scorsese,1995,178,12,2019-10-23 13:00,7.00
7272,Il conformista,Drama,Bernardo Bertolucci,1970,113,12,2019-10-23 10:30,6.50
7273,First Blood,Action,Ted Kotcheff,1982,93,12,2019-10-22 12:30,8.00
7274,First Blood,Action,Ted Kotcheff,1982,93,12,2019-10-22 10:00,7.00
7275,Inherit the Wind,Biography,Stanley Kramer,1960,128,12,2019-10-21 13:00,6.50
7276,Before Sunrise,Drama,Richard Linklater,1995,101,16,2019-10-21 10:30,7.00
7277,Ben-Hur,Adventure,William Wyler,1959,212,0,2019-10-20 18:30,8.50
7278,The Game,Action,David Fincher,1997,129,12,2019-10-20 15:30,7.50
7279,The Thin Man,Comedy,W.S. Van Dyke,1934,91,12,2019-10-20 13:00,7.50
7280,Eskiya,Crime,Yavuz Turgul,1996,128,12,2019-10-20 10:00,6.50
7281,The Thin Man,Comedy,W.S. Van Dyke,1934,91,12,2019-10-19 18:30,9.00
7282,Eskiya,Crime,Yavuz Turgul,1996,128,12,2019-10-19 15:30,8.00
7283,Before Sunrise,Drama,Richard Linklater,1995,101,16,2019-10-19 13:00,8.00
7284,Naked,Comedy,Mike Leigh,1993,132,12,2019-10-19 10:00,7.50
7285,Il conformista,Drama,Bernardo Bertolucci,1970,113,12,2019-10-18 10:00,7.00
7286,La planète sauvage,Animation,René Laloux,1973,72,0,2019-10-17 14:00,8.50
7287,Bound by Honor,Crime,Taylor Hackford,1993,180,16,2019-10-17 10:00,6.50
7288,Ben-Hur,Adventure,William Wyler,1959,212,0,2019-10-16 13:00,7.50
7289,Il conformista,Drama,Bernardo Bertolucci,1970,113,12,2019-10-16 10:30,7.50
7290,Casino,Crime,Martin Scorsese,1995,178,12,2019-10-15 15:30,8.00
7291,The Manchurian Candidate,Drama,John Frankenheimer,1962,126,12,2019-10-15 12:30,8.50
7292,La planète sauvage,Animation,René Laloux,1973,72,0,2019-10-15 10:30,7.00
7293,Casino,Crime,Martin Scorsese,1995,178,12,2019-10-14 14:00,6.50
7294,Magnolia,Drama,Paul Thomas Anderson,1999,188,16,2019-10-14 10:00,8.00
7295,La planète sauvage,Animation,René Laloux,1973,72,0,2019-10-13 16:00,7.50
7296,First Blood,Action,Ted Kotcheff,1982,93,12,2019-10-13 13:30,6.50
7297,The Manchurian Candidate,Drama,John Frankenheimer,1962,126,12,2019-10-13 10:30,7.50
7298,The Fifth Element,Action,Luc Besson,1997,126,12,2019-10-12 17:00,7.50
7299,The Circus,Comedy,Charles Chaplin,1928,72,12,2019-10-12 15:00,8.50
7300,First Blood,Action,Ted Kotcheff,1982,93,12,2019-10-12 12:30,6.50
7301,The Ladykillers,Comedy,Alexander Mackendrick,1955,91,12,2019-10-12 10:00,8.00
7302,First Blood,Action,Ted Kotcheff,1982,93,12,2019-10-11 15:30,7.00
7303,First Blood,Action,Ted Kotcheff,1982,93,12,2019-10-11 13:00,6.50
7304,The Ladykillers,Comedy,Alexander Mackendrick,1955,91,12,2019-10-11 10:30,6.50
7305,Clerks,Comedy,Kevin Smith,1994,92,16,2019-10-10 13:30,8.50
7306,Inherit the Wind,Biography,Stanley Kramer,1960,128,12,2019-10-10 10:30,6.50
7307,On the Waterfront,Crime,Elia Kazan,1954,108,12,2019-10-09 15:00,8.00
7308,Ben-Hur,Adventure,William Wyler,1959,212,0,2019-10-09 10:30,8.00
7309,Casino,Crime,Martin Scorsese,1995,178,12,2019-10-08 15:30,6.50
7310,La double vie de Véronique,Drama,Krzysztof Kieslowski,1991,98,16,2019-10-08 13:00,7.50
7311,La double vie de Véronique,Drama,Krzysztof Kieslowski,1991,98,16,2019-10-08 10:30,8.00
7312,Donnie Brasco,Biography,Mike Newell,1997,127,12,2019-10-07 10:00,8.00
7313,Magnolia,Drama,Paul Thomas Anderson,1999,188,16,2019-10-06 14:30,6.50
7314,The Circus,Comedy,Charles Chaplin,1928,72,12,2019-10-06 12:30,8.50
7315,La planète sauvage,Animation,René Laloux,1973,72,0,2019-10-06 10:30,7.00
7316,Clerks,Comedy,Kevin Smith,1994,92,16,2019-10-05 16:30,7.00
7317,Magnolia,Drama,Paul Thomas Anderson,1999,188,16,2019-10-05 12:30,7.00
7318,La planète sauvage,Animation,René Laloux,1973,72,0,2019-10-05 10:30,6.50
7319,Stalker,Drama,Andrei Tarkovsky,1979,162,0,2019-10-04 10:00,7.00
7320,Stalker,Drama,Andrei Tarkovsky,1979,162,0,2019-10-03 10:00,6.50
7321,Clerks,Comedy,Kevin Smith,1994,92,16,2019-10-02 13:00,8.50
7322,Reservoir Dogs,Crime,Quentin Tarantino,1992,99,16,2019-10-02 10:30,7.00
7323,The Manchurian Candidate,Drama,John Frankenheimer,1962,126,12,2019-10-01 14:00,6.50
7324,2001: A Space Odyssey,Adventure,Stanley Kubrick,1968,149,0,2019-10-01 10:30,7.50
7325,2001: A Space Odyssey,Adventure,Stanley Kubrick,1968,149,0,2019-09-30 10:00,6.50
7326,Gone with the Wind,Drama,Victor Fleming,1939,238,0,2019-09-29 16:30,6.50
7327,La Strada,Drama,Federico Fellini,1954,108,12,2019-09-29 13:30,7.00
7328,2001: A Space Odyssey,Adventure,Stanley Kubrick,1968,149,0,2019-09-29 10:00,6.50
7329,Lethal Weapon,Action,Richard Donner,1987,109,12,2019-09-28 18:30,8.50
7330,The Manchurian Candidate,Drama,John Frankenheimer,1962,126,12,2019-09-28 15:30,8.50
7331,Loving Vincent,Animation,Dorota Kobiela,2017,94,12,2019-09-28 13:00,6.50
7332,The Manchurian Candidate,Drama,John Frankenheimer,1962,126,12,2019-09-28 10:00,7.00
7333,Dead Poets Society,Comedy,Peter Weir,1989,128,0,2019-09-27 13:30,8.50
7334,The Manchurian Candidate,Drama,John Frankenheimer,1962,126,12,2019-09-27 10:30,8.50
7335,Donnie Brasco,Biography,Mike Newell,1997,127,12,2019-09-26 10:00,8.50
7336,Unforgiven,Drama,Clint Eastwood,1992,130,12,2019-09-25 10:00,8.00
7337,Unforgiven,Drama,Clint Eastwood,1992,130,12,2019-09-24 10:00,8.50
7338,Only the Brave,Action,Joseph Kosinski,2017,134,12,2019-09-23 16:00,7.00
7339,Lethal Weapon,Action,Richard Donner,1987,109,12,2019-09-23 13:00,8.00
7340,Only the Brave,Action,Joseph Kosinski,2017,134,12,2019-09-23 10:00,8.00
7341,Gone with the Wind,Drama,Victor Fleming,1939,238,0,2019-09-22 16:00,6.50
7342,Lethal Weapon,Action,Richard Donner,1987,109,12,2019-09-22 13:30,7.50
7343,Dead Poets Society,Comedy,Peter Weir,1989,128,0,2019-09-22 10:30,7.00
7344,Le notti di Cabiria,Drama,Federico Fellini,1957,110,12,2019-09-21 16:30,8.50
7345,Donnie Brasco,Biography,Mike Newell,1997,127,12,2019-09-21 13:30,8.00
7346,Donnie Brasco,Biography,Mike Newell,1997,127,12,2019-09-21 10:30,7.50
7347,Unforgiven,Drama,Clint Eastwood,1992,130,12,2019-09-20 10:00,7.50
7348,La Strada,Drama,Federico Fellini,1954,108,12,2019-09-19 15:00,8.00
7349,The Circus,Comedy,Charles Chaplin,1928,72,12,2019-09-19 13:00,8.00
7350,Donnie Brasco,Biography,Mike Newell,1997,127,12,2019-09-19 10:00,7.50
7351,Watership Down,Animation,Martin Rosen,1978,91,0,2019-09-18 13:00,7.50
7352,Clerks,Comedy,Kevin Smith,1994,92,16,2019-09-18 10:30,7.00
7353,Donnie Brasco,Biography,Mike Newell,1997,127,12,2019-09-17 16:30,6.50
7354,The Little Mermaid,Animation,Ron Clements,1989,83,0,2019-09-17 14:30,8.00
7355,Magnolia,Drama,Paul Thomas Anderson,1999,188,16,2019-09-17 10:30,7.00
7356,Donnie Brasco,Biography,Mike Newell,1997,127,12,2019-09-16 16:00,6.50
7357,Le notti di Cabiria,Drama,Federico Fellini,1957,110,12,2019-09-16 13:30,6.50
7358,Dead Poets Society,Comedy,Peter Weir,1989,128,0,2019-09-16 10:30,7.00
7359,Donnie Brasco,Biography,Mike Newell,1997,127,12,2019-09-15 16:00,8.50
7360,Lethal Weapon,Action,Richard Donner,1987,109,12,2019-09-15 13:30,7.00
7361,The Remains of the Day,Drama,James Ivory,1993,134,0,2019-09-15 10:30,6.50
7362,Lethal Weapon,Action,Richard Donner,1987,109,12,2019-09-14 19:00,9.50
7363,La Strada,Drama,Federico Fellini,1954,108,12,2019-09-14 16:00,8.00
7364,The Exorcist,Horror,William Friedkin,1973,122,12,2019-09-14 13:00,6.50
7365,Dead Poets Society,Comedy,Peter Weir,1989,128,0,2019-09-14 10:00,8.50
7366,The Manchurian Candidate,Drama,John Frankenheimer,1962,126,12,2019-09-13 15:30,7.50
7367,La Strada,Drama,Federico Fellini,1954,108,12,2019-09-13 13:00,6.50
7368,Lethal Weapon,Action,Richard Donner,1987,109,12,2019-09-13 10:30,7.00
7369,Escape from Alcatraz,Action,Don Siegel,1979,112,12,2019-09-12 15:30,7.50
7370,La Strada,Drama,Federico Fellini,1954,108,12,2019-09-12 13:00,7.00
7371,Dead Poets Society,Comedy,Peter Weir,1989,128,0,2019-09-12 10:00,8.50
7372,God's Own Country,Drama,Francis Lee,2017,104,12,2019-09-11 13:00,7.50
7373,Donnie Brasco,Biography,Mike Newell,1997,127,12,2019-09-11 10:00,8.00
7374,On the Waterfront,Crime,Elia Kazan,1954,108,12,2019-09-10 16:00,6.50
7375,Unforgiven,Drama,Clint Eastwood,1992,130,12,2019-09-10 13:00,8.00
7376,Watership Down,Animation,Martin Rosen,1978,91,0,2019-09-10 10:30,7.00
7377,Lethal Weapon,Action,Richard Donner,1987,109,12,2019-09-09 10:00,7.50
7378,The Gold Rush,Adventure,Charles Chaplin,1925,95,12,2019-09-08 18:00,9.50
7379,Escape from Alcatraz,Action,Don Siegel,1979,112,12,2019-09-08 15:30,7.00
7380,Gone with the Wind,Drama,Victor Fleming,1939,238,0,2019-09-08 10:30,7.50
7381,The Manchurian Candidate,Drama,John Frankenheimer,1962,126,12,2019-09-07 18:30,8.50
7382,Only the Brave,Action,Joseph Kosinski,2017,134,12,2019-09-07 15:30,7.50
7383,Watership Down,Animation,Martin Rosen,1978,91,0,2019-09-07 13:00,7.00
7384,Night on Earth,Comedy,Jim Jarmusch,1991,129,16,2019-09-07 10:00,7.00
7385,The Gold Rush,Adventure,Charles Chaplin,1925,95,12,2019-09-06 16:00,8.50
7386,The Remains of the Day,Drama,James Ivory,1993,134,0,2019-09-06 13:00,6.50
7387,Gifted,Drama,Marc Webb,2017,101,12,2019-09-06 10:30,6.50
7388,God's Own Country,Drama,Francis Lee,2017,104,12,2019-09-05 10:00,7.00
7389,The Little Mermaid,Animation,Ron Clements,1989,83,0,2019-09-04 12:30,6.50
7390,Gifted,Drama,Marc Webb,2017,101,12,2019-09-04 10:00,8.00
7391,Donnie Brasco,Biography,Mike Newell,1997,127,12,2019-09-03 10:00,8.00
7392,On the Waterfront,Crime,Elia Kazan,1954,108,12,2019-09-02 10:30,6.50
7393,Good Will Hunting,Drama,Gus Van Sant,1997,126,0,2019-09-01 16:00,8.50
7394,Only the Brave,Action,Joseph Kosinski,2017,134,12,2019-09-01 13:00,7.50
7395,God's Own Country,Drama,Francis Lee,2017,104,12,2019-09-01 10:30,7.00
7396,Watership Down,Animation,Martin Rosen,1978,91,0,2019-08-31 16:00,8.50
7397,Dark City,Mystery,Alex Proyas,1998,100,12,2019-08-31 13:30,6.50
7398,Night on Earth,Comedy,Jim Jarmusch,1991,129,16,2019-08-31 10:30,6.50
7399,Donnie Brasco,Biography,Mike Newell,1997,127,12,2019-08-30 16:30,7.00
7400,The Little Mermaid,Animation,Ron Clements,1989,83,0,2019-08-30 14:30,7.50
7401,Heat,Crime,Michael Mann,1995,170,12,2019-08-30 10:30,6.50
7402,The Little Mermaid,Animation,Ron Clements,1989,83,0,2019-08-29 17:00,8.00
7403,Breaking the Waves,Drama,Lars von Trier,1996,159,16,2019-08-29 13:30,8.00
7404,1917,Drama,Sam Mendes,2019,119,16,2019-08-29 10:30,7.00
7405,Stalker,Drama,Andrei Tarkovsky,1979,162,0,2019-08-28 13:00,8.00
7406,Escape from Alcatraz,Action,Don Siegel,1979,112,12,2019-08-28 10:30,6.50
7407,The Exorcist,Horror,William Friedkin,1973,122,12,2019-08-27 16:00,6.50
7408,Escape from Alcatraz,Action,Don Siegel,1979,112,12,2019-08-27 13:30,8.50
7409,Donnie Brasco,Biography,Mike Newell,1997,127,12,2019-08-27 10:30,7.00
7410,Good Will Hunting,Drama,Gus Van Sant,1997,126,0,2019-08-26 13:00,6.50
7411,Gifted,Drama,Marc Webb,2017,101,12,2019-08-26 10:30,8.00
7412,1917,Drama,Sam Mendes,2019,119,16,2019-08-25 19:00,9.00
7413,Chinatown,Drama,Roman Polanski,1974,130,12,2019-08-25 16:00,7.00
7414,Dark City,Mystery,Alex Proyas,1998,100,12,2019-08-25 13:30,6.50
7415,Escape from Alcatraz,Action,Don Siegel,1979,112,12,2019-08-25 10:30,8.00
7416,Dead Poets Society,Comedy,Peter Weir,1989,128,0,2019-08-24 16:00,6.50
7417,Only the Brave,Action,Joseph Kosinski,2017,134,12,2019-08-24 13:00,7.00
7418,Good Will Hunting,Drama,Gus Van Sant,1997,126,0,2019-08-24 10:00,7.50
7419,Good Will Hunting,Drama,Gus Van Sant,1997,126,0,2019-08-23 10:30,6.50
7420,Night on Earth,Comedy,Jim Jarmusch,1991,129,16,2019-08-22 16:00,8.00
7421,1917,Drama,Sam Mendes,2019,119,16,2019-08-22 13:30,7.50
7422,Dead Poets Society,Comedy,Peter Weir,1989,128,0,2019-08-22 10:30,8.50
7423,Donnie Brasco,Biography,Mike Newell,1997,127,12,2019-08-21 10:30,8.50
7424,The Exorcist,Horror,William Friedkin,1973,122,12,2019-08-20 10:30,8.50
7425,God's Own Country,Drama,Francis Lee,2017,104,12,2019-08-19 13:00,6.50
7426,The Gold Rush,Adventure,Charles Chaplin,1925,95,12,2019-08-19 10:30,8.00
7427,On the Waterfront,Crime,Elia Kazan,1954,108,12,2019-08-18 15:30,7.00
7428,The Purple Rose of Cairo,Comedy,Woody Allen,1985,82,0,2019-08-18 13:00,6.50
7429,Watership Down,Animation,Martin Rosen,1978,91,0,2019-08-18 10:30,7.00
7430,Night on Earth,Comedy,Jim Jarmusch,1991,129,16,2019-08-17 16:00,7.50
7431,Gifted,Drama,Marc Webb,2017,101,12,2019-08-17 13:30,7.00
7432,Dead Poets Society,Comedy,Peter Weir,1989,128,0,2019-08-17 10:30,8.00
7433,Once Upon a Time in America,Crime,Sergio Leone,1984,229,12,2019-08-16 16:00,6.50
7434,The Little Mermaid,Animation,Ron Clements,1989,83,0,2019-08-16 13:30,7.50
7435,Donnie Brasco,Biography,Mike Newell,1997,127,12,2019-08-16 10:30,6.50
7436,The Exorcist,Horror,William Friedkin,1973,122,12,2019-08-15 10:00,7.00
7437,Breaking the Waves,Drama,Lars von Trier,1996,159,16,2019-08-14 10:00,8.50
7438,Dark City,Mystery,Alex Proyas,1998,100,12,2019-08-13 15:30,7.00
7439,The Purple Rose of Cairo,Comedy,Woody Allen,1985,82,0,2019-08-13 13:30,6.50
7440,Heat,Crime,Michael Mann,1995,170,12,2019-08-13 10:00,8.00
7441,God's Own Country,Drama,Francis Lee,2017,104,12,2019-08-12 10:00,6.50
7442,La passion de Jeanne d'Arc,Biography,Carl Theodor Dreyer,1928,110,12,2019-08-11 18:00,8.50
7443,Dunkirk,Action,Christopher Nolan,2017,106,12,2019-08-11 15:30,7.50
7444,Rebecca,Drama,Alfred Hitchcock,1940,130,12,2019-08-11 12:30,8.50
7445,Gifted,Drama,Marc Webb,2017,101,12,2019-08-11 10:00,7.00
7446,Baahubali 2: The Conclusion,Action,S.S. Rajamouli,2017,167,12,2019-08-10 20:00,10.00
7447,Baahubali 2: The Conclusion,Action,S.S. Rajamouli,2017,167,12,2019-08-10 16:00,8.50
7448,Chinatown,Drama,Roman Polanski,1974,130,12,2019-08-10 13:00,7.00
7449,Chinatown,Drama,Roman Polanski,1974,130,12,2019-08-10 10:00,8.50
7450,The Exorcist,Horror,William Friedkin,1973,122,12,2019-08-09 14:30,7.00
7451,Heat,Crime,Michael Mann,1995,170,12,2019-08-09 10:30,8.00
7452,The Godfather: Part III,Crime,Francis Ford Coppola,1990,162,12,2019-08-08 17:00,7.50
7453,Once Upon a Time in America,Crime,Sergio Leone,1984,229,12,2019-08-08 12:30,8.50
7454,The Naked Gun: From the Files of Police Squad!,Comedy,David Zucker,1988,85,0,2019-08-08 10:00,7.00
7455,Goldfinger,Action,Guy Hamilton,1964,110,12,2019-08-07 15:00,6.50
7456,On the Waterfront,Crime,Elia Kazan,1954,108,12,2019-08-07 12:30,8.00
7457,Gifted,Drama,Marc Webb,2017,101,12,2019-08-07 10:00,8.00
7458,On the Waterfront,Crime,Elia Kazan,1954,108,12,2019-08-06 14:00,8.50
7459,Baahubali 2: The Conclusion,Action,S.S. Rajamouli,2017,167,12,2019-08-06 10:30,7.50
7460,Baahubali 2: The Conclusion,Action,S.S. Rajamouli,2017,167,12,2019-08-05 15:00,8.00
7461,Sholay,Action,Ramesh Sippy,1975,204,0,2019-08-05 10:30,6.50
7462,The Exorcist,Horror,William Friedkin,1973,122,12,2019-08-04 20:30,9.00
7463,La double vie de Véronique,Drama,Krzysztof Kieslowski,1991,98,16,2019-08-04 18:00,9.00
7464,Rebecca,Drama,Alfred Hitchcock,1940,130,12,2019-08-04 15:00,8.50
7465,Once Upon a Time in America,Crime,Sergio Leone,1984,229,12,2019-08-04 10:30,8.00
7466,Goldfinger,Action,Guy Hamilton,1964,110,12,2019-08-03 15:30,7.50
7467,Gifted,Drama,Marc Webb,2017,101,12,2019-08-03 13:00,6.50
7468,La passion de Jeanne d'Arc,Biography,Carl Theodor Dreyer,1928,110,12,2019-08-03 10:30,8.00
7469,Donnie Brasco,Biography,Mike Newell,1997,127,12,2019-08-02 16:00,6.50
7470,Nelyubov,Drama,Andrey Zvyagintsev,2017,127,16,2019-08-02 13:00,7.00
7471,Chinatown,Drama,Roman Polanski,1974,130,12,2019-08-02 10:00,7.00
7472,La passion de Jeanne d'Arc,Biography,Carl Theodor Dreyer,1928,110,12,2019-08-01 12:30,8.00
7473,La double vie de Véronique,Drama,Krzysztof Kieslowski,1991,98,16,2019-08-01 10:00,7.50
7474,Malcolm X,Biography,Spike Lee,1992,202,0,2019-07-31 10:30,8.50
7475,Fried Green Tomatoes,Drama,Jon Avnet,1991,130,12,2019-07-30 10:00,8.50
7476,The Purple Rose of Cairo,Comedy,Woody Allen,1985,82,0,2019-07-29 17:30,7.50
7477,Rebecca,Drama,Alfred Hitchcock,1940,130,12,2019-07-29 14:30,7.50
7478,Once Upon a Time in America,Crime,Sergio Leone,1984,229,12,2019-07-29 10:00,8.00
7479,La passion de Jeanne d'Arc,Biography,Carl Theodor Dreyer,1928,110,12,2019-07-28 19:00,10.00
7480,The Godfather: Part III,Crime,Francis Ford Coppola,1990,162,12,2019-07-28 15:30,7.50
7481,Donnie Brasco,Biography,Mike Newell,1997,127,12,2019-07-28 12:30,8.00
7482,Dunkirk,Action,Christopher Nolan,2017,106,12,2019-07-28 10:00,6.50
7483,Sabrina,Comedy,Billy Wilder,1954,113,12,2019-07-27 16:00,6.50
7484,Taxi Driver,Crime,Martin Scorsese,1976,114,12,2019-07-27 13:00,7.00
7485,The Naked Gun: From the Files of Police Squad!,Comedy,David Zucker,1988,85,0,2019-07-27 10:30,7.50
7486,The Godfather: Part III,Crime,Francis Ford Coppola,1990,162,12,2019-07-26 17:00,7.00
7487,Once Upon a Time in America,Crime,Sergio Leone,1984,229,12,2019-07-26 12:30,7.50
7488,Gifted,Drama,Marc Webb,2017,101,12,2019-07-26 10:00,8.00
7489,La double vie de Véronique,Drama,Krzysztof Kieslowski,1991,98,16,2019-07-25 16:00,8.50
7490,Fried Green Tomatoes,Drama,Jon Avnet,1991,130,12,2019-07-25 13:00,8.00
7491,Chinatown,Drama,Roman Polanski,1974,130,12,2019-07-25 10:00,7.00
7492,Rebecca,Drama,Alfred Hitchcock,1940,130,12,2019-07-24 13:00,8.00
7493,Sabrina,Comedy,Billy Wilder,1954,113,12,2019-07-24 10:30,6.50
7494,Rebecca,Drama,Alfred Hitchcock,1940,130,12,2019-07-23 16:00,7.50
7495,Sabrina,Comedy,Billy Wilder,1954,113,12,2019-07-23 13:30,7.00
7496,Sabrina,Comedy,Billy Wilder,1954,113,12,2019-07-23 10:30,7.00
7497,Fried Green Tomatoes,Drama,Jon Avnet,1991,130,12,2019-07-22 12:30,8.00
7498,Dunkirk,Action,Christopher Nolan,2017,106,12,2019-07-22 10:00,6.50
7499,The Naked Gun: From the Files of Police Squad!,Comedy,David Zucker,1988,85,0,2019-07-21 19:30,9.00
7500,Trois couleurs: Rouge,Drama,Krzysztof Kieslowski,1994,99,0,2019-07-21 17:00,8.50
7501,La passion de Jeanne d'Arc,Biography,Carl Theodor Dreyer,1928,110,12,2019-07-21 14:30,6.50
7502,Sholay,Action,Ramesh Sippy,1975,204,0,2019-07-21 10:00,7.00
7503,Once Upon a Time in America,Crime,Sergio Leone,1984,229,12,2019-07-20 19:30,9.00
7504,The Long Goodbye,Comedy,Robert Altman,1973,112,12,2019-07-20 16:30,7.00
7505,The Godfather: Part III,Crime,Francis Ford Coppola,1990,162,12,2019-07-20 13:00,6.50
7506,Sabrina,Comedy,Billy Wilder,1954,113,12,2019-07-20 10:00,6.50
7507,Nelyubov,Drama,Andrey Zvyagintsev,2017,127,16,2019-07-19 10:00,6.50
7508,Malcolm X,Biography,Spike Lee,1992,202,0,2019-07-18 10:00,8.00
7509,Malcolm X,Biography,Spike Lee,1992,202,0,2019-07-17 12:30,6.50
7510,Viskningar och rop,Drama,Ingmar Bergman,1972,91,12,2019-07-17 10:00,7.00
7511,Gifted,Drama,Marc Webb,2017,101,12,2019-07-16 10:00,8.50
7512,Nelyubov,Drama,Andrey Zvyagintsev,2017,127,16,2019-07-15 16:00,7.50
7513,Trois couleurs: Blanc,Comedy,Krzysztof Kieslowski,1994,92,0,2019-07-15 13:30,8.50
7514,The Quiet Man,Comedy,John Ford,1952,129,12,2019-07-15 10:30,8.50
7515,Sabrina,Comedy,Billy Wilder,1954,113,12,2019-07-14 18:00,9.00
7516,The Long Goodbye,Comedy,Robert Altman,1973,112,12,2019-07-14 15:30,6.50
7517,La double vie de Véronique,Drama,Krzysztof Kieslowski,1991,98,16,2019-07-14 13:00,8.00
7518,La passion de Jeanne d'Arc,Biography,Carl Theodor Dreyer,1928,110,12,2019-07-14 10:00,7.50
7519,Wind River,Crime,Taylor Sheridan,2017,107,16,2019-07-13 20:30,10.00
7520,Once Upon a Time in America,Crime,Sergio Leone,1984,229,12,2019-07-13 16:00,7.00
7521,The Long Goodbye,Comedy,Robert Altman,1973,112,12,2019-07-13 13:00,6.50
7522,The Long Goodbye,Comedy,Robert Altman,1973,112,12,2019-07-13 10:00,6.50
7523,La Strada,Drama,Federico Fellini,1954,108,12,2019-07-12 10:00,6.50
7524,The Dirty Dozen,Action,Robert Aldrich,1967,150,12,2019-07-11 18:30,8.50
7525,Sholay,Action,Ramesh Sippy,1975,204,0,2019-07-11 14:00,8.50
7526,Malcolm X,Biography,Spike Lee,1992,202,0,2019-07-11 10:00,7.50
7527,Sabrina,Comedy,Billy Wilder,1954,113,12,2019-07-10 10:30,7.50
7528,Malcolm X,Biography,Spike Lee,1992,202,0,2019-07-09 10:00,7.50
7529,The Naked Gun: From the Files of Police Squad!,Comedy,David Zucker,1988,85,0,2019-07-08 18:00,9.50
7530,Fried Green Tomatoes,Drama,Jon Avnet,1991,130,12,2019-07-08 15:00,7.50
7531,Once Upon a Time in America,Crime,Sergio Leone,1984,229,12,2019-07-08 10:30,7.50
7532,Singin' in the Rain,Comedy,Stanley Donen,1952,103,0,2019-07-07 19:00,9.50
7533,Wind River,Crime,Taylor Sheridan,2017,107,16,2019-07-07 16:30,8.00
7534,"Lock, Stock and Two Smoking Barrels",Action,Guy Ritchie,1998,107,12,2019-07-07 14:00,6.50
7535,Sholay,Action,Ramesh Sippy,1975,204,0,2019-07-07 10:00,7.00
7536,The Quiet Man,Comedy,John Ford,1952,129,12,2019-07-06 20:30,10.00
7537,Malcolm X,Biography,Spike Lee,1992,202,0,2019-07-06 16:00,7.50
7538,Fried Green Tomatoes,Drama,Jon Avnet,1991,130,12,2019-07-06 13:00,6.50
7539,Sabrina,Comedy,Billy Wilder,1954,113,12,2019-07-06 10:30,7.50
7540,The Dirty Dozen,Action,Robert Aldrich,1967,150,12,2019-07-05 13:30,7.50
7541,As Good as It Gets,Comedy,James L. Brooks,1997,139,12,2019-07-05 10:30,8.50
7542,The Wizard of Oz,Adventure,Victor Fleming,1939,102,0,2019-07-04 16:30,7.00
7543,Trois couleurs: Blanc,Comedy,Krzysztof Kieslowski,1994,92,0,2019-07-04 14:00,7.50
7544,Titanic,Drama,James Cameron,1997,194,12,2019-07-04 10:00,6.50
7545,Malcolm X,Biography,Spike Lee,1992,202,0,2019-07-03 15:00,7.50
7546,Trois couleurs: Blanc,Comedy,Krzysztof Kieslowski,1994,92,0,2019-07-03 12:30,8.50
7547,"Lock, Stock and Two Smoking Barrels",Action,Guy Ritchie,1998,107,12,2019-07-03 10:00,6.50
7548,The Philadelphia Story,Comedy,George Cukor,1940,112,12,2019-07-02 16:00,8.50
7549,The Dirty Dozen,Action,Robert Aldrich,1967,150,12,2019-07-02 12:30,8.50
7550,Dirty Harry,Action,Don Siegel,1971,102,12,2019-07-02 10:00,8.00
7551,The Philadelphia Story,Comedy,George Cukor,1940,112,12,2019-07-01 10:30,6.50
7552,Le samouraï,Crime,Jean-Pierre Melville,1967,105,12,2019-06-30 18:30,9.00
7553,The Wizard of Oz,Adventure,Victor Fleming,1939,102,0,2019-06-30 16:00,8.50
7554,Notorious,Drama,Alfred Hitchcock,1946,102,0,2019-06-30 13:30,8.50
7555,The Quiet Man,Comedy,John Ford,1952,129,12,2019-06-30 10:30,7.50
7556,Once Upon a Time in America,Crime,Sergio Leone,1984,229,12,2019-06-29 22:30,10.00
7557,Shichinin no samurai,Action,Akira Kurosawa,1954,207,0,2019-06-29 18:00,8.50
7558,Shichinin no samurai,Action,Akira Kurosawa,1954,207,0,2019-06-29 13:30,7.00
7559,The Quiet Man,Comedy,John Ford,1952,129,12,2019-06-29 10:30,8.00
7560,The Outlaw Josey Wales,Western,Clint Eastwood,1976,135,12,2019-06-28 13:00,6.50
7561,La double vie de Véronique,Drama,Krzysztof Kieslowski,1991,98,16,2019-06-28 10:30,6.50
7562,La Strada,Drama,Federico Fellini,1954,108,12,2019-06-27 10:30,6.50
7563,Once Upon a Time in America,Crime,Sergio Leone,1984,229,12,2019-06-26 10:00,8.50
7564,Fried Green Tomatoes,Drama,Jon Avnet,1991,130,12,2019-06-25 17:00,7.50
7565,Le samouraï,Crime,Jean-Pierre Melville,1967,105,12,2019-06-25 14:30,7.00
7566,Shichinin no samurai,Action,Akira Kurosawa,1954,207,0,2019-06-25 10:00,8.00
7567,Wind River,Crime,Taylor Sheridan,2017,107,16,2019-06-24 17:00,8.50
7568,Donnie Brasco,Biography,Mike Newell,1997,127,12,2019-06-24 14:00,8.00
7569,The Dirty Dozen,Action,Robert Aldrich,1967,150,12,2019-06-24 10:30,6.50
7570,Fried Green Tomatoes,Drama,Jon Avnet,1991,130,12,2019-06-23 19:00,8.50
7571,Night on Earth,Comedy,Jim Jarmusch,1991,129,16,2019-06-23 16:00,8.50
7572,Donnie Brasco,Biography,Mike Newell,1997,127,12,2019-06-23 13:00,6.50
7573,Wind River,Crime,Taylor Sheridan,2017,107,16,2019-06-23 10:30,7.00
7574,Shichinin no samurai,Action,Akira Kurosawa,1954,207,0,2019-06-22 18:00,8.50
7575,Trois couleurs: Blanc,Comedy,Krzysztof Kieslowski,1994,92,0,2019-06-22 15:30,8.00
7576,La Strada,Drama,Federico Fellini,1954,108,12,2019-06-22 13:00,8.50
7577,Le samouraï,Crime,Jean-Pierre Melville,1967,105,12,2019-06-22 10:30,7.00
7578,As Good as It Gets,Comedy,James L. Brooks,1997,139,12,2019-06-21 14:30,7.50
7579,Titanic,Drama,James Cameron,1997,194,12,2019-06-21 10:30,8.50
7580,Trois couleurs: Rouge,Drama,Krzysztof Kieslowski,1994,99,0,2019-06-20 13:00,8.00
7581,Trois couleurs: Rouge,Drama,Krzysztof Kieslowski,1994,99,0,2019-06-20 10:30,8.00
7582,Se7en,Crime,David Fincher,1995,127,12,2019-06-19 13:00,7.50
7583,Jules et Jim,Drama,François Truffaut,1962,105,12,2019-06-19 10:30,8.00
7584,Jules et Jim,Drama,François Truffaut,1962,105,12,2019-06-18 16:00,7.50
7585,Raging Bull,Biography,Martin Scorsese,1980,129,12,2019-06-18 13:00,6.50
7586,Young Frankenstein,Comedy,Mel Brooks,1974,106,12,2019-06-18 10:30,8.50
7587,As Good as It Gets,Comedy,James L. Brooks,1997,139,12,2019-06-17 12:30,6.50
7588,The Wizard of Oz,Adventure,Victor Fleming,1939,102,0,2019-06-17 10:00,6.50
7589,Jules et Jim,Drama,François Truffaut,1962,105,12,2019-06-16 15:30,6.50
7590,Goldfinger,Action,Guy Hamilton,1964,110,12,2019-06-16 13:00,7.00
7591,The Wizard of Oz,Adventure,Victor Fleming,1939,102,0,2019-06-16 10:30,7.00
7592,Shichinin no samurai,Action,Akira Kurosawa,1954,207,0,2019-06-15 19:30,9.00
7593,Shichinin no samurai,Action,Akira Kurosawa,1954,207,0,2019-06-15 15:00,6.50
7594,Jules et Jim,Drama,François Truffaut,1962,105,12,2019-06-15 12:30,7.00
7595,The Wizard of Oz,Adventure,Victor Fleming,1939,102,0,2019-06-15 10:00,8.50
7596,Trois couleurs: Rouge,Drama,Krzysztof Kieslowski,1994,99,0,2019-06-14 15:30,6.50
7597,Wind River,Crime,Taylor Sheridan,2017,107,16,2019-06-14 13:00,8.50
7598,Wind River,Crime,Taylor Sheridan,2017,107,16,2019-06-14 10:30,7.50
7599,As Good as It Gets,Comedy,James L. Brooks,1997,139,12,2019-06-13 13:00,7.00
7600,Viskningar och rop,Drama,Ingmar Bergman,1972,91,12,2019-06-13 10:30,8.00
7601,Jules et Jim,Drama,François Truffaut,1962,105,12,2019-06-12 13:00,7.00
7602,Young Frankenstein,Comedy,Mel Brooks,1974,106,12,2019-06-12 10:30,6.50
7603,Shichinin no samurai,Action,Akira Kurosawa,1954,207,0,2019-06-11 16:00,8.00
7604,Notorious,Drama,Alfred Hitchcock,1946,102,0,2019-06-11 13:30,8.50
7605,Night on Earth,Comedy,Jim Jarmusch,1991,129,16,2019-06-11 10:30,7.00
7606,The Last of the Mohicans,Action,Michael Mann,1992,112,12,2019-06-10 14:30,8.00
7607,Shichinin no samurai,Action,Akira Kurosawa,1954,207,0,2019-06-10 10:00,7.50
7608,Young Frankenstein,Comedy,Mel Brooks,1974,106,12,2019-06-09 18:30,9.50
7609,The Last of the Mohicans,Action,Michael Mann,1992,112,12,2019-06-09 16:00,6.50
7610,Les diaboliques,Crime,Henri-Georges Clouzot,1955,117,12,2019-06-09 13:00,8.50
7611,Raging Bull,Biography,Martin Scorsese,1980,129,12,2019-06-09 10:00,6.50
7612,The Dirty Dozen,Action,Robert Aldrich,1967,150,12,2019-06-08 18:30,8.50
7613,"South Park: Bigger, Longer & Uncut",Animation,Trey Parker,1999,81,12,2019-06-08 16:00,8.50
7614,The Blues Brothers,Action,John Landis,1980,133,0,2019-06-08 13:00,7.50
7615,Trois couleurs: Rouge,Drama,Krzysztof Kieslowski,1994,99,0,2019-06-08 10:30,7.00
7616,Dirty Harry,Action,Don Siegel,1971,102,12,2019-06-07 12:30,8.50
7617,Once Were Warriors,Crime,Lee Tamahori,1994,102,12,2019-06-07 10:00,8.50
7618,Malcolm X,Biography,Spike Lee,1992,202,0,2019-06-06 16:00,7.00
7619,Notorious,Drama,Alfred Hitchcock,1946,102,0,2019-06-06 13:30,7.00
7620,Stalag 17,Comedy,Billy Wilder,1953,120,12,2019-06-06 10:30,8.00
7621,Trois couleurs: Rouge,Drama,Krzysztof Kieslowski,1994,99,0,2019-06-05 16:30,8.00
7622,Rebel Without a Cause,Drama,Nicholas Ray,1955,111,12,2019-06-05 13:30,7.50
7623,The Outlaw Josey Wales,Western,Clint Eastwood,1976,135,12,2019-06-05 10:30,7.00
7624,Le samouraï,Crime,Jean-Pierre Melville,1967,105,12,2019-06-04 10:00,7.50
7625,Dirty Harry,Action,Don Siegel,1971,102,12,2019-06-03 10:30,8.50
7626,Titanic,Drama,James Cameron,1997,194,12,2019-06-02 15:30,7.00
7627,Jules et Jim,Drama,François Truffaut,1962,105,12,2019-06-02 13:00,7.50
7628,Notorious,Drama,Alfred Hitchcock,1946,102,0,2019-06-02 10:30,8.50
7629,The Outlaw Josey Wales,Western,Clint Eastwood,1976,135,12,2019-06-01 16:00,8.00
7630,Les diaboliques,Crime,Henri-Georges Clouzot,1955,117,12,2019-06-01 13:00,8.50
7631,The Outlaw Josey Wales,Western,Clint Eastwood,1976,135,12,2019-06-01 10:00,8.50
7632,Les yeux sans visage,Drama,Georges Franju,1960,90,12,2019-05-31 10:00,6.50
7633,The Wizard of Oz,Adventure,Victor Fleming,1939,102,0,2019-05-30 10:00,7.50
7634,Les diaboliques,Crime,Henri-Georges Clouzot,1955,117,12,2019-05-29 12:30,8.50
7635,The Wizard of Oz,Adventure,Victor Fleming,1939,102,0,2019-05-29 10:00,7.00
7636,"South Park: Bigger, Longer & Uncut",Animation,Trey Parker,1999,81,12,2019-05-28 15:30,8.00
7637,Raging Bull,Biography,Martin Scorsese,1980,129,12,2019-05-28 12:30,7.50
7638,Le samouraï,Crime,Jean-Pierre Melville,1967,105,12,2019-05-28 10:00,6.50
7639,Les diaboliques,Crime,Henri-Georges Clouzot,1955,117,12,2019-05-27 13:30,6.50
7640,Dog Day Afternoon,Biography,Sidney Lumet,1975,125,0,2019-05-27 10:30,6.50
7641,Goldfinger,Action,Guy Hamilton,1964,110,12,2019-05-26 16:00,7.00
7642,Der Name der Rose,Crime,Jean-Jacques Annaud,1986,130,16,2019-05-26 13:00,7.00
7643,Se7en,Crime,David Fincher,1995,127,12,2019-05-26 10:00,7.50
7644,Stalag 17,Comedy,Billy Wilder,1953,120,12,2019-05-25 15:30,8.50
7645,The Sting,Comedy,George Roy Hill,1973,129,0,2019-05-25 12:30,8.00
7646,"South Park: Bigger, Longer & Uncut",Animation,Trey Parker,1999,81,12,2019-05-25 10:00,6.50
7647,Dazed and Confused,Comedy,Richard Linklater,1993,102,0,2019-05-24 15:30,7.00
7648,Stalag 17,Comedy,Billy Wilder,1953,120,12,2019-05-24 12:30,6.50
7649,Viskningar och rop,Drama,Ingmar Bergman,1972,91,12,2019-05-24 10:00,8.50
7650,Malcolm X,Biography,Spike Lee,1992,202,0,2019-05-23 10:30,8.00
7651,Dirty Harry,Action,Don Siegel,1971,102,12,2019-05-22 10:30,6.50
7652,Once Were Warriors,Crime,Lee Tamahori,1994,102,12,2019-05-21 10:00,7.00
7653,Titanic,Drama,James Cameron,1997,194,12,2019-05-20 13:00,8.50
7654,Se7en,Crime,David Fincher,1995,127,12,2019-05-20 10:00,8.50
7655,Dog Day Afternoon,Biography,Sidney Lumet,1975,125,0,2019-05-19 17:00,7.00
7656,Malcolm X,Biography,Spike Lee,1992,202,0,2019-05-19 12:30,6.50
7657,Gifted,Drama,Marc Webb,2017,101,12,2019-05-19 10:00,8.50
7658,Se7en,Crime,David Fincher,1995,127,12,2019-05-18 17:30,7.00
7659,Blowup,Drama,Michelangelo Antonioni,1966,111,12,2019-05-18 15:00,7.50
7660,Harvey,Comedy,Henry Koster,1950,104,12,2019-05-18 12:30,6.50
7661,Jules et Jim,Drama,François Truffaut,1962,105,12,2019-05-18 10:00,6.50
7662,Misery,Drama,Rob Reiner,1990,107,16,2019-05-17 13:00,7.00
7663,Dark City,Mystery,Alex Proyas,1998,100,12,2019-05-17 10:30,7.00
7664,Stalag 17,Comedy,Billy Wilder,1953,120,12,2019-05-16 10:00,6.50
7665,Kaze no tani no Naushika,Animation,Hayao Miyazaki,1984,117,0,2019-05-15 15:30,8.00
7666,Viskningar och rop,Drama,Ingmar Bergman,1972,91,12,2019-05-15 13:00,6.50
7667,Gifted,Drama,Marc Webb,2017,101,12,2019-05-15 10:30,7.00
7668,The Blues Brothers,Action,John Landis,1980,133,0,2019-05-14 15:30,7.00
7669,Once Were Warriors,Crime,Lee Tamahori,1994,102,12,2019-05-14 13:00,7.00
7670,Stalag 17,Comedy,Billy Wilder,1953,120,12,2019-05-14 10:30,7.50
7671,Stalag 17,Comedy,Billy Wilder,1953,120,12,2019-05-13 15:00,8.00
7672,Dirty Harry,Action,Don Siegel,1971,102,12,2019-05-13 12:30,7.00
7673,Viskningar och rop,Drama,Ingmar Bergman,1972,91,12,2019-05-13 10:00,7.00
7674,Tengoku to jigoku,Crime,Akira Kurosawa,1963,143,12,2019-05-12 21:00,9.50
7675,Malcolm X,Biography,Spike Lee,1992,202,0,2019-05-12 16:30,7.00
7676,Dog Day Afternoon,Biography,Sidney Lumet,1975,125,0,2019-05-12 13:30,8.50
7677,Kaze no tani no Naushika,Animation,Hayao Miyazaki,1984,117,0,2019-05-12 10:30,6.50
7678,Malcolm X,Biography,Spike Lee,1992,202,0,2019-05-11 17:00,8.00
7679,Stalag 17,Comedy,Billy Wilder,1953,120,12,2019-05-11 14:00,7.50
7680,Bound by Honor,Crime,Taylor Hackford,1993,180,16,2019-05-11 10:00,8.50
7681,Der Name der Rose,Crime,Jean-Jacques Annaud,1986,130,16,2019-05-10 15:30,7.00
7682,A Few Good Men,Drama,Rob Reiner,1992,138,0,2019-05-10 12:30,8.50
7683,Viskningar och rop,Drama,Ingmar Bergman,1972,91,12,2019-05-10 10:00,7.00
7684,Only the Brave,Action,Joseph Kosinski,2017,134,12,2019-05-09 10:00,7.50
7685,Dazed and Confused,Comedy,Richard Linklater,1993,102,0,2019-05-08 15:00,7.50
7686,Ferris Bueller's Day Off,Comedy,John Hughes,1986,103,0,2019-05-08 12:30,8.50
7687,Once Were Warriors,Crime,Lee Tamahori,1994,102,12,2019-05-08 10:00,7.50
7688,Les yeux sans visage,Drama,Georges Franju,1960,90,12,2019-05-07 13:30,7.00
7689,Se7en,Crime,David Fincher,1995,127,12,2019-05-07 10:30,8.00
7690,Dazed and Confused,Comedy,Richard Linklater,1993,102,0,2019-05-06 12:30,8.50
7691,Dazed and Confused,Comedy,Richard Linklater,1993,102,0,2019-05-06 10:00,8.00
7692,Misery,Drama,Rob Reiner,1990,107,16,2019-05-05 17:30,7.00
7693,The Kid,Comedy,Charles Chaplin,1921,68,12,2019-05-05 15:30,7.50
7694,Raging Bull,Biography,Martin Scorsese,1980,129,12,2019-05-05 12:30,7.50
7695,Ferris Bueller's Day Off,Comedy,John Hughes,1986,103,0,2019-05-05 10:00,7.50
7696,Dazed and Confused,Comedy,Richard Linklater,1993,102,0,2019-05-04 19:30,10.00
7697,The Last Emperor,Biography,Bernardo Bertolucci,1987,163,0,2019-05-04 16:00,8.00
7698,The Sting,Comedy,George Roy Hill,1973,129,0,2019-05-04 13:00,8.00
7699,Se7en,Crime,David Fincher,1995,127,12,2019-05-04 10:00,8.50
7700,Viskningar och rop,Drama,Ingmar Bergman,1972,91,12,2019-05-03 10:30,6.50
7701,Raging Bull,Biography,Martin Scorsese,1980,129,12,2019-05-02 16:00,8.00
7702,Red River,Action,Howard Hawks,1948,133,12,2019-05-02 13:00,7.00
7703,A Few Good Men,Drama,Rob Reiner,1992,138,0,2019-05-02 10:00,7.50
7704,Yôjinbô,Action,Akira Kurosawa,1961,110,12,2019-05-01 10:00,8.50
7705,The Kid,Comedy,Charles Chaplin,1921,68,12,2019-04-30 17:30,7.50
7706,Bound by Honor,Crime,Taylor Hackford,1993,180,16,2019-04-30 13:30,7.50
7707,A Few Good Men,Drama,Rob Reiner,1992,138,0,2019-04-30 10:00,8.00
7708,Amadeus,Biography,Milos Forman,1984,160,16,2019-04-29 10:30,7.00
7709,Red River,Action,Howard Hawks,1948,133,12,2019-04-28 17:00,7.50
7710,The Sting,Comedy,George Roy Hill,1973,129,0,2019-04-28 14:00,7.00
7711,The Last Emperor,Biography,Bernardo Bertolucci,1987,163,0,2019-04-28 10:30,7.00
7712,Nosferatu,Fantasy,F.W. Murnau,1922,94,12,2019-04-27 21:00,9.00
7713,The Deer Hunter,Drama,Michael Cimino,1978,183,12,2019-04-27 17:00,8.00
7714,The Deer Hunter,Drama,Michael Cimino,1978,183,12,2019-04-27 13:00,6.50
7715,Nosferatu,Fantasy,F.W. Murnau,1922,94,12,2019-04-27 10:30,8.50
7716,Gifted,Drama,Marc Webb,2017,101,12,2019-04-26 14:00,6.50
7717,Bound by Honor,Crime,Taylor Hackford,1993,180,16,2019-04-26 10:00,8.50
7718,Viskningar och rop,Drama,Ingmar Bergman,1972,91,12,2019-04-25 16:00,8.00
7719,Dog Day Afternoon,Biography,Sidney Lumet,1975,125,0,2019-04-25 13:00,6.50
7720,A Few Good Men,Drama,Rob Reiner,1992,138,0,2019-04-25 10:00,7.50
7721,The Long Goodbye,Comedy,Robert Altman,1973,112,12,2019-04-24 16:30,7.50
7722,The Sting,Comedy,George Roy Hill,1973,129,0,2019-04-24 13:30,7.50
7723,Citizen Kane,Drama,Orson Welles,1941,119,12,2019-04-24 10:30,7.50
7724,Die Hard: With a Vengeance,Action,John McTiernan,1995,128,12,2019-04-23 13:00,8.50
7725,Tengoku to jigoku,Crime,Akira Kurosawa,1963,143,12,2019-04-23 10:00,6.50
7726,Blowup,Drama,Michelangelo Antonioni,1966,111,12,2019-04-22 16:30,7.50
7727,Die Hard: With a Vengeance,Action,John McTiernan,1995,128,12,2019-04-22 13:30,8.50
7728,A Few Good Men,Drama,Rob Reiner,1992,138,0,2019-04-22 10:30,7.50
7729,Paths of Glory,Drama,Stanley Kubrick,1957,88,12,2019-04-21 18:30,10.00
7730,Ikiru,Drama,Akira Kurosawa,1952,143,12,2019-04-21 15:30,7.50
7731,The Straight Story,Biography,David Lynch,1999,112,0,2019-04-21 12:30,7.00
7732,The Killing,Crime,Stanley Kubrick,1956,84,12,2019-04-21 10:00,7.50
7733,Dark City,Mystery,Alex Proyas,1998,100,12,2019-04-20 16:00,7.00
7734,Cabaret,Drama,Bob Fosse,1972,124,12,2019-04-20 13:00,6.50
7735,Cabaret,Drama,Bob Fosse,1972,124,12,2019-04-20 10:00,8.50
7736,Der Name der Rose,Crime,Jean-Jacques Annaud,1986,130,16,2019-04-19 13:30,6.50
7737,Ikiru,Drama,Akira Kurosawa,1952,143,12,2019-04-19 10:30,8.00
7738,The Kid,Comedy,Charles Chaplin,1921,68,12,2019-04-18 16:30,8.00
7739,Ikiru,Drama,Akira Kurosawa,1952,143,12,2019-04-18 13:00,7.50
7740,La double vie de Véronique,Drama,Krzysztof Kieslowski,1991,98,16,2019-04-18 10:30,6.50
7741,Kaze no tani no Naushika,Animation,Hayao Miyazaki,1984,117,0,2019-04-17 10:00,8.00
7742,Die Hard: With a Vengeance,Action,John McTiernan,1995,128,12,2019-04-16 15:30,7.50
7743,Ferris Bueller's Day Off,Comedy,John Hughes,1986,103,0,2019-04-16 13:00,6.50
7744,Yôjinbô,Action,Akira Kurosawa,1961,110,12,2019-04-16 10:30,8.50
7745,On Golden Pond,Drama,Mark Rydell,1981,109,12,2019-04-15 17:00,6.50
7746,Scarface,Crime,Brian De Palma,1983,170,12,2019-04-15 13:30,7.50
7747,Ikiru,Drama,Akira Kurosawa,1952,143,12,2019-04-15 10:30,8.00
7748,Harvey,Comedy,Henry Koster,1950,104,12,2019-04-14 15:00,6.50
7749,The Kid,Comedy,Charles Chaplin,1921,68,12,2019-04-14 13:00,8.00
7750,Yôjinbô,Action,Akira Kurosawa,1961,110,12,2019-04-14 10:00,8.50
7751,On Golden Pond,Drama,Mark Rydell,1981,109,12,2019-04-13 17:30,8.00
7752,The Kid,Comedy,Charles Chaplin,1921,68,12,2019-04-13 15:30,7.00
7753,Nosferatu,Fantasy,F.W. Murnau,1922,94,12,2019-04-13 13:00,6.50
7754,Les yeux sans visage,Drama,Georges Franju,1960,90,12,2019-04-13 10:30,7.00
7755,Terminator 2: Judgment Day,Action,James Cameron,1991,137,0,2019-04-12 10:30,8.00
7756,Harvey,Comedy,Henry Koster,1950,104,12,2019-04-11 10:30,7.50
7757,Nosferatu,Fantasy,F.W. Murnau,1922,94,12,2019-04-10 16:30,7.00
7758,Terminator 2: Judgment Day,Action,James Cameron,1991,137,0,2019-04-10 13:30,6.50
7759,Scarface,Crime,Brian De Palma,1983,170,12,2019-04-10 10:00,7.50
7760,Scarface,Crime,Brian De Palma,1983,170,12,2019-04-09 10:00,8.50
7761,Nosferatu,Fantasy,F.W. Murnau,1922,94,12,2019-04-08 12:30,7.50
7762,Rushmore,Comedy,Wes Anderson,1998,93,12,2019-04-08 10:00,7.50
7763,The Kid,Comedy,Charles Chaplin,1921,68,12,2019-04-07 16:00,8.50
7764,Les quatre cents coups,Crime,François Truffaut,1959,99,12,2019-04-07 13:30,7.00
7765,"Crna macka, beli macor",Comedy,Emir Kusturica,1998,127,16,2019-04-07 10:30,7.00
7766,American History X,Drama,Tony Kaye,1998,119,16,2019-04-06 18:30,8.50
7767,The Kid,Comedy,Charles Chaplin,1921,68,12,2019-04-06 16:30,8.00
7768,Scarface,Crime,Brian De Palma,1983,170,12,2019-04-06 13:00,7.50
7769,Blowup,Drama,Michelangelo Antonioni,1966,111,12,2019-04-06 10:00,7.50
7770,The Killing,Crime,Stanley Kubrick,1956,84,12,2019-04-05 10:00,8.00
7771,Todo sobre mi madre,Drama,Pedro Almodóvar,1999,101,16,2019-04-04 16:00,7.00
7772,Paper Moon,Comedy,Peter Bogdanovich,1973,102,0,2019-04-04 13:30,8.00
7773,American History X,Drama,Tony Kaye,1998,119,16,2019-04-04 10:30,8.00
7774,"Crna macka, beli macor",Comedy,Emir Kusturica,1998,127,16,2019-04-03 10:00,8.00
7775,K.G.F: Chapter 1,Action,Prashanth Neel,2018,156,12,2019-04-02 15:00,7.00
7776,Nosferatu,Fantasy,F.W. Murnau,1922,94,12,2019-04-02 12:30,8.50
7777,The Long Goodbye,Comedy,Robert Altman,1973,112,12,2019-04-02 10:00,8.50
7778,Nosferatu,Fantasy,F.W. Murnau,1922,94,12,2019-04-01 10:00,7.00
7779,K.G.F: Chapter 1,Action,Prashanth Neel,2018,156,12,2019-03-31 19:00,8.50
7780,Citizen Kane,Drama,Orson Welles,1941,119,12,2019-03-31 16:30,8.50
7781,Nosferatu,Fantasy,F.W. Murnau,1922,94,12,2019-03-31 14:00,6.50
7782,Terminator 2: Judgment Day,Action,James Cameron,1991,137,0,2019-03-31 10:30,7.50
7783,Tengoku to jigoku,Crime,Akira Kurosawa,1963,143,12,2019-03-30 18:30,9.00
7784,Harvey,Comedy,Henry Koster,1950,104,12,2019-03-30 16:00,8.00
7785,Citizen Kane,Drama,Orson Welles,1941,119,12,2019-03-30 13:00,7.00
7786,Raging Bull,Biography,Martin Scorsese,1980,129,12,2019-03-30 10:00,7.50
7787,Cabaret,Drama,Bob Fosse,1972,124,12,2019-03-29 10:00,7.50
7788,Being John Malkovich,Comedy,Spike Jonze,1999,113,16,2019-03-28 13:00,8.00
7789,Harvey,Comedy,Henry Koster,1950,104,12,2019-03-28 10:30,8.00
7790,The Killing,Crime,Stanley Kubrick,1956,84,12,2019-03-27 16:00,7.50
7791,The Long Goodbye,Comedy,Robert Altman,1973,112,12,2019-03-27 13:00,6.50
7792,Miracle on 34th Street,Comedy,George Seaton,1947,96,12,2019-03-27 10:30,7.00
7793,A Star Is Born,Drama,Bradley Cooper,2018,136,12,2019-03-26 16:30,7.50
7794,Miracle on 34th Street,Comedy,George Seaton,1947,96,12,2019-03-26 14:00,7.00
7795,K.G.F: Chapter 1,Action,Prashanth Neel,2018,156,12,2019-03-26 10:30,8.50
7796,Cool Hand Luke,Crime,Stuart Rosenberg,1967,127,12,2019-03-25 15:30,7.50
7797,"Crna macka, beli macor",Comedy,Emir Kusturica,1998,127,16,2019-03-25 12:30,6.50
7798,Nosferatu,Fantasy,F.W. Murnau,1922,94,12,2019-03-25 10:00,8.50
7799,Rushmore,Comedy,Wes Anderson,1998,93,12,2019-03-24 17:30,6.50
7800,The Killing,Crime,Stanley Kubrick,1956,84,12,2019-03-24 15:30,7.50
7801,Laura,Drama,Otto Preminger,1944,88,12,2019-03-24 13:00,7.50
7802,Laura,Drama,Otto Preminger,1944,88,12,2019-03-24 10:30,6.50
7803,Rushmore,Comedy,Wes Anderson,1998,93,12,2019-03-23 16:00,6.50
7804,Citizen Kane,Drama,Orson Welles,1941,119,12,2019-03-23 13:00,6.50
7805,Cabaret,Drama,Bob Fosse,1972,124,12,2019-03-23 10:00,8.50
7806,Cabaret,Drama,Bob Fosse,1972,124,12,2019-03-22 13:00,8.50
7807,On Golden Pond,Drama,Mark Rydell,1981,109,12,2019-03-22 10:30,7.50
7808,The Deer Hunter,Drama,Michael Cimino,1978,183,12,2019-03-21 12:30,6.50
7809,Laura,Drama,Otto Preminger,1944,88,12,2019-03-21 10:00,8.00
7810,La Strada,Drama,Federico Fellini,1954,108,12,2019-03-20 15:30,8.00
7811,The Birds,Drama,Alfred Hitchcock,1963,119,12,2019-03-20 13:00,8.00
7812,Terminator 2: Judgment Day,Action,James Cameron,1991,137,0,2019-03-20 10:00,7.50
7813,The Killing,Crime,Stanley Kubrick,1956,84,12,2019-03-19 10:30,6.50
7814,Deadpool 2,Action,David Leitch,2018,119,16,2019-03-18 10:00,8.00
7815,On Golden Pond,Drama,Mark Rydell,1981,109,12,2019-03-17 17:00,8.50
7816,Titanic,Drama,James Cameron,1997,194,12,2019-03-17 13:00,7.00
7817,Laura,Drama,Otto Preminger,1944,88,12,2019-03-17 10:30,8.50
7818,Uri: The Surgical Strike,Action,Aditya Dhar,2018,138,12,2019-03-16 18:00,9.00
7819,The Sandlot,Comedy,David Mickey Evans,1993,101,0,2019-03-16 15:30,6.50
7820,Rushmore,Comedy,Wes Anderson,1998,93,12,2019-03-16 13:00,6.50
7821,Uri: The Surgical Strike,Action,Aditya Dhar,2018,138,12,2019-03-16 10:00,7.50
7822,The Sandlot,Comedy,David Mickey Evans,1993,101,0,2019-03-15 16:00,8.50
7823,Eskiya,Crime,Yavuz Turgul,1996,128,12,2019-03-15 13:00,7.50
7824,"Crna macka, beli macor",Comedy,Emir Kusturica,1998,127,16,2019-03-15 10:00,6.50
7825,Citizen Kane,Drama,Orson Welles,1941,119,12,2019-03-14 13:30,7.50
7826,"Crna macka, beli macor",Comedy,Emir Kusturica,1998,127,16,2019-03-14 10:30,7.00
7827,La Strada,Drama,Federico Fellini,1954,108,12,2019-03-13 16:00,6.50
7828,Rear Window,Mystery,Alfred Hitchcock,1954,112,0,2019-03-13 13:30,8.50
7829,Raging Bull,Biography,Martin Scorsese,1980,129,12,2019-03-13 10:30,7.50
7830,On Golden Pond,Drama,Mark Rydell,1981,109,12,2019-03-12 12:30,8.50
7831,On Golden Pond,Drama,Mark Rydell,1981,109,12,2019-03-12 10:00,6.50
7832,"Crna macka, beli macor",Comedy,Emir Kusturica,1998,127,16,2019-03-11 10:30,7.50
7833,Rushmore,Comedy,Wes Anderson,1998,93,12,2019-03-10 20:00,10.00
7834,Uri: The Surgical Strike,Action,Aditya Dhar,2018,138,12,2019-03-10 16:30,8.00
7835,"Crna macka, beli macor",Comedy,Emir Kusturica,1998,127,16,2019-03-10 13:30,7.50
7836,Die Hard: With a Vengeance,Action,John McTiernan,1995,128,12,2019-03-10 10:30,8.00
7837,A Star Is Born,Drama,Bradley Cooper,2018,136,12,2019-03-09 18:30,9.00
7838,Terminator 2: Judgment Day,Action,James Cameron,1991,137,0,2019-03-09 15:30,8.00
7839,Cool Hand Luke,Crime,Stuart Rosenberg,1967,127,12,2019-03-09 12:30,7.50
7840,Beauty and the Beast,Animation,Gary Trousdale,1991,84,0,2019-03-09 10:30,7.00
7841,Terminator 2: Judgment Day,Action,James Cameron,1991,137,0,2019-03-08 13:00,7.50
7842,A Star Is Born,Drama,Bradley Cooper,2018,136,12,2019-03-08 10:00,6.50
7843,Terminator 2: Judgment Day,Action,James Cameron,1991,137,0,2019-03-07 10:30,6.50
7844,Deadpool 2,Action,David Leitch,2018,119,16,2019-03-06 17:00,7.00
7845,La Strada,Drama,Federico Fellini,1954,108,12,2019-03-06 14:00,6.50
7846,Terminator 2: Judgment Day,Action,James Cameron,1991,137,0,2019-03-06 10:30,7.00
7847,Once Upon a Time... in Hollywood,Comedy,Quentin Tarantino,2019,161,12,2019-03-05 10:30,8.00
7848,All About Eve,Drama,Joseph L. Mankiewicz,1950,138,12,2019-03-04 10:00,7.00
7849,Rear Window,Mystery,Alfred Hitchcock,1954,112,0,2019-03-03 15:30,8.50
7850,Being John Malkovich,Comedy,Spike Jonze,1999,113,16,2019-03-03 13:00,8.00
7851,Eskiya,Crime,Yavuz Turgul,1996,128,12,2019-03-03 10:00,8.50
7852,The Maltese Falcon,Film-Noir,John Huston,1941,100,12,2019-03-02 19:30,10.00
7853,American History X,Drama,Tony Kaye,1998,119,16,2019-03-02 16:30,8.50
7854,The Searchers,Adventure,John Ford,1956,119,12,2019-03-02 13:30,7.00
7855,La Strada,Drama,Federico Fellini,1954,108,12,2019-03-02 10:30,8.50
7856,Laura,Drama,Otto Preminger,1944,88,12,2019-03-01 10:30,8.00
7857,Beauty and the Beast,Animation,Gary Trousdale,1991,84,0,2019-02-28 10:00,6.50
7858,Todo sobre mi madre,Drama,Pedro Almodóvar,1999,101,16,2019-02-27 13:00,8.50
7859,Being John Malkovich,Comedy,Spike Jonze,1999,113,16,2019-02-27 10:00,6.50
7860,Titanic,Drama,James Cameron,1997,194,12,2019-02-26 13:00,6.50
7861,Deadpool 2,Action,David Leitch,2018,119,16,2019-02-26 10:00,7.00
7862,Citizen Kane,Drama,Orson Welles,1941,119,12,2019-02-25 13:30,7.50
7863,Le locataire,Drama,Roman Polanski,1976,126,16,2019-02-25 10:30,8.00
7864,Roma,Drama,Alfonso Cuarón,2018,135,16,2019-02-24 18:00,9.00
7865,The Maltese Falcon,Film-Noir,John Huston,1941,100,12,2019-02-24 15:30,8.00
7866,Todo sobre mi madre,Drama,Pedro Almodóvar,1999,101,16,2019-02-24 13:00,6.50
7867,Shadow of a Doubt,Film-Noir,Alfred Hitchcock,1943,108,6,2019-02-24 10:30,8.50
7868,American History X,Drama,Tony Kaye,1998,119,16,2019-02-23 16:00,8.50
7869,All About Eve,Drama,Joseph L. Mankiewicz,1950,138,12,2019-02-23 13:00,6.50
7870,Dirty Harry,Action,Don Siegel,1971,102,12,2019-02-23 10:30,8.00
7871,Witness for the Prosecution,Crime,Billy Wilder,1957,116,0,2019-02-22 10:30,8.50
7872,Todo sobre mi madre,Drama,Pedro Almodóvar,1999,101,16,2019-02-21 14:30,6.50
7873,Bronenosets Potemkin,Drama,Sergei M. Eisenstein,1925,75,12,2019-02-21 12:30,7.50
7874,Beauty and the Beast,Animation,Gary Trousdale,1991,84,0,2019-02-21 10:00,6.50
7875,"Il buono, il brutto, il cattivo",Western,Sergio Leone,1966,161,12,2019-02-20 13:00,8.00
7876,American History X,Drama,Tony Kaye,1998,119,16,2019-02-20 10:30,8.00
7877,Eskiya,Crime,Yavuz Turgul,1996,128,12,2019-02-19 13:30,6.50
7878,All About Eve,Drama,Joseph L. Mankiewicz,1950,138,12,2019-02-19 10:30,7.50
7879,Dead Poets Society,Comedy,Peter Weir,1989,128,0,2019-02-18 13:00,6.50
7880,Dirty Harry,Action,Don Siegel,1971,102,12,2019-02-18 10:30,7.50
7881,All About Eve,Drama,Joseph L. Mankiewicz,1950,138,12,2019-02-17 18:00,9.00
7882,The Adventures of Robin Hood,Action,Michael Curtiz,1938,102,6,2019-02-17 15:30,6.50
7883,Bronenosets Potemkin,Drama,Sergei M. Eisenstein,1925,75,12,2019-02-17 13:30,8.50
7884,A Star Is Born,Drama,Bradley Cooper,2018,136,12,2019-02-17 10:30,7.50
7885,Deadpool 2,Action,David Leitch,2018,119,16,2019-02-16 17:00,7.00
7886,Titanic,Drama,James Cameron,1997,194,12,2019-02-16 13:00,8.50
7887,Sleuth,Mystery,Joseph L. Mankiewicz,1972,138,6,2019-02-16 10:00,8.00
7888,Shadow of a Doubt,Film-Noir,Alfred Hitchcock,1943,108,6,2019-02-15 14:00,6.50
7889,Titanic,Drama,James Cameron,1997,194,12,2019-02-15 10:00,7.50
7890,Bronenosets Potemkin,Drama,Sergei M. Eisenstein,1925,75,12,2019-02-14 10:00,7.50
7891,"Il buono, il brutto, il cattivo",Western,Sergio Leone,1966,161,12,2019-02-13 15:30,6.50
7892,The Grapes of Wrath,Drama,John Ford,1940,129,12,2019-02-13 12:30,7.50
7893,The Adventures of Robin Hood,Action,Michael Curtiz,1938,102,6,2019-02-13 10:00,6.50
7894,Dead Poets Society,Comedy,Peter Weir,1989,128,0,2019-02-12 16:00,7.50
7895,All About Eve,Drama,Joseph L. Mankiewicz,1950,138,12,2019-02-12 13:00,6.50
7896,Shadow of a Doubt,Film-Noir,Alfred Hitchcock,1943,108,6,2019-02-12 10:00,7.00
7897,The Grapes of Wrath,Drama,John Ford,1940,129,12,2019-02-11 14:00,8.50
7898,Titanic,Drama,James Cameron,1997,194,12,2019-02-11 10:00,6.50
7899,Sleuth,Mystery,Joseph L. Mankiewicz,1972,138,6,2019-02-10 19:30,8.50
7900,Primal Fear,Crime,Gregory Hoblit,1996,129,12,2019-02-10 16:30,8.50
7901,All About Eve,Drama,Joseph L. Mankiewicz,1950,138,12,2019-02-10 13:30,8.50
7902,Le locataire,Drama,Roman Polanski,1976,126,16,2019-02-10 10:30,8.00
7903,Witness for the Prosecution,Crime,Billy Wilder,1957,116,0,2019-02-09 19:00,9.00
7904,Citizen Kane,Drama,Orson Welles,1941,119,12,2019-02-09 16:00,6.50
7905,La Strada,Drama,Federico Fellini,1954,108,12,2019-02-09 13:30,7.50
7906,Primal Fear,Crime,Gregory Hoblit,1996,129,12,2019-02-09 10:30,8.00
7907,Citizen Kane,Drama,Orson Welles,1941,119,12,2019-02-08 16:30,6.50
7908,Sleuth,Mystery,Joseph L. Mankiewicz,1972,138,6,2019-02-08 13:30,7.00
7909,The Grapes of Wrath,Drama,John Ford,1940,129,12,2019-02-08 10:30,7.50
7910,Shine,Biography,Scott Hicks,1996,105,0,2019-02-07 10:30,8.50
7911,The Blues Brothers,Action,John Landis,1980,133,0,2019-02-06 10:00,7.00
7912,Citizen Kane,Drama,Orson Welles,1941,119,12,2019-02-05 10:00,8.50
7913,The Lion in Winter,Biography,Anthony Harvey,1968,134,6,2019-02-04 16:00,8.50
7914,The Lion in Winter,Biography,Anthony Harvey,1968,134,6,2019-02-04 13:00,7.50
7915,Le locataire,Drama,Roman Polanski,1976,126,16,2019-02-04 10:00,7.00
7916,Primal Fear,Crime,Gregory Hoblit,1996,129,12,2019-02-03 15:30,8.50
7917,Shine,Biography,Scott Hicks,1996,105,0,2019-02-03 13:00,6.50
7918,Shine,Biography,Scott Hicks,1996,105,0,2019-02-03 10:30,7.00
7919,Once Upon a Time... in Hollywood,Comedy,Quentin Tarantino,2019,161,12,2019-02-02 20:00,10.00
7920,Dead Poets Society,Comedy,Peter Weir,1989,128,0,2019-02-02 17:00,8.50
7921,The Blues Brothers,Action,John Landis,1980,133,0,2019-02-02 14:00,8.50
7922,Once Upon a Time... in Hollywood,Comedy,Quentin Tarantino,2019,161,12,2019-02-02 10:30,7.00
7923,The Lion in Winter,Biography,Anthony Harvey,1968,134,6,2019-02-01 10:00,7.50
7924,Ayla: The Daughter of War,Biography,Can Ulkay,2017,125,12,2019-01-31 16:00,6.50
7925,Roma,Drama,Alfonso Cuarón,2018,135,16,2019-01-31 13:00,8.00
7926,Dead Poets Society,Comedy,Peter Weir,1989,128,0,2019-01-31 10:00,7.50
7927,Boyz n the Hood,Crime,John Singleton,1991,112,12,2019-01-30 10:00,8.50
7928,The Adventures of Robin Hood,Action,Michael Curtiz,1938,102,6,2019-01-29 10:00,8.00
7929,Roma,Drama,Alfonso Cuarón,2018,135,16,2019-01-28 16:00,7.00
7930,Witness for the Prosecution,Crime,Billy Wilder,1957,116,0,2019-01-28 13:00,7.00
7931,Dead Poets Society,Comedy,Peter Weir,1989,128,0,2019-01-28 10:00,6.50
7932,Shadow of a Doubt,Film-Noir,Alfred Hitchcock,1943,108,6,2019-01-27 18:30,10.00
7933,Boyz n the Hood,Crime,John Singleton,1991,112,12,2019-01-27 15:30,8.50
7934,The Grapes of Wrath,Drama,John Ford,1940,129,12,2019-01-27 12:30,7.00
7935,The Adventures of Robin Hood,Action,Michael Curtiz,1938,102,6,2019-01-27 10:00,7.00
7936,Rear Window,Mystery,Alfred Hitchcock,1954,112,0,2019-01-26 15:00,8.00
7937,Shadow of a Doubt,Film-Noir,Alfred Hitchcock,1943,108,6,2019-01-26 12:30,6.50
7938,The Adventures of Robin Hood,Action,Michael Curtiz,1938,102,6,2019-01-26 10:00,7.50
7939,Shine,Biography,Scott Hicks,1996,105,0,2019-01-25 10:30,8.00
7940,In the Heat of the Night,Crime,Norman Jewison,1967,110,0,2019-01-24 16:00,6.50
7941,In the Heat of the Night,Crime,Norman Jewison,1967,110,0,2019-01-24 13:30,7.50
7942,Sleuth,Mystery,Joseph L. Mankiewicz,1972,138,6,2019-01-24 10:00,8.00
7943,Witness for the Prosecution,Crime,Billy Wilder,1957,116,0,2019-01-23 10:30,7.50
7944,Sleuth,Mystery,Joseph L. Mankiewicz,1972,138,6,2019-01-22 12:30,7.50
7945,Boyz n the Hood,Crime,John Singleton,1991,112,12,2019-01-22 10:00,8.50
7946,In the Heat of the Night,Crime,Norman Jewison,1967,110,0,2019-01-21 16:30,8.50
7947,The Matrix,Action,Lana Wachowski,1999,136,12,2019-01-21 13:30,8.00
7948,The Grapes of Wrath,Drama,John Ford,1940,129,12,2019-01-21 10:30,7.00
7949,The Grapes of Wrath,Drama,John Ford,1940,129,12,2019-01-20 19:30,10.00
7950,Primal Fear,Crime,Gregory Hoblit,1996,129,12,2019-01-20 16:30,8.50
7951,Vertigo,Mystery,Alfred Hitchcock,1958,128,12,2019-01-20 13:30,7.50
7952,Sleuth,Mystery,Joseph L. Mankiewicz,1972,138,6,2019-01-20 10:30,6.50
7953,Apocalypse Now,Drama,Francis Ford Coppola,1979,147,16,2019-01-19 19:00,8.50
7954,The Lion in Winter,Biography,Anthony Harvey,1968,134,6,2019-01-19 16:00,6.50
7955,Shadow of a Doubt,Film-Noir,Alfred Hitchcock,1943,108,6,2019-01-19 13:30,8.50
7956,Roma,Drama,Alfonso Cuarón,2018,135,16,2019-01-19 10:30,8.50
7957,Primal Fear,Crime,Gregory Hoblit,1996,129,12,2019-01-18 12:30,7.00
7958,The Adventures of Robin Hood,Action,Michael Curtiz,1938,102,6,2019-01-18 10:00,8.00
7959,Citizen Kane,Drama,Orson Welles,1941,119,12,2019-01-17 16:00,8.00
7960,Shine,Biography,Scott Hicks,1996,105,0,2019-01-17 13:30,7.00
7961,Primal Fear,Crime,Gregory Hoblit,1996,129,12,2019-01-17 10:30,8.50
7962,Carlito's Way,Crime,Brian De Palma,1993,144,12,2019-01-16 10:30,6.50
7963,The Fugitive,Action,Andrew Davis,1993,130,0,2019-01-15 12:00,7.50
7964,Bronenosets Potemkin,Drama,Sergei M. Eisenstein,1925,75,12,2019-01-15 10:00,7.00
7965,The Grapes of Wrath,Drama,John Ford,1940,129,12,2019-01-14 13:00,8.00
7966,Shine,Biography,Scott Hicks,1996,105,0,2019-01-14 10:30,7.00
7967,"Il buono, il brutto, il cattivo",Western,Sergio Leone,1966,161,12,2019-01-13 18:30,10.00
7968,Boyz n the Hood,Crime,John Singleton,1991,112,12,2019-01-13 16:00,7.50
7969,In the Heat of the Night,Crime,Norman Jewison,1967,110,0,2019-01-13 13:30,7.50
7970,Apocalypse Now,Drama,Francis Ford Coppola,1979,147,16,2019-01-13 10:00,7.50
7971,Sleuth,Mystery,Joseph L. Mankiewicz,1972,138,6,2019-01-12 15:30,8.00
7972,The Adventures of Robin Hood,Action,Michael Curtiz,1938,102,6,2019-01-12 13:00,7.50
7973,Roma,Drama,Alfonso Cuarón,2018,135,16,2019-01-12 10:00,7.00
7974,Primal Fear,Crime,Gregory Hoblit,1996,129,12,2019-01-11 10:30,6.50
7975,Do the Right Thing,Comedy,Spike Lee,1989,120,16,2019-01-10 10:00,8.00
7976,The Searchers,Adventure,John Ford,1956,119,12,2019-01-09 10:00,7.50
7977,A Little Princess,Drama,Alfonso Cuarón,1995,97,0,2019-01-08 10:30,6.50
7978,Sleuth,Mystery,Joseph L. Mankiewicz,1972,138,6,2019-01-07 10:30,8.50
7979,The Lion in Winter,Biography,Anthony Harvey,1968,134,6,2019-01-06 19:00,9.00
7980,Shine,Biography,Scott Hicks,1996,105,0,2019-01-06 16:30,7.00
7981,Apocalypse Now,Drama,Francis Ford Coppola,1979,147,16,2019-01-06 13:00,8.00
7982,The Fugitive,Action,Andrew Davis,1993,130,0,2019-01-06 10:00,6.50
7983,Apocalypse Now,Drama,Francis Ford Coppola,1979,147,16,2019-01-05 19:00,8.50
7984,Mononoke-hime,Animation,Hayao Miyazaki,1997,134,0,2019-01-05 16:00,8.00
7985,The Killing Fields,Biography,Roland Joffé,1984,141,12,2019-01-05 13:00,8.00
7986,El ángel exterminador,Drama,Luis Buñuel,1962,95,12,2019-01-05 10:30,8.00
7987,Mononoke-hime,Animation,Hayao Miyazaki,1997,134,0,2019-01-04 16:30,6.50
7988,Sleuth,Mystery,Joseph L. Mankiewicz,1972,138,6,2019-01-04 13:30,7.50
7989,The Last Picture Show,Drama,Peter Bogdanovich,1971,118,16,2019-01-04 10:30,8.00
7990,The Lion in Winter,Biography,Anthony Harvey,1968,134,6,2019-01-03 12:30,8.00
7991,Shine,Biography,Scott Hicks,1996,105,0,2019-01-03 10:00,8.50
7992,Apocalypse Now,Drama,Francis Ford Coppola,1979,147,16,2019-01-02 13:30,7.00
7993,Ayla: The Daughter of War,Biography,Can Ulkay,2017,125,12,2019-01-02 10:30,7.50
7994,The Adventures of Robin Hood,Action,Michael Curtiz,1938,102,6,2019-01-01 10:30,8.00
7995,In the Heat of the Night,Crime,Norman Jewison,1967,110,0,2018-12-31 15:30,6.50
7996,The Taking of Pelham One Two Three,Action,Joseph Sargent,1974,104,0,2018-12-31 13:00,8.00
7997,Do the Right Thing,Comedy,Spike Lee,1989,120,16,2018-12-31 10:00,8.00
7998,The Taking of Pelham One Two Three,Action,Joseph Sargent,1974,104,0,2018-12-30 19:30,10.00
7999,Rebel Without a Cause,Drama,Nicholas Ray,1955,111,12,2018-12-30 16:30,8.50
8000,Carlito's Way,Crime,Brian De Palma,1993,144,12,2018-12-30 13:00,7.50
8001,Shine,Biography,Scott Hicks,1996,105,0,2018-12-30 10:30,7.00
8002,Dangal,Action,Nitesh Tiwari,2016,161,0,2018-12-29 17:00,6.50
8003,Schindler's List,Biography,Steven Spielberg,1993,195,12,2018-12-29 13:00,7.50
8004,Rebel Without a Cause,Drama,Nicholas Ray,1955,111,12,2018-12-29 10:30,7.00
8005,A Star Is Born,Drama,Bradley Cooper,2018,136,12,2018-12-28 13:00,8.00
8006,Shine,Biography,Scott Hicks,1996,105,0,2018-12-28 10:30,7.50
8007,God's Own Country,Drama,Francis Lee,2017,104,12,2018-12-27 10:30,6.50
8008,Léon,Action,Luc Besson,1994,110,12,2018-12-26 16:00,8.00
8009,A Little Princess,Drama,Alfonso Cuarón,1995,97,0,2018-12-26 13:30,8.50
8010,Apocalypse Now,Drama,Francis Ford Coppola,1979,147,16,2018-12-26 10:00,8.50
8011,Avengers: Infinity War,Action,Anthony Russo,2018,149,12,2018-12-25 12:30,8.00
8012,The Last Picture Show,Drama,Peter Bogdanovich,1971,118,16,2018-12-25 10:00,6.50
8013,The Killing Fields,Biography,Roland Joffé,1984,141,12,2018-12-24 10:30,7.50
8014,Carlito's Way,Crime,Brian De Palma,1993,144,12,2018-12-23 16:30,6.50
8015,The Killing Fields,Biography,Roland Joffé,1984,141,12,2018-12-23 13:30,7.00
8016,The Untouchables,Crime,Brian De Palma,1987,119,12,2018-12-23 10:30,7.00
8017,Vertigo,Mystery,Alfred Hitchcock,1958,128,12,2018-12-22 19:30,8.50
8018,Vertigo,Mystery,Alfred Hitchcock,1958,128,12,2018-12-22 16:30,8.50
8019,Ayla: The Daughter of War,Biography,Can Ulkay,2017,125,12,2018-12-22 13:30,8.00
8020,The Untouchables,Crime,Brian De Palma,1987,119,12,2018-12-22 10:30,8.50
8021,Rebel Without a Cause,Drama,Nicholas Ray,1955,111,12,2018-12-21 13:00,6.50
8022,Ayla: The Daughter of War,Biography,Can Ulkay,2017,125,12,2018-12-21 10:00,8.50
8023,The Fugitive,Action,Andrew Davis,1993,130,0,2018-12-20 16:00,8.00
8024,Rebel Without a Cause,Drama,Nicholas Ray,1955,111,12,2018-12-20 13:30,7.00
8025,The Last Picture Show,Drama,Peter Bogdanovich,1971,118,16,2018-12-20 10:30,8.50
8026,Ayla: The Daughter of War,Biography,Can Ulkay,2017,125,12,2018-12-19 12:30,8.00
8027,El ángel exterminador,Drama,Luis Buñuel,1962,95,12,2018-12-19 10:00,8.50
8028,Schindler's List,Biography,Steven Spielberg,1993,195,12,2018-12-18 17:00,7.50
8029,La haine,Crime,Mathieu Kassovitz,1995,98,12,2018-12-18 14:30,7.50
8030,Schindler's List,Biography,Steven Spielberg,1993,195,12,2018-12-18 10:30,6.50
8031,Carlito's Way,Crime,Brian De Palma,1993,144,12,2018-12-17 10:00,8.00
8032,Knockin' on Heaven's Door,Action,Thomas Jahn,1997,87,12,2018-12-16 17:00,7.50
8033,Schindler's List,Biography,Steven Spielberg,1993,195,12,2018-12-16 13:00,8.00
8034,Stand by Me,Adventure,Rob Reiner,1986,89,0,2018-12-16 10:30,8.00
8035,The Last Picture Show,Drama,Peter Bogdanovich,1971,118,16,2018-12-15 18:30,8.50
8036,Night on Earth,Comedy,Jim Jarmusch,1991,129,16,2018-12-15 15:30,8.00
8037,A Star Is Born,Drama,Bradley Cooper,2018,136,12,2018-12-15 12:30,7.00
8038,A Little Princess,Drama,Alfonso Cuarón,1995,97,0,2018-12-15 10:00,6.50
8039,Stand by Me,Adventure,Rob Reiner,1986,89,0,2018-12-14 10:30,6.50
8040,Vertigo,Mystery,Alfred Hitchcock,1958,128,12,2018-12-13 16:00,7.00
8041,La haine,Crime,Mathieu Kassovitz,1995,98,12,2018-12-13 13:30,7.50
8042,The Last Picture Show,Drama,Peter Bogdanovich,1971,118,16,2018-12-13 10:30,8.00
8043,Avengers: Infinity War,Action,Anthony Russo,2018,149,12,2018-12-12 14:00,7.00
8044,Apocalypse Now,Drama,Francis Ford Coppola,1979,147,16,2018-12-12 10:30,7.00
8045,The Untouchables,Crime,Brian De Palma,1987,119,12,2018-12-11 16:00,8.50
8046,The Fugitive,Action,Andrew Davis,1993,130,0,2018-12-11 13:00,7.50
8047,Knockin' on Heaven's Door,Action,Thomas Jahn,1997,87,12,2018-12-11 10:30,8.50
8048,The Fugitive,Action,Andrew Davis,1993,130,0,2018-12-10 10:30,7.50
8049,God's Own Country,Drama,Francis Lee,2017,104,12,2018-12-09 18:30,9.50
8050,God's Own Country,Drama,Francis Lee,2017,104,12,2018-12-09 16:00,6.50
8051,Dip huet seung hung,Action,John Woo,1989,111,16,2018-12-09 13:30,8.50
8052,A Star Is Born,Drama,Bradley Cooper,2018,136,12,2018-12-09 10:30,6.50
8053,Spoorloos,Mystery,George Sluizer,1988,107,12,2018-12-08 19:00,10.00
8054,Hana-bi,Crime,Takeshi Kitano,1997,103,12,2018-12-08 16:30,7.00
8055,Carlito's Way,Crime,Brian De Palma,1993,144,12,2018-12-08 13:00,8.50
8056,Dip huet seung hung,Action,John Woo,1989,111,16,2018-12-08 10:30,8.50
8057,Stand by Me,Adventure,Rob Reiner,1986,89,0,2018-12-07 10:30,6.50
8058,God's Own Country,Drama,Francis Lee,2017,104,12,2018-12-06 15:30,6.50
8059,Night on Earth,Comedy,Jim Jarmusch,1991,129,16,2018-12-06 12:30,8.50
8060,Dip huet seung hung,Action,John Woo,1989,111,16,2018-12-06 10:00,7.00
8061,Spoorloos,Mystery,George Sluizer,1988,107,12,2018-12-05 13:00,8.50
8062,The Last Picture Show,Drama,Peter Bogdanovich,1971,118,16,2018-12-05 10:00,7.00
8063,The Last Picture Show,Drama,Peter Bogdanovich,1971,118,16,2018-12-04 13:00,6.50
8064,Rebel Without a Cause,Drama,Nicholas Ray,1955,111,12,2018-12-04 10:30,6.50
8065,The Last Picture Show,Drama,Peter Bogdanovich,1971,118,16,2018-12-03 10:00,8.50
8066,Knockin' on Heaven's Door,Action,Thomas Jahn,1997,87,12,2018-12-02 19:30,9.50
8067,The Untouchables,Crime,Brian De Palma,1987,119,12,2018-12-02 16:30,8.00
8068,Philadelphia,Drama,Jonathan Demme,1993,125,12,2018-12-02 13:30,6.50
8069,The Untouchables,Crime,Brian De Palma,1987,119,12,2018-12-02 10:30,8.50
8070,Spoorloos,Mystery,George Sluizer,1988,107,12,2018-12-01 15:30,7.00
8071,The Untouchables,Crime,Brian De Palma,1987,119,12,2018-12-01 12:30,8.00
8072,Spoorloos,Mystery,George Sluizer,1988,107,12,2018-12-01 10:00,6.50
8073,Philadelphia,Drama,Jonathan Demme,1993,125,12,2018-11-30 15:00,8.00
8074,In a Lonely Place,Drama,Nicholas Ray,1950,94,12,2018-11-30 12:30,8.50
8075,In a Lonely Place,Drama,Nicholas Ray,1950,94,12,2018-11-30 10:00,7.00
8076,Modern Times,Comedy,Charles Chaplin,1936,87,0,2018-11-29 12:30,7.50
8077,Hana-bi,Crime,Takeshi Kitano,1997,103,12,2018-11-29 10:00,8.50
8078,"Shin seiki Evangelion Gekijô-ban: Air/Magokoro wo, kimi ni",Animation,Hideaki Anno,1997,87,12,2018-11-28 15:00,8.00
8079,Hana-bi,Crime,Takeshi Kitano,1997,103,12,2018-11-28 12:30,6.50
8080,Knockin' on Heaven's Door,Action,Thomas Jahn,1997,87,12,2018-11-28 10:00,6.50
8081,"Shin seiki Evangelion Gekijô-ban: Air/Magokoro wo, kimi ni",Animation,Hideaki Anno,1997,87,12,2018-11-27 15:30,7.50
8082,God's Own Country,Drama,Francis Lee,2017,104,12,2018-11-27 13:00,7.50
8083,In a Lonely Place,Drama,Nicholas Ray,1950,94,12,2018-11-27 10:30,7.00
8084,Sing Street,Comedy,John Carney,2016,106,12,2018-11-26 16:30,8.50
8085,"Shin seiki Evangelion Gekijô-ban: Air/Magokoro wo, kimi ni",Animation,Hideaki Anno,1997,87,12,2018-11-26 14:00,7.50
8086,Boogie Nights,Drama,Paul Thomas Anderson,1997,155,16,2018-11-26 10:30,8.50
8087,Paths of Glory,Drama,Stanley Kubrick,1957,88,12,2018-11-25 19:00,10.00
8088,From Here to Eternity,Drama,Fred Zinnemann,1953,118,12,2018-11-25 16:00,8.50
8089,Hana-bi,Crime,Takeshi Kitano,1997,103,12,2018-11-25 13:30,7.00
8090,Amarcord,Comedy,Federico Fellini,1973,123,16,2018-11-25 10:30,8.00
8091,La haine,Crime,Mathieu Kassovitz,1995,98,12,2018-11-24 18:00,9.50
8092,Boogie Nights,Drama,Paul Thomas Anderson,1997,155,16,2018-11-24 14:30,6.50
8093,Modern Times,Comedy,Charles Chaplin,1936,87,0,2018-11-24 12:30,8.00
8094,The Usual Suspects,Crime,Bryan Singer,1995,106,12,2018-11-24 10:00,7.00
8095,Boogie Nights,Drama,Paul Thomas Anderson,1997,155,16,2018-11-23 13:30,8.50
8096,From Here to Eternity,Drama,Fred Zinnemann,1953,118,12,2018-11-23 10:30,8.00
8097,Mad Max 2,Action,George Miller,1981,96,12,2018-11-22 16:30,7.50
8098,Boogie Nights,Drama,Paul Thomas Anderson,1997,155,16,2018-11-22 13:00,7.50
8099,Rebel Without a Cause,Drama,Nicholas Ray,1955,111,12,2018-11-22 10:30,7.00
8100,Zulu,Drama,Cy Endfield,1964,138,0,2018-11-21 15:00,7.50
8101,Hiroshima mon amour,Drama,Alain Resnais,1959,90,12,2018-11-21 13:00,8.50
8102,Amarcord,Comedy,Federico Fellini,1973,123,16,2018-11-21 10:00,7.00
8103,Rebel Without a Cause,Drama,Nicholas Ray,1955,111,12,2018-11-20 16:00,7.50
8104,The Fifth Element,Action,Luc Besson,1997,126,12,2018-11-20 13:00,7.00
8105,Amarcord,Comedy,Federico Fellini,1973,123,16,2018-11-20 10:00,7.50
8106,Dog Day Afternoon,Biography,Sidney Lumet,1975,125,0,2018-11-19 15:00,7.00
8107,Toy Story,Animation,John Lasseter,1995,81,0,2018-11-19 12:30,8.50
8108,In a Lonely Place,Drama,Nicholas Ray,1950,94,12,2018-11-19 10:00,6.50
8109,Mad Max 2,Action,George Miller,1981,96,12,2018-11-18 16:30,6.50
8110,La haine,Crime,Mathieu Kassovitz,1995,98,12,2018-11-18 14:00,6.50
8111,Boogie Nights,Drama,Paul Thomas Anderson,1997,155,16,2018-11-18 10:30,8.50
8112,The Untouchables,Crime,Brian De Palma,1987,119,12,2018-11-17 15:00,6.50
8113,Dip huet seung hung,Action,John Woo,1989,111,16,2018-11-17 12:30,7.50
8114,Out of the Past,Crime,Jacques Tourneur,1947,97,12,2018-11-17 10:00,8.00
8115,Le salaire de la peur,Adventure,Henri-Georges Clouzot,1953,131,0,2018-11-16 10:00,8.50
8116,Spoorloos,Mystery,George Sluizer,1988,107,12,2018-11-15 13:00,8.50
8117,Spoorloos,Mystery,George Sluizer,1988,107,12,2018-11-15 10:30,6.50
8118,The Princess Bride,Adventure,Rob Reiner,1987,98,0,2018-11-14 12:30,7.50
8119,Dip huet seung hung,Action,John Woo,1989,111,16,2018-11-14 10:00,7.00
8120,Hana-bi,Crime,Takeshi Kitano,1997,103,12,2018-11-13 16:00,6.50
8121,Amarcord,Comedy,Federico Fellini,1973,123,16,2018-11-13 13:00,7.00
8122,Moana,Animation,Ron Clements,2016,107,0,2018-11-13 10:30,6.50
8123,Amarcord,Comedy,Federico Fellini,1973,123,16,2018-11-12 12:30,8.00
8124,"Shin seiki Evangelion Gekijô-ban: Air/Magokoro wo, kimi ni",Animation,Hideaki Anno,1997,87,12,2018-11-12 10:00,8.50
8125,Le salaire de la peur,Adventure,Henri-Georges Clouzot,1953,131,0,2018-11-11 16:00,7.00
8126,Mad Max 2,Action,George Miller,1981,96,12,2018-11-11 13:30,7.00
8127,Boogie Nights,Drama,Paul Thomas Anderson,1997,155,16,2018-11-11 10:00,7.50
8128,"Shin seiki Evangelion Gekijô-ban: Air/Magokoro wo, kimi ni",Animation,Hideaki Anno,1997,87,12,2018-11-10 16:30,7.00
8129,The Untouchables,Crime,Brian De Palma,1987,119,12,2018-11-10 13:30,8.50
8130,The Untouchables,Crime,Brian De Palma,1987,119,12,2018-11-10 10:30,7.00
8131,"Shin seiki Evangelion Gekijô-ban: Air/Magokoro wo, kimi ni",Animation,Hideaki Anno,1997,87,12,2018-11-09 13:00,7.00
8132,Modern Times,Comedy,Charles Chaplin,1936,87,0,2018-11-09 10:30,6.50
8133,The Princess Bride,Adventure,Rob Reiner,1987,98,0,2018-11-08 12:30,8.00
8134,"Shin seiki Evangelion Gekijô-ban: Air/Magokoro wo, kimi ni",Animation,Hideaki Anno,1997,87,12,2018-11-08 10:00,8.00
8135,Dog Day Afternoon,Biography,Sidney Lumet,1975,125,0,2018-11-07 10:30,8.00
8136,Le salaire de la peur,Adventure,Henri-Georges Clouzot,1953,131,0,2018-11-06 13:00,6.50
8137,Rebel Without a Cause,Drama,Nicholas Ray,1955,111,12,2018-11-06 10:00,7.50
8138,The Fifth Element,Action,Luc Besson,1997,126,12,2018-11-05 10:00,7.00
8139,Pink Floyd: The Wall,Drama,Alan Parker,1982,95,12,2018-11-04 16:30,8.50
8140,Zulu,Drama,Cy Endfield,1964,138,0,2018-11-04 13:30,6.50
8141,Dog Day Afternoon,Biography,Sidney Lumet,1975,125,0,2018-11-04 10:30,7.50
8142,Sing Street,Comedy,John Carney,2016,106,12,2018-11-03 15:00,8.00
8143,"Shin seiki Evangelion Gekijô-ban: Air/Magokoro wo, kimi ni",Animation,Hideaki Anno,1997,87,12,2018-11-03 13:00,8.50
8144,Sing Street,Comedy,John Carney,2016,106,12,2018-11-03 10:30,8.50
8145,The Princess Bride,Adventure,Rob Reiner,1987,98,0,2018-11-02 15:00,7.00
8146,Modern Times,Comedy,Charles Chaplin,1936,87,0,2018-11-02 12:30,8.00
8147,Mad Max 2,Action,George Miller,1981,96,12,2018-11-02 10:00,8.00
8148,The Adventures of Robin Hood,Action,Michael Curtiz,1938,102,6,2018-11-01 13:30,7.50
8149,Philadelphia,Drama,Jonathan Demme,1993,125,12,2018-11-01 10:30,8.00
8150,Laura,Drama,Otto Preminger,1944,88,12,2018-10-31 15:30,8.50
8151,Le salaire de la peur,Adventure,Henri-Georges Clouzot,1953,131,0,2018-10-31 12:30,7.50
8152,Sing Street,Comedy,John Carney,2016,106,12,2018-10-31 10:00,7.00
8153,Amarcord,Comedy,Federico Fellini,1973,123,16,2018-10-30 13:30,8.00
8154,Amarcord,Comedy,Federico Fellini,1973,123,16,2018-10-30 10:30,8.50
8155,Laura,Drama,Otto Preminger,1944,88,12,2018-10-29 10:00,8.50
8156,The Adventures of Robin Hood,Action,Michael Curtiz,1938,102,6,2018-10-28 19:30,8.50
8157,Watership Down,Animation,Martin Rosen,1978,91,0,2018-10-28 17:00,8.00
8158,The Great Escape,Adventure,John Sturges,1963,172,0,2018-10-28 13:30,8.50
8159,Le salaire de la peur,Adventure,Henri-Georges Clouzot,1953,131,0,2018-10-28 10:30,6.50
8160,The Princess Bride,Adventure,Rob Reiner,1987,98,0,2018-10-27 15:30,7.50
8161,Moana,Animation,Ron Clements,2016,107,0,2018-10-27 13:00,7.50
8162,La montaña sagrada,Adventure,Alejandro Jodorowsky,1973,114,16,2018-10-27 10:00,7.50
8163,Zulu,Drama,Cy Endfield,1964,138,0,2018-10-26 13:30,7.00
8164,North by Northwest,Adventure,Alfred Hitchcock,1959,136,0,2018-10-26 10:30,7.00
8165,Barton Fink,Comedy,Joel Coen,1991,116,0,2018-10-25 13:00,7.50
8166,The Princess Bride,Adventure,Rob Reiner,1987,98,0,2018-10-25 10:30,6.50
8167,Pink Floyd: The Wall,Drama,Alan Parker,1982,95,12,2018-10-24 15:30,8.00
8168,Philadelphia,Drama,Jonathan Demme,1993,125,12,2018-10-24 12:30,7.00
8169,Jules et Jim,Drama,François Truffaut,1962,105,12,2018-10-24 10:00,8.00
8170,Mary Poppins,Comedy,Robert Stevenson,1964,139,0,2018-10-23 13:30,8.50
8171,From Here to Eternity,Drama,Fred Zinnemann,1953,118,12,2018-10-23 10:30,6.50
8172,Andaz Apna Apna,Action,Rajkumar Santoshi,1994,160,0,2018-10-22 13:00,8.00
8173,Out of the Past,Crime,Jacques Tourneur,1947,97,12,2018-10-22 10:30,6.50
8174,In a Lonely Place,Drama,Nicholas Ray,1950,94,12,2018-10-21 19:00,9.50
8175,Paths of Glory,Drama,Stanley Kubrick,1957,88,12,2018-10-21 16:30,8.00
8176,The Fifth Element,Action,Luc Besson,1997,126,12,2018-10-21 13:30,6.50
8177,Dog Day Afternoon,Biography,Sidney Lumet,1975,125,0,2018-10-21 10:30,8.50
8178,Unforgiven,Drama,Clint Eastwood,1992,130,12,2018-10-20 20:00,9.50
8179,From Here to Eternity,Drama,Fred Zinnemann,1953,118,12,2018-10-20 17:00,6.50
8180,Boogie Nights,Drama,Paul Thomas Anderson,1997,155,16,2018-10-20 13:30,8.00
8181,Pink,Drama,Aniruddha Roy Chowdhury,2016,136,12,2018-10-20 10:30,7.50
8182,Scent of a Woman,Drama,Martin Brest,1992,156,12,2018-10-19 12:30,6.50
8183,Il conformista,Drama,Bernardo Bertolucci,1970,113,12,2018-10-19 10:00,8.50
8184,Boogie Nights,Drama,Paul Thomas Anderson,1997,155,16,2018-10-18 10:30,8.50
8185,Ordinary People,Drama,Robert Redford,1980,124,0,2018-10-17 15:30,6.50
8186,Pink Floyd: The Wall,Drama,Alan Parker,1982,95,12,2018-10-17 13:00,7.00
8187,Philadelphia,Drama,Jonathan Demme,1993,125,12,2018-10-17 10:00,7.50
8188,Jules et Jim,Drama,François Truffaut,1962,105,12,2018-10-16 10:30,7.00
8189,Unforgiven,Drama,Clint Eastwood,1992,130,12,2018-10-15 16:00,6.50
8190,Toy Story,Animation,John Lasseter,1995,81,0,2018-10-15 13:30,7.00
8191,Unforgiven,Drama,Clint Eastwood,1992,130,12,2018-10-15 10:30,7.50
8192,From Here to Eternity,Drama,Fred Zinnemann,1953,118,12,2018-10-14 18:00,8.50
8193,Jules et Jim,Drama,François Truffaut,1962,105,12,2018-10-14 15:30,8.00
8194,Pink Floyd: The Wall,Drama,Alan Parker,1982,95,12,2018-10-14 13:00,6.50
8195,Barton Fink,Comedy,Joel Coen,1991,116,0,2018-10-14 10:00,7.00
8196,Days of Heaven,Drama,Terrence Malick,1978,94,6,2018-10-13 19:30,8.50
8197,The Usual Suspects,Crime,Bryan Singer,1995,106,12,2018-10-13 16:30,8.00
8198,Andaz Apna Apna,Action,Rajkumar Santoshi,1994,160,0,2018-10-13 13:00,8.00
8199,Il conformista,Drama,Bernardo Bertolucci,1970,113,12,2018-10-13 10:00,7.00
8200,Andaz Apna Apna,Action,Rajkumar Santoshi,1994,160,0,2018-10-12 15:30,6.50
8201,Unforgiven,Drama,Clint Eastwood,1992,130,12,2018-10-12 12:30,8.00
8202,Toy Story,Animation,John Lasseter,1995,81,0,2018-10-12 10:00,7.00
8203,Il conformista,Drama,Bernardo Bertolucci,1970,113,12,2018-10-11 13:30,6.50
8204,North by Northwest,Adventure,Alfred Hitchcock,1959,136,0,2018-10-11 10:30,8.00
8205,Captain Fantastic,Comedy,Matt Ross,2016,118,16,2018-10-10 10:30,7.50
8206,Unforgiven,Drama,Clint Eastwood,1992,130,12,2018-10-09 10:00,7.00
8207,Pink,Drama,Aniruddha Roy Chowdhury,2016,136,12,2018-10-08 10:30,7.00
8208,Jules et Jim,Drama,François Truffaut,1962,105,12,2018-10-07 15:30,8.50
8209,La montaña sagrada,Adventure,Alejandro Jodorowsky,1973,114,16,2018-10-07 13:00,7.50
8210,Amarcord,Comedy,Federico Fellini,1973,123,16,2018-10-07 10:00,7.00
8211,The Naked Gun: From the Files of Police Squad!,Comedy,David Zucker,1988,85,0,2018-10-06 16:30,8.00
8212,Andaz Apna Apna,Action,Rajkumar Santoshi,1994,160,0,2018-10-06 13:00,8.00
8213,Captain Fantastic,Comedy,Matt Ross,2016,118,16,2018-10-06 10:00,8.00
8214,Boogie Nights,Drama,Paul Thomas Anderson,1997,155,16,2018-10-05 10:00,8.00
8215,Days of Heaven,Drama,Terrence Malick,1978,94,6,2018-10-04 16:00,7.00
8216,Unforgiven,Drama,Clint Eastwood,1992,130,12,2018-10-04 13:00,6.50
8217,Out of the Past,Crime,Jacques Tourneur,1947,97,12,2018-10-04 10:30,7.00
8218,Terminator 2: Judgment Day,Action,James Cameron,1991,137,0,2018-10-03 10:00,7.50
8219,Moana,Animation,Ron Clements,2016,107,0,2018-10-02 10:30,7.00
8220,Jules et Jim,Drama,François Truffaut,1962,105,12,2018-10-01 12:30,8.00
8221,Mad Max 2,Action,George Miller,1981,96,12,2018-10-01 10:00,8.00
8222,Andaz Apna Apna,Action,Rajkumar Santoshi,1994,160,0,2018-09-30 16:00,7.50
8223,Out of the Past,Crime,Jacques Tourneur,1947,97,12,2018-09-30 13:30,8.50
8224,Rocky,Drama,John G. Avildsen,1976,120,0,2018-09-30 10:30,8.50
8225,Au revoir les enfants,Drama,Louis Malle,1987,104,0,2018-09-29 18:30,10.00
8226,Il conformista,Drama,Bernardo Bertolucci,1970,113,12,2018-09-29 16:00,6.50
8227,Moana,Animation,Ron Clements,2016,107,0,2018-09-29 13:00,7.50
8228,North by Northwest,Adventure,Alfred Hitchcock,1959,136,0,2018-09-29 10:00,7.50
8229,Andaz Apna Apna,Action,Rajkumar Santoshi,1994,160,0,2018-09-28 10:30,7.00
8230,Thor: Ragnarok,Action,Taika Waititi,2017,130,12,2018-09-27 13:00,8.50
8231,Barton Fink,Comedy,Joel Coen,1991,116,0,2018-09-27 10:00,7.50
8232,The Purple Rose of Cairo,Comedy,Woody Allen,1985,82,0,2018-09-26 12:30,7.50
8233,Jules et Jim,Drama,François Truffaut,1962,105,12,2018-09-26 10:00,7.50
8234,Moana,Animation,Ron Clements,2016,107,0,2018-09-25 14:00,8.00
8235,Andaz Apna Apna,Action,Rajkumar Santoshi,1994,160,0,2018-09-25 10:30,6.50
8236,Rocky,Drama,John G. Avildsen,1976,120,0,2018-09-24 17:30,8.50
8237,Braveheart,Biography,Mel Gibson,1995,178,12,2018-09-24 13:30,8.50
8238,Barton Fink,Comedy,Joel Coen,1991,116,0,2018-09-24 10:30,6.50
8239,Airlift,Drama,Raja Menon,2016,130,12,2018-09-23 15:30,8.50
8240,Thor: Ragnarok,Action,Taika Waititi,2017,130,12,2018-09-23 12:30,8.50
8241,The Princess Bride,Adventure,Rob Reiner,1987,98,0,2018-09-23 10:00,6.50
8242,Pink Floyd: The Wall,Drama,Alan Parker,1982,95,12,2018-09-22 20:00,9.50
8243,Jules et Jim,Drama,François Truffaut,1962,105,12,2018-09-22 17:30,6.50
8244,Thor: Ragnarok,Action,Taika Waititi,2017,130,12,2018-09-22 14:30,8.50
8245,Heat,Crime,Michael Mann,1995,170,12,2018-09-22 10:30,7.50
8246,North by Northwest,Adventure,Alfred Hitchcock,1959,136,0,2018-09-21 10:00,7.50
8247,Thor: Ragnarok,Action,Taika Waititi,2017,130,12,2018-09-20 13:30,8.00
8248,Nuovo Cinema Paradiso,Drama,Giuseppe Tornatore,1988,155,0,2018-09-20 10:00,7.00
8249,Airlift,Drama,Raja Menon,2016,130,12,2018-09-19 10:30,8.50
8250,Au revoir les enfants,Drama,Louis Malle,1987,104,0,2018-09-18 13:00,7.00
8251,Ordinary People,Drama,Robert Redford,1980,124,0,2018-09-18 10:00,6.50
8252,Pink Floyd: The Wall,Drama,Alan Parker,1982,95,12,2018-09-17 10:30,8.00
8253,Blade Runner 2049,Action,Denis Villeneuve,2017,164,12,2018-09-16 16:30,8.50
8254,Pink Floyd: The Wall,Drama,Alan Parker,1982,95,12,2018-09-16 14:00,7.00
8255,Heat,Crime,Michael Mann,1995,170,12,2018-09-16 10:30,8.50
8256,Dangal,Action,Nitesh Tiwari,2016,161,0,2018-09-15 18:30,9.00
8257,Tonari no Totoro,Animation,Hayao Miyazaki,1988,86,0,2018-09-15 16:00,6.50
8258,Unforgiven,Drama,Clint Eastwood,1992,130,12,2018-09-15 13:00,7.50
8259,The Purple Rose of Cairo,Comedy,Woody Allen,1985,82,0,2018-09-15 10:30,8.50
8260,Rocky,Drama,John G. Avildsen,1976,120,0,2018-09-14 10:30,7.50
8261,Tonari no Totoro,Animation,Hayao Miyazaki,1988,86,0,2018-09-13 15:00,8.50
8262,The Sting,Comedy,George Roy Hill,1973,129,0,2018-09-13 12:00,7.50
8263,The Naked Gun: From the Files of Police Squad!,Comedy,David Zucker,1988,85,0,2018-09-13 10:00,7.50
8264,Hannah and Her Sisters,Comedy,Woody Allen,1986,107,12,2018-09-12 16:00,8.00
8265,The Princess Bride,Adventure,Rob Reiner,1987,98,0,2018-09-12 13:30,6.50
8266,Terminator 2: Judgment Day,Action,James Cameron,1991,137,0,2018-09-12 10:30,8.50
8267,The Color Purple,Drama,Steven Spielberg,1985,154,0,2018-09-11 15:00,7.50
8268,La Grande Illusion,Drama,Jean Renoir,1937,113,12,2018-09-11 12:30,8.00
8269,Hannah and Her Sisters,Comedy,Woody Allen,1986,107,12,2018-09-11 10:00,8.50
8270,La Grande Illusion,Drama,Jean Renoir,1937,113,12,2018-09-10 12:30,6.50
8271,Butch Cassidy and the Sundance Kid,Biography,George Roy Hill,1969,110,6,2018-09-10 10:00,7.00
8272,Au revoir les enfants,Drama,Louis Malle,1987,104,0,2018-09-09 17:30,8.00
8273,Bound by Honor,Crime,Taylor Hackford,1993,180,16,2018-09-09 13:30,7.00
8274,The Great Escape,Adventure,John Sturges,1963,172,0,2018-09-09 10:00,7.00
8275,The Purple Rose of Cairo,Comedy,Woody Allen,1985,82,0,2018-09-08 16:00,8.00
8276,Tonari no Totoro,Animation,Hayao Miyazaki,1988,86,0,2018-09-08 13:30,8.00
8277,Terminator 2: Judgment Day,Action,James Cameron,1991,137,0,2018-09-08 10:30,8.50
8278,Heat,Crime,Michael Mann,1995,170,12,2018-09-07 10:00,8.00
8279,Tonari no Totoro,Animation,Hayao Miyazaki,1988,86,0,2018-09-06 10:30,8.50
8280,Tonari no Totoro,Animation,Hayao Miyazaki,1988,86,0,2018-09-05 18:00,9.50
8281,The Great Escape,Adventure,John Sturges,1963,172,0,2018-09-05 14:30,7.50
8282,Braveheart,Biography,Mel Gibson,1995,178,12,2018-09-05 10:30,7.00
8283,Tumbbad,Drama,Rahi Anil Barve,2018,104,12,2018-09-04 10:00,8.00
8284,Hannah and Her Sisters,Comedy,Woody Allen,1986,107,12,2018-09-03 15:30,7.00
8285,Rocky,Drama,John G. Avildsen,1976,120,0,2018-09-03 12:30,8.50
8286,This Is Spinal Tap,Comedy,Rob Reiner,1984,82,16,2018-09-03 10:30,6.50
8287,Au revoir les enfants,Drama,Louis Malle,1987,104,0,2018-09-02 20:30,9.50
8288,Rocky,Drama,John G. Avildsen,1976,120,0,2018-09-02 17:30,8.50
8289,Braveheart,Biography,Mel Gibson,1995,178,12,2018-09-02 13:30,6.50
8290,Terminator 2: Judgment Day,Action,James Cameron,1991,137,0,2018-09-02 10:30,7.50
8291,The Great Escape,Adventure,John Sturges,1963,172,0,2018-09-01 16:30,7.50
8292,The Great Escape,Adventure,John Sturges,1963,172,0,2018-09-01 13:00,7.50
8293,Airlift,Drama,Raja Menon,2016,130,12,2018-09-01 10:00,8.00
8294,Belle de jour,Drama,Luis Buñuel,1967,100,12,2018-08-31 10:00,7.50
8295,Hannah and Her Sisters,Comedy,Woody Allen,1986,107,12,2018-08-30 13:00,7.50
8296,The Sting,Comedy,George Roy Hill,1973,129,0,2018-08-30 10:00,8.00
8297,The Sting,Comedy,George Roy Hill,1973,129,0,2018-08-29 15:00,6.50
8298,The Princess Bride,Adventure,Rob Reiner,1987,98,0,2018-08-29 12:30,7.00
8299,Tonari no Totoro,Animation,Hayao Miyazaki,1988,86,0,2018-08-29 10:30,8.00
8300,The Great Escape,Adventure,John Sturges,1963,172,0,2018-08-28 13:00,7.00
8301,Hannah and Her Sisters,Comedy,Woody Allen,1986,107,12,2018-08-28 10:30,7.50
8302,Rocky,Drama,John G. Avildsen,1976,120,0,2018-08-27 16:00,8.50
8303,Smultronstället,Drama,Ingmar Bergman,1957,91,0,2018-08-27 13:30,7.50
8304,Terminator 2: Judgment Day,Action,James Cameron,1991,137,0,2018-08-27 10:30,8.00
8305,Star Wars,Action,George Lucas,1977,121,12,2018-08-26 16:00,7.50
8306,Scent of a Woman,Drama,Martin Brest,1992,156,12,2018-08-26 12:30,6.50
8307,Hannah and Her Sisters,Comedy,Woody Allen,1986,107,12,2018-08-26 10:00,8.50
8308,Judgment at Nuremberg,Drama,Stanley Kramer,1961,179,12,2018-08-25 18:00,8.50
8309,Tumbbad,Drama,Rahi Anil Barve,2018,104,12,2018-08-25 15:30,7.00
8310,East of Eden,Drama,Elia Kazan,1955,118,0,2018-08-25 12:30,8.00
8311,Hannah and Her Sisters,Comedy,Woody Allen,1986,107,12,2018-08-25 10:00,6.50
8312,Ikiru,Drama,Akira Kurosawa,1952,143,12,2018-08-24 10:30,7.50
8313,A Night at the Opera,Comedy,Sam Wood,1935,96,12,2018-08-23 10:30,8.00
8314,The Sting,Comedy,George Roy Hill,1973,129,0,2018-08-22 10:00,8.50
8315,Nuovo Cinema Paradiso,Drama,Giuseppe Tornatore,1988,155,0,2018-08-21 12:30,8.00
8316,The Princess Bride,Adventure,Rob Reiner,1987,98,0,2018-08-21 10:00,7.00
8317,The Goonies,Adventure,Richard Donner,1985,114,0,2018-08-20 13:00,8.50
8318,On the Waterfront,Crime,Elia Kazan,1954,108,12,2018-08-20 10:30,8.50
8319,Tumbbad,Drama,Rahi Anil Barve,2018,104,12,2018-08-19 20:00,8.50
8320,East of Eden,Drama,Elia Kazan,1955,118,0,2018-08-19 17:00,7.00
8321,La haine,Crime,Mathieu Kassovitz,1995,98,12,2018-08-19 14:30,8.50
8322,Heat,Crime,Michael Mann,1995,170,12,2018-08-19 10:30,6.50
8323,Die Hard: With a Vengeance,Action,John McTiernan,1995,128,12,2018-08-18 17:00,8.00
8324,Clerks,Comedy,Kevin Smith,1994,92,16,2018-08-18 14:30,7.00
8325,Tonari no Totoro,Animation,Hayao Miyazaki,1988,86,0,2018-08-18 12:30,7.00
8326,Tonari no Totoro,Animation,Hayao Miyazaki,1988,86,0,2018-08-18 10:00,8.50
8327,Hannah and Her Sisters,Comedy,Woody Allen,1986,107,12,2018-08-17 10:00,8.50
8328,La Grande Illusion,Drama,Jean Renoir,1937,113,12,2018-08-16 14:00,7.00
8329,Blade Runner 2049,Action,Denis Villeneuve,2017,164,12,2018-08-16 10:30,6.50
8330,This Is Spinal Tap,Comedy,Rob Reiner,1984,82,16,2018-08-15 10:30,7.50
8331,The Purple Rose of Cairo,Comedy,Woody Allen,1985,82,0,2018-08-14 17:00,7.00
8332,Pâfekuto burû,Animation,Satoshi Kon,1997,81,12,2018-08-14 14:30,8.00
8333,Judgment at Nuremberg,Drama,Stanley Kramer,1961,179,12,2018-08-14 10:30,8.00
8334,Heat,Crime,Michael Mann,1995,170,12,2018-08-13 17:30,7.50
8335,The Great Escape,Adventure,John Sturges,1963,172,0,2018-08-13 13:30,7.00
8336,Airlift,Drama,Raja Menon,2016,130,12,2018-08-13 10:30,8.50
8337,Patton,Biography,Franklin J. Schaffner,1970,172,0,2018-08-12 15:00,6.50
8338,Clerks,Comedy,Kevin Smith,1994,92,16,2018-08-12 12:30,6.50
8339,The Purple Rose of Cairo,Comedy,Woody Allen,1985,82,0,2018-08-12 10:30,8.00
8340,Au revoir les enfants,Drama,Louis Malle,1987,104,0,2018-08-11 18:30,10.00
8341,Enter the Dragon,Action,Robert Clouse,1973,102,12,2018-08-11 16:00,8.00
8342,Judgment at Nuremberg,Drama,Stanley Kramer,1961,179,12,2018-08-11 12:00,7.50
8343,This Is Spinal Tap,Comedy,Rob Reiner,1984,82,16,2018-08-11 10:00,7.50
8344,The Truman Show,Comedy,Peter Weir,1998,103,0,2018-08-10 10:00,8.50
8345,Dr. Strangelove or: How I Learned to Stop Worrying and Love the Bomb,Comedy,Stanley Kubrick,1964,95,12,2018-08-09 13:00,8.50
8346,Star Wars,Action,George Lucas,1977,121,12,2018-08-09 10:00,7.50
8347,Au revoir les enfants,Drama,Louis Malle,1987,104,0,2018-08-08 17:00,7.50
8348,Judgment at Nuremberg,Drama,Stanley Kramer,1961,179,12,2018-08-08 13:30,6.50
8349,Heat,Crime,Michael Mann,1995,170,12,2018-08-08 10:00,7.00
8350,The Goonies,Adventure,Richard Donner,1985,114,0,2018-08-07 13:00,8.00
8351,Airlift,Drama,Raja Menon,2016,130,12,2018-08-07 10:00,8.50
8352,Star Wars,Action,George Lucas,1977,121,12,2018-08-06 10:00,7.50
8353,Die Hard: With a Vengeance,Action,John McTiernan,1995,128,12,2018-08-05 19:30,9.50
8354,Bound by Honor,Crime,Taylor Hackford,1993,180,16,2018-08-05 15:30,7.50
8355,This Is Spinal Tap,Comedy,Rob Reiner,1984,82,16,2018-08-05 13:00,8.00
8356,Hell or High Water,Action,David Mackenzie,2016,102,16,2018-08-05 10:30,8.50
8357,Smultronstället,Drama,Ingmar Bergman,1957,91,0,2018-08-04 15:30,8.00
8358,The Goonies,Adventure,Richard Donner,1985,114,0,2018-08-04 13:00,6.50
8359,Hell or High Water,Action,David Mackenzie,2016,102,16,2018-08-04 10:30,8.00
8360,Bringing Up Baby,Comedy,Howard Hawks,1938,102,12,2018-08-03 13:00,8.00
8361,Star Wars,Action,George Lucas,1977,121,12,2018-08-03 10:00,7.00
8362,Enter the Dragon,Action,Robert Clouse,1973,102,12,2018-08-02 16:00,8.00
8363,La haine,Crime,Mathieu Kassovitz,1995,98,12,2018-08-02 13:30,8.50
8364,The Outlaw Josey Wales,Western,Clint Eastwood,1976,135,12,2018-08-02 10:30,6.50
8365,Malcolm X,Biography,Spike Lee,1992,202,0,2018-08-01 13:00,6.50
8366,Bringing Up Baby,Comedy,Howard Hawks,1938,102,12,2018-08-01 10:30,8.00
8367,The Truman Show,Comedy,Peter Weir,1998,103,0,2018-07-31 15:30,7.00
8368,Kimi no na wa.,Animation,Makoto Shinkai,2016,106,0,2018-07-31 13:00,8.50
8369,"Planes, Trains & Automobiles",Comedy,John Hughes,1987,93,0,2018-07-31 10:30,8.00
8370,Judgment at Nuremberg,Drama,Stanley Kramer,1961,179,12,2018-07-30 13:00,8.00
8371,Hell or High Water,Action,David Mackenzie,2016,102,16,2018-07-30 10:30,7.00
8372,This Is Spinal Tap,Comedy,Rob Reiner,1984,82,16,2018-07-29 15:00,7.50
8373,This Is Spinal Tap,Comedy,Rob Reiner,1984,82,16,2018-07-29 13:00,8.00
8374,A Night at the Opera,Comedy,Sam Wood,1935,96,12,2018-07-29 10:30,7.00
8375,Enter the Dragon,Action,Robert Clouse,1973,102,12,2018-07-28 15:30,7.00
8376,The Truman Show,Comedy,Peter Weir,1998,103,0,2018-07-28 13:00,7.00
8377,This Is Spinal Tap,Comedy,Rob Reiner,1984,82,16,2018-07-28 10:30,7.00
8378,American History X,Drama,Tony Kaye,1998,119,16,2018-07-27 10:00,7.50
8379,Dà hóng denglong gaogao guà,Drama,Yimou Zhang,1991,125,6,2018-07-26 13:00,8.00
8380,The Goonies,Adventure,Richard Donner,1985,114,0,2018-07-26 10:00,8.50
8381,Abre los ojos,Drama,Alejandro Amenábar,1997,119,0,2018-07-25 16:00,6.50
8382,Pâfekuto burû,Animation,Satoshi Kon,1997,81,12,2018-07-25 13:30,8.00
8383,Patton,Biography,Franklin J. Schaffner,1970,172,0,2018-07-25 10:00,8.50
8384,Smultronstället,Drama,Ingmar Bergman,1957,91,0,2018-07-24 10:00,7.50
8385,Lola rennt,Crime,Tom Tykwer,1998,81,12,2018-07-23 14:30,8.50
8386,Judgment at Nuremberg,Drama,Stanley Kramer,1961,179,12,2018-07-23 10:30,7.50
8387,Indiana Jones and the Last Crusade,Action,Steven Spielberg,1989,127,0,2018-07-22 18:30,8.50
8388,On the Waterfront,Crime,Elia Kazan,1954,108,12,2018-07-22 15:30,8.00
8389,Enter the Dragon,Action,Robert Clouse,1973,102,12,2018-07-22 13:00,8.50
8390,Lola rennt,Crime,Tom Tykwer,1998,81,12,2018-07-22 10:30,7.00
8391,Die Hard: With a Vengeance,Action,John McTiernan,1995,128,12,2018-07-21 16:30,7.50
8392,Dà hóng denglong gaogao guà,Drama,Yimou Zhang,1991,125,6,2018-07-21 13:30,8.00
8393,The Outlaw Josey Wales,Western,Clint Eastwood,1976,135,12,2018-07-21 10:30,8.00
8394,"Planes, Trains & Automobiles",Comedy,John Hughes,1987,93,0,2018-07-20 15:30,7.50
8395,On the Waterfront,Crime,Elia Kazan,1954,108,12,2018-07-20 13:00,6.50
8396,Abre los ojos,Drama,Alejandro Amenábar,1997,119,0,2018-07-20 10:00,8.00
8397,Hell or High Water,Action,David Mackenzie,2016,102,16,2018-07-19 10:30,8.00
8398,Die Hard: With a Vengeance,Action,John McTiernan,1995,128,12,2018-07-18 12:30,7.00
8399,Pâfekuto burû,Animation,Satoshi Kon,1997,81,12,2018-07-18 10:30,7.50
8400,A Night at the Opera,Comedy,Sam Wood,1935,96,12,2018-07-17 13:00,6.50
8401,Abre los ojos,Drama,Alejandro Amenábar,1997,119,0,2018-07-17 10:00,6.50
8402,Bringing Up Baby,Comedy,Howard Hawks,1938,102,12,2018-07-16 15:00,6.50
8403,A Hard Day's Night,Comedy,Richard Lester,1964,87,0,2018-07-16 12:30,7.00
8404,Smultronstället,Drama,Ingmar Bergman,1957,91,0,2018-07-16 10:00,8.50
8405,A Hard Day's Night,Comedy,Richard Lester,1964,87,0,2018-07-15 16:00,8.00
8406,Star Wars: Episode V - The Empire Strikes Back,Action,Irvin Kershner,1980,124,12,2018-07-15 13:00,7.50
8407,Bringing Up Baby,Comedy,Howard Hawks,1938,102,12,2018-07-15 10:30,6.50
8408,American History X,Drama,Tony Kaye,1998,119,16,2018-07-14 15:00,6.50
8409,Smultronstället,Drama,Ingmar Bergman,1957,91,0,2018-07-14 12:30,6.50
8410,Bringing Up Baby,Comedy,Howard Hawks,1938,102,12,2018-07-14 10:00,8.00
8411,Kimi no na wa.,Animation,Makoto Shinkai,2016,106,0,2018-07-13 10:30,7.50
8412,Hell or High Water,Action,David Mackenzie,2016,102,16,2018-07-12 13:00,7.00
8413,Star Wars,Action,George Lucas,1977,121,12,2018-07-12 10:00,6.50
8414,Abre los ojos,Drama,Alejandro Amenábar,1997,119,0,2018-07-11 15:00,8.50
8415,Willy Wonka & the Chocolate Factory,Family,Mel Stuart,1971,100,0,2018-07-11 12:30,7.50
8416,The Night of the Hunter,Crime,Charles Laughton,1955,92,12,2018-07-11 10:00,7.00
8417,Star Wars,Action,George Lucas,1977,121,12,2018-07-10 14:30,8.00
8418,Malcolm X,Biography,Spike Lee,1992,202,0,2018-07-10 10:30,8.00
8419,Star Wars: Episode V - The Empire Strikes Back,Action,Irvin Kershner,1980,124,12,2018-07-09 13:00,6.50
8420,Bringing Up Baby,Comedy,Howard Hawks,1938,102,12,2018-07-09 10:30,6.50
8421,Smultronstället,Drama,Ingmar Bergman,1957,91,0,2018-07-08 17:30,8.50
8422,Lola rennt,Crime,Tom Tykwer,1998,81,12,2018-07-08 15:30,8.00
8423,Bringing Up Baby,Comedy,Howard Hawks,1938,102,12,2018-07-08 13:00,7.50
8424,Indiana Jones and the Last Crusade,Action,Steven Spielberg,1989,127,0,2018-07-08 10:00,7.00
8425,Patton,Biography,Franklin J. Schaffner,1970,172,0,2018-07-07 15:30,6.50
8426,Rebel Without a Cause,Drama,Nicholas Ray,1955,111,12,2018-07-07 13:00,8.50
8427,Lola rennt,Crime,Tom Tykwer,1998,81,12,2018-07-07 10:30,7.50
8428,"Planes, Trains & Automobiles",Comedy,John Hughes,1987,93,0,2018-07-06 16:00,7.50
8429,Nuovo Cinema Paradiso,Drama,Giuseppe Tornatore,1988,155,0,2018-07-06 12:30,8.00
8430,Smultronstället,Drama,Ingmar Bergman,1957,91,0,2018-07-06 10:00,6.50
8431,Lethal Weapon,Action,Richard Donner,1987,109,12,2018-07-05 15:30,6.50
8432,"Planes, Trains & Automobiles",Comedy,John Hughes,1987,93,0,2018-07-05 13:00,8.00
8433,The Verdict,Drama,Sidney Lumet,1982,129,0,2018-07-05 10:00,8.50
8434,When Harry Met Sally...,Comedy,Rob Reiner,1989,95,12,2018-07-04 10:30,8.00
8435,"Planes, Trains & Automobiles",Comedy,John Hughes,1987,93,0,2018-07-03 10:30,8.00
8436,Star Wars: Episode V - The Empire Strikes Back,Action,Irvin Kershner,1980,124,12,2018-07-02 10:00,7.00
8437,Indiana Jones and the Last Crusade,Action,Steven Spielberg,1989,127,0,2018-07-01 15:30,7.00
8438,Star Wars: Episode V - The Empire Strikes Back,Action,Irvin Kershner,1980,124,12,2018-07-01 12:30,6.50
8439,The Night of the Hunter,Crime,Charles Laughton,1955,92,12,2018-07-01 10:00,8.00
8440,The Night of the Hunter,Crime,Charles Laughton,1955,92,12,2018-06-30 15:30,8.50
8441,Smultronstället,Drama,Ingmar Bergman,1957,91,0,2018-06-30 13:00,7.00
8442,Hiroshima mon amour,Drama,Alain Resnais,1959,90,12,2018-06-30 10:30,7.00
8443,Lola rennt,Crime,Tom Tykwer,1998,81,12,2018-06-29 12:30,8.00
8444,A Hard Day's Night,Comedy,Richard Lester,1964,87,0,2018-06-29 10:00,7.50
8445,The Bridges of Madison County,Drama,Clint Eastwood,1995,135,12,2018-06-28 10:30,8.00
8446,Happiness,Comedy,Todd Solondz,1998,134,12,2018-06-27 10:00,7.00
8447,Indiana Jones and the Last Crusade,Action,Steven Spielberg,1989,127,0,2018-06-26 13:00,7.50
8448,Willy Wonka & the Chocolate Factory,Family,Mel Stuart,1971,100,0,2018-06-26 10:30,8.00
8449,Trainspotting,Drama,Danny Boyle,1996,93,12,2018-06-25 13:30,8.00
8450,Ikiru,Drama,Akira Kurosawa,1952,143,12,2018-06-25 10:30,7.50
8451,Malcolm X,Biography,Spike Lee,1992,202,0,2018-06-24 18:00,8.50
8452,Willy Wonka & the Chocolate Factory,Family,Mel Stuart,1971,100,0,2018-06-24 15:30,7.00
8453,Rebel Without a Cause,Drama,Nicholas Ray,1955,111,12,2018-06-24 13:00,7.50
8454,Rebel Without a Cause,Drama,Nicholas Ray,1955,111,12,2018-06-24 10:30,7.50
8455,Lola rennt,Crime,Tom Tykwer,1998,81,12,2018-06-23 19:00,9.00
8456,Hiroshima mon amour,Drama,Alain Resnais,1959,90,12,2018-06-23 16:30,8.00
8457,The Bridges of Madison County,Drama,Clint Eastwood,1995,135,12,2018-06-23 13:30,8.00
8458,The Untouchables,Crime,Brian De Palma,1987,119,12,2018-06-23 10:30,8.00
8459,Nuovo Cinema Paradiso,Drama,Giuseppe Tornatore,1988,155,0,2018-06-22 10:30,7.00
8460,Crimes and Misdemeanors,Comedy,Woody Allen,1989,104,12,2018-06-21 13:30,7.50
8461,The Bridges of Madison County,Drama,Clint Eastwood,1995,135,12,2018-06-21 10:30,6.50
8462,Willy Wonka & the Chocolate Factory,Family,Mel Stuart,1971,100,0,2018-06-20 13:30,7.50
8463,Nuovo Cinema Paradiso,Drama,Giuseppe Tornatore,1988,155,0,2018-06-20 10:00,7.00
8464,Crimes and Misdemeanors,Comedy,Woody Allen,1989,104,12,2018-06-19 15:30,8.50
8465,Lethal Weapon,Action,Richard Donner,1987,109,12,2018-06-19 13:00,7.50
8466,Hiroshima mon amour,Drama,Alain Resnais,1959,90,12,2018-06-19 10:30,8.50
8467,Hiroshima mon amour,Drama,Alain Resnais,1959,90,12,2018-06-18 10:30,8.50
8468,Airlift,Drama,Raja Menon,2016,130,12,2018-06-17 19:00,9.50
8469,The Untouchables,Crime,Brian De Palma,1987,119,12,2018-06-17 16:00,6.50
8470,Willy Wonka & the Chocolate Factory,Family,Mel Stuart,1971,100,0,2018-06-17 13:30,6.50
8471,Ikiru,Drama,Akira Kurosawa,1952,143,12,2018-06-17 10:00,7.50
8472,Jules et Jim,Drama,François Truffaut,1962,105,12,2018-06-16 17:00,8.50
8473,Hiroshima mon amour,Drama,Alain Resnais,1959,90,12,2018-06-16 14:30,8.00
8474,The Ten Commandments,Adventure,Cecil B. DeMille,1956,220,0,2018-06-16 10:00,7.00
8475,Rebel Without a Cause,Drama,Nicholas Ray,1955,111,12,2018-06-15 16:00,8.00
8476,Hiroshima mon amour,Drama,Alain Resnais,1959,90,12,2018-06-15 13:30,8.50
8477,Blue Velvet,Drama,David Lynch,1986,120,12,2018-06-15 10:30,6.50
8478,Crimes and Misdemeanors,Comedy,Woody Allen,1989,104,12,2018-06-14 16:00,7.00
8479,Willy Wonka & the Chocolate Factory,Family,Mel Stuart,1971,100,0,2018-06-14 13:30,6.50
8480,Ikiru,Drama,Akira Kurosawa,1952,143,12,2018-06-14 10:30,8.50
8481,When Harry Met Sally...,Comedy,Rob Reiner,1989,95,12,2018-06-13 10:30,6.50
8482,The Grapes of Wrath,Drama,John Ford,1940,129,12,2018-06-12 17:00,6.50
8483,The Wild Bunch,Action,Sam Peckinpah,1969,145,12,2018-06-12 13:30,8.50
8484,The Wild Bunch,Action,Sam Peckinpah,1969,145,12,2018-06-12 10:00,7.50
8485,Blue Velvet,Drama,David Lynch,1986,120,12,2018-06-11 16:00,7.50
8486,Serpico,Biography,Sidney Lumet,1973,130,12,2018-06-11 13:00,8.00
8487,Spider-Man: Into the Spider-Verse,Animation,Bob Persichetti,2018,117,0,2018-06-11 10:00,7.00
8488,Ikiru,Drama,Akira Kurosawa,1952,143,12,2018-06-10 18:00,8.50
8489,The Long Goodbye,Comedy,Robert Altman,1973,112,12,2018-06-10 15:00,7.00
8490,The Ten Commandments,Adventure,Cecil B. DeMille,1956,220,0,2018-06-10 10:30,8.50
8491,The Wild Bunch,Action,Sam Peckinpah,1969,145,12,2018-06-09 15:30,7.50
8492,The Wild Bunch,Action,Sam Peckinpah,1969,145,12,2018-06-09 12:30,6.50
8493,Hiroshima mon amour,Drama,Alain Resnais,1959,90,12,2018-06-09 10:00,8.50
8494,The Long Goodbye,Comedy,Robert Altman,1973,112,12,2018-06-08 15:30,8.50
8495,Spider-Man: Into the Spider-Verse,Animation,Bob Persichetti,2018,117,0,2018-06-08 12:30,8.00
8496,The Long Goodbye,Comedy,Robert Altman,1973,112,12,2018-06-08 10:00,7.50
8497,The Long Goodbye,Comedy,Robert Altman,1973,112,12,2018-06-07 16:00,6.50
8498,Kurenai no buta,Animation,Hayao Miyazaki,1992,94,0,2018-06-07 13:30,7.00
8499,The Long Goodbye,Comedy,Robert Altman,1973,112,12,2018-06-07 10:30,7.00
8500,The Long Goodbye,Comedy,Robert Altman,1973,112,12,2018-06-06 16:00,6.50
8501,Ikiru,Drama,Akira Kurosawa,1952,143,12,2018-06-06 13:00,7.00
8502,When Harry Met Sally...,Comedy,Rob Reiner,1989,95,12,2018-06-06 10:30,8.50
8503,Airlift,Drama,Raja Menon,2016,130,12,2018-06-05 14:30,8.50
8504,The Ten Commandments,Adventure,Cecil B. DeMille,1956,220,0,2018-06-05 10:00,7.50
8505,The Verdict,Drama,Sidney Lumet,1982,129,0,2018-06-04 10:00,7.00
8506,Crimes and Misdemeanors,Comedy,Woody Allen,1989,104,12,2018-06-03 17:30,8.00
8507,Hiroshima mon amour,Drama,Alain Resnais,1959,90,12,2018-06-03 15:00,6.50
8508,Trainspotting,Drama,Danny Boyle,1996,93,12,2018-06-03 12:30,6.50
8509,Hiroshima mon amour,Drama,Alain Resnais,1959,90,12,2018-06-03 10:00,8.00
8510,The Bridges of Madison County,Drama,Clint Eastwood,1995,135,12,2018-06-02 18:30,10.00
8511,The Long Goodbye,Comedy,Robert Altman,1973,112,12,2018-06-02 16:00,7.50
8512,The Bridges of Madison County,Drama,Clint Eastwood,1995,135,12,2018-06-02 13:00,8.00
8513,Crimes and Misdemeanors,Comedy,Woody Allen,1989,104,12,2018-06-02 10:30,8.00
8514,Serpico,Biography,Sidney Lumet,1973,130,12,2018-06-01 10:30,7.50
8515,The Wild Bunch,Action,Sam Peckinpah,1969,145,12,2018-05-31 17:30,8.50
8516,The Bridges of Madison County,Drama,Clint Eastwood,1995,135,12,2018-05-31 14:30,8.00
8517,The Ten Commandments,Adventure,Cecil B. DeMille,1956,220,0,2018-05-31 10:00,8.50
8518,Batman: Mask of the Phantasm,Animation,Kevin Altieri,1993,76,6,2018-05-30 10:00,7.50
8519,The Wild Bunch,Action,Sam Peckinpah,1969,145,12,2018-05-29 12:30,6.50
8520,Trainspotting,Drama,Danny Boyle,1996,93,12,2018-05-29 10:00,6.50
8521,Kurenai no buta,Animation,Hayao Miyazaki,1992,94,0,2018-05-28 10:30,8.00
8522,When Harry Met Sally...,Comedy,Rob Reiner,1989,95,12,2018-05-27 16:00,7.00
8523,Blue Velvet,Drama,David Lynch,1986,120,12,2018-05-27 13:00,8.00
8524,Clerks,Comedy,Kevin Smith,1994,92,16,2018-05-27 10:30,8.00
8525,Crimes and Misdemeanors,Comedy,Woody Allen,1989,104,12,2018-05-26 16:30,8.00
8526,Serpico,Biography,Sidney Lumet,1973,130,12,2018-05-26 13:30,7.50
8527,The Grapes of Wrath,Drama,John Ford,1940,129,12,2018-05-26 10:30,8.00
8528,Sling Blade,Drama,Billy Bob Thornton,1996,135,16,2018-05-25 16:30,7.50
8529,The Verdict,Drama,Sidney Lumet,1982,129,0,2018-05-25 13:30,6.50
8530,The Untouchables,Crime,Brian De Palma,1987,119,12,2018-05-25 10:30,8.00
8531,Trainspotting,Drama,Danny Boyle,1996,93,12,2018-05-24 10:00,8.50
8532,Jules et Jim,Drama,François Truffaut,1962,105,12,2018-05-23 10:00,8.50
8533,Kurenai no buta,Animation,Hayao Miyazaki,1992,94,0,2018-05-22 10:30,8.50
8534,The Bridges of Madison County,Drama,Clint Eastwood,1995,135,12,2018-05-21 13:30,8.00
8535,Airlift,Drama,Raja Menon,2016,130,12,2018-05-21 10:30,7.00
8536,Trainspotting,Drama,Danny Boyle,1996,93,12,2018-05-20 15:30,7.50
8537,Trainspotting,Drama,Danny Boyle,1996,93,12,2018-05-20 13:00,8.50
8538,Forrest Gump,Drama,Robert Zemeckis,1994,142,12,2018-05-20 10:00,6.50
8539,Sling Blade,Drama,Billy Bob Thornton,1996,135,16,2018-05-19 15:30,7.50
8540,The Lion King,Animation,Roger Allers,1994,88,0,2018-05-19 13:00,8.50
8541,The Untouchables,Crime,Brian De Palma,1987,119,12,2018-05-19 10:00,6.50
8542,Trainspotting,Drama,Danny Boyle,1996,93,12,2018-05-18 17:00,8.50
8543,Forrest Gump,Drama,Robert Zemeckis,1994,142,12,2018-05-18 13:30,8.00
8544,The Verdict,Drama,Sidney Lumet,1982,129,0,2018-05-18 10:30,8.00
8545,Batman: Mask of the Phantasm,Animation,Kevin Altieri,1993,76,6,2018-05-17 15:30,8.50
8546,The Lady Vanishes,Mystery,Alfred Hitchcock,1938,96,12,2018-05-17 13:00,8.50
8547,Crimes and Misdemeanors,Comedy,Woody Allen,1989,104,12,2018-05-17 10:30,8.00
8548,Lost Highway,Mystery,David Lynch,1997,134,12,2018-05-16 13:00,8.00
8549,The Lion King,Animation,Roger Allers,1994,88,0,2018-05-16 10:30,6.50
8550,Jules et Jim,Drama,François Truffaut,1962,105,12,2018-05-15 13:30,8.00
8551,Forrest Gump,Drama,Robert Zemeckis,1994,142,12,2018-05-15 10:00,6.50
8552,Batman: Mask of the Phantasm,Animation,Kevin Altieri,1993,76,6,2018-05-14 10:00,8.00
8553,Batman: Mask of the Phantasm,Animation,Kevin Altieri,1993,76,6,2018-05-13 16:00,8.00
8554,Lost Highway,Mystery,David Lynch,1997,134,12,2018-05-13 13:00,8.00
8555,Red River,Action,Howard Hawks,1948,133,12,2018-05-13 10:00,7.50
8556,Clerks,Comedy,Kevin Smith,1994,92,16,2018-05-12 18:30,10.00
8557,The Apartment,Comedy,Billy Wilder,1960,125,0,2018-05-12 15:30,6.50
8558,Batman: Mask of the Phantasm,Animation,Kevin Altieri,1993,76,6,2018-05-12 13:30,8.00
8559,Serpico,Biography,Sidney Lumet,1973,130,12,2018-05-12 10:30,7.50
8560,The Lady Vanishes,Mystery,Alfred Hitchcock,1938,96,12,2018-05-11 10:00,8.50
8561,Jaws,Adventure,Steven Spielberg,1975,124,12,2018-05-10 16:00,7.00
8562,Manhattan,Comedy,Woody Allen,1979,96,16,2018-05-10 13:30,8.50
8563,Red River,Action,Howard Hawks,1948,133,12,2018-05-10 10:30,6.50
8564,Airlift,Drama,Raja Menon,2016,130,12,2018-05-09 13:00,8.00
8565,When Harry Met Sally...,Comedy,Rob Reiner,1989,95,12,2018-05-09 10:30,7.00
8566,The Untouchables,Crime,Brian De Palma,1987,119,12,2018-05-08 16:30,7.00
8567,Lost Highway,Mystery,David Lynch,1997,134,12,2018-05-08 13:30,7.00
8568,The Grapes of Wrath,Drama,John Ford,1940,129,12,2018-05-08 10:30,7.00
8569,The Deer Hunter,Drama,Michael Cimino,1978,183,12,2018-05-07 17:00,8.50
8570,The Deer Hunter,Drama,Michael Cimino,1978,183,12,2018-05-07 13:00,8.00
8571,Thor: Ragnarok,Action,Taika Waititi,2017,130,12,2018-05-07 10:00,6.50
8572,Sweet Smell of Success,Drama,Alexander Mackendrick,1957,96,12,2018-05-06 16:30,8.00
8573,Forrest Gump,Drama,Robert Zemeckis,1994,142,12,2018-05-06 13:30,8.00
8574,In the Name of the Father,Biography,Jim Sheridan,1993,133,12,2018-05-06 10:30,7.00
8575,Blood Simple,Crime,Joel Coen,1984,99,12,2018-05-05 15:30,8.00
8576,Harold and Maude,Comedy,Hal Ashby,1971,91,6,2018-05-05 13:00,7.00
8577,A Bronx Tale,Crime,Robert De Niro,1993,121,16,2018-05-05 10:00,8.50
8578,Blood Simple,Crime,Joel Coen,1984,99,12,2018-05-04 10:00,7.00
8579,The Untouchables,Crime,Brian De Palma,1987,119,12,2018-05-03 10:00,6.50
8580,The Untouchables,Crime,Brian De Palma,1987,119,12,2018-05-02 15:00,8.00
8581,Butch Cassidy and the Sundance Kid,Biography,George Roy Hill,1969,110,6,2018-05-02 12:00,7.50
8582,Brief Encounter,Drama,David Lean,1945,86,0,2018-05-02 10:00,6.50
8583,Manhattan,Comedy,Woody Allen,1979,96,16,2018-05-01 10:00,7.50
8584,Lost Highway,Mystery,David Lynch,1997,134,12,2018-04-30 13:00,8.00
8585,Key Largo,Action,John Huston,1948,100,12,2018-04-30 10:30,8.50
8586,Batman: Mask of the Phantasm,Animation,Kevin Altieri,1993,76,6,2018-04-29 17:30,6.50
8587,Manhattan,Comedy,Woody Allen,1979,96,16,2018-04-29 15:00,7.50
8588,The Innocents,Horror,Jack Clayton,1961,100,12,2018-04-29 12:30,8.00
8589,Sweet Smell of Success,Drama,Alexander Mackendrick,1957,96,12,2018-04-29 10:00,8.50
8590,Lost Highway,Mystery,David Lynch,1997,134,12,2018-04-28 19:00,8.50
8591,Butch Cassidy and the Sundance Kid,Biography,George Roy Hill,1969,110,6,2018-04-28 16:00,6.50
8592,Lost Highway,Mystery,David Lynch,1997,134,12,2018-04-28 13:00,7.50
8593,Lost Highway,Mystery,David Lynch,1997,134,12,2018-04-28 10:00,7.00
8594,Airlift,Drama,Raja Menon,2016,130,12,2018-04-27 16:00,7.00
8595,Manhattan,Comedy,Woody Allen,1979,96,16,2018-04-27 13:30,6.50
8596,Jaws,Adventure,Steven Spielberg,1975,124,12,2018-04-27 10:30,8.00
8597,Guardians of the Galaxy Vol. 2,Action,James Gunn,2017,136,12,2018-04-26 16:00,8.50
8598,The Lady Vanishes,Mystery,Alfred Hitchcock,1938,96,12,2018-04-26 13:30,6.50
8599,The Untouchables,Crime,Brian De Palma,1987,119,12,2018-04-26 10:30,8.50
8600,The Deer Hunter,Drama,Michael Cimino,1978,183,12,2018-04-25 15:00,7.00
8601,Airlift,Drama,Raja Menon,2016,130,12,2018-04-25 12:00,8.50
8602,Batman: Mask of the Phantasm,Animation,Kevin Altieri,1993,76,6,2018-04-25 10:00,8.50
8603,The Innocents,Horror,Jack Clayton,1961,100,12,2018-04-24 13:00,8.50
8604,Lost Highway,Mystery,David Lynch,1997,134,12,2018-04-24 10:00,7.50
8605,The Lion King,Animation,Roger Allers,1994,88,0,2018-04-23 13:00,6.50
8606,Blood Simple,Crime,Joel Coen,1984,99,12,2018-04-23 10:30,7.00
8607,The Apartment,Comedy,Billy Wilder,1960,125,0,2018-04-22 18:30,9.50
8608,Höstsonaten,Drama,Ingmar Bergman,1978,99,0,2018-04-22 16:00,8.00
8609,Airlift,Drama,Raja Menon,2016,130,12,2018-04-22 13:00,7.50
8610,Blood Simple,Crime,Joel Coen,1984,99,12,2018-04-22 10:30,7.00
8611,Miller's Crossing,Crime,Joel Coen,1990,115,16,2018-04-21 15:00,7.50
8612,Manhattan,Comedy,Woody Allen,1979,96,16,2018-04-21 12:30,8.00
8613,Höstsonaten,Drama,Ingmar Bergman,1978,99,0,2018-04-21 10:00,7.00
8614,What Ever Happened to Baby Jane?,Drama,Robert Aldrich,1962,134,12,2018-04-20 10:00,6.50
8615,The Innocents,Horror,Jack Clayton,1961,100,12,2018-04-19 16:00,7.00
8616,Jaws,Adventure,Steven Spielberg,1975,124,12,2018-04-19 13:00,8.00
8617,To Be or Not to Be,Comedy,Ernst Lubitsch,1942,99,12,2018-04-19 10:30,8.00
8618,Rosemary's Baby,Drama,Roman Polanski,1968,137,12,2018-04-18 16:00,8.00
8619,Brief Encounter,Drama,David Lean,1945,86,0,2018-04-18 13:30,7.50
8620,Indiana Jones and the Last Crusade,Action,Steven Spielberg,1989,127,0,2018-04-18 10:30,8.00
8621,Manhattan,Comedy,Woody Allen,1979,96,16,2018-04-17 15:00,6.50
8622,Brief Encounter,Drama,David Lean,1945,86,0,2018-04-17 13:00,6.50
8623,Indiana Jones and the Last Crusade,Action,Steven Spielberg,1989,127,0,2018-04-17 10:00,8.50
8624,Jaws,Adventure,Steven Spielberg,1975,124,12,2018-04-16 17:30,7.50
8625,The Deer Hunter,Drama,Michael Cimino,1978,183,12,2018-04-16 13:30,7.00
8626,Jaws,Adventure,Steven Spielberg,1975,124,12,2018-04-16 10:30,8.50
8627,Jaws,Adventure,Steven Spielberg,1975,124,12,2018-04-15 15:30,8.00
8628,Key Largo,Action,John Huston,1948,100,12,2018-04-15 13:00,7.50
8629,Miller's Crossing,Crime,Joel Coen,1990,115,16,2018-04-15 10:00,8.00
8630,La haine,Crime,Mathieu Kassovitz,1995,98,12,2018-04-14 18:30,9.00
8631,La haine,Crime,Mathieu Kassovitz,1995,98,12,2018-04-14 16:00,7.50
8632,Jaws,Adventure,Steven Spielberg,1975,124,12,2018-04-14 13:00,8.00
8633,Miller's Crossing,Crime,Joel Coen,1990,115,16,2018-04-14 10:00,7.50
8634,Patton,Biography,Franklin J. Schaffner,1970,172,0,2018-04-13 16:00,7.00
8635,Butch Cassidy and the Sundance Kid,Biography,George Roy Hill,1969,110,6,2018-04-13 13:00,8.50
8636,Guardians of the Galaxy Vol. 2,Action,James Gunn,2017,136,12,2018-04-13 10:00,8.50
8637,Harold and Maude,Comedy,Hal Ashby,1971,91,6,2018-04-12 10:30,7.50
8638,Du rififi chez les hommes,Crime,Jules Dassin,1955,118,12,2018-04-11 10:30,7.00
8639,Platoon,Drama,Oliver Stone,1986,120,12,2018-04-10 10:00,8.50
8640,M.S. Dhoni: The Untold Story,Biography,Neeraj Pandey,2016,184,0,2018-04-09 15:00,8.00
8641,Midnight Cowboy,Drama,John Schlesinger,1969,113,12,2018-04-09 12:30,6.50
8642,Il postino,Biography,Michael Radford,1994,108,0,2018-04-09 10:00,8.50
8643,Ayla: The Daughter of War,Biography,Can Ulkay,2017,125,12,2018-04-08 17:30,8.50
8644,Sing Street,Comedy,John Carney,2016,106,12,2018-04-08 15:00,7.00
8645,Kimi no na wa.,Animation,Makoto Shinkai,2016,106,0,2018-04-08 12:30,6.50
8646,Kimi no na wa.,Animation,Makoto Shinkai,2016,106,0,2018-04-08 10:00,8.50
8647,Sweet Smell of Success,Drama,Alexander Mackendrick,1957,96,12,2018-04-07 19:00,9.00
8648,To Be or Not to Be,Comedy,Ernst Lubitsch,1942,99,12,2018-04-07 16:30,8.50
8649,Ayla: The Daughter of War,Biography,Can Ulkay,2017,125,12,2018-04-07 13:30,7.50
8650,Red River,Action,Howard Hawks,1948,133,12,2018-04-07 10:30,8.50
8651,Guardians of the Galaxy Vol. 2,Action,James Gunn,2017,136,12,2018-04-06 15:00,7.00
8652,La haine,Crime,Mathieu Kassovitz,1995,98,12,2018-04-06 12:30,8.50
8653,To Be or Not to Be,Comedy,Ernst Lubitsch,1942,99,12,2018-04-06 10:00,7.50
8654,A Night at the Opera,Comedy,Sam Wood,1935,96,12,2018-04-05 10:30,8.50
8655,Mary Poppins,Comedy,Robert Stevenson,1964,139,0,2018-04-04 13:00,7.00
8656,Red River,Action,Howard Hawks,1948,133,12,2018-04-04 10:00,8.50
8657,Butch Cassidy and the Sundance Kid,Biography,George Roy Hill,1969,110,6,2018-04-03 10:00,7.50
8658,Ayla: The Daughter of War,Biography,Can Ulkay,2017,125,12,2018-04-02 10:30,8.50
8659,Red River,Action,Howard Hawks,1948,133,12,2018-04-01 19:00,9.00
8660,The Killing Fields,Biography,Roland Joffé,1984,141,12,2018-04-01 16:00,7.50
8661,Terminator 2: Judgment Day,Action,James Cameron,1991,137,0,2018-04-01 12:30,8.00
8662,La haine,Crime,Mathieu Kassovitz,1995,98,12,2018-04-01 10:00,6.50
8663,Harold and Maude,Comedy,Hal Ashby,1971,91,6,2018-03-31 18:30,9.00
8664,The Killing Fields,Biography,Roland Joffé,1984,141,12,2018-03-31 15:30,7.00
8665,Brief Encounter,Drama,David Lean,1945,86,0,2018-03-31 13:00,6.50
8666,Indiana Jones and the Last Crusade,Action,Steven Spielberg,1989,127,0,2018-03-31 10:00,8.50
8667,Brief Encounter,Drama,David Lean,1945,86,0,2018-03-30 16:30,7.00
8668,Ayla: The Daughter of War,Biography,Can Ulkay,2017,125,12,2018-03-30 13:30,7.00
8669,Das Boot,Adventure,Wolfgang Petersen,1981,149,16,2018-03-30 10:00,7.00
8670,Rosemary's Baby,Drama,Roman Polanski,1968,137,12,2018-03-29 16:00,7.00
8671,Il postino,Biography,Michael Radford,1994,108,0,2018-03-29 13:30,7.00
8672,Tôkyô monogatari,Drama,Yasujirô Ozu,1953,136,0,2018-03-29 10:30,8.00
8673,Underground,Comedy,Emir Kusturica,1995,170,12,2018-03-28 13:00,7.50
8674,Tôkyô monogatari,Drama,Yasujirô Ozu,1953,136,0,2018-03-28 10:00,8.00
8675,Patton,Biography,Franklin J. Schaffner,1970,172,0,2018-03-27 13:00,7.50
8676,Rosemary's Baby,Drama,Roman Polanski,1968,137,12,2018-03-27 10:00,8.00
8677,Stalker,Drama,Andrei Tarkovsky,1979,162,0,2018-03-26 12:30,7.00
8678,Midnight Cowboy,Drama,John Schlesinger,1969,113,12,2018-03-26 10:00,7.50
8679,Terminator 2: Judgment Day,Action,James Cameron,1991,137,0,2018-03-25 15:30,7.50
8680,Brief Encounter,Drama,David Lean,1945,86,0,2018-03-25 13:00,7.00
8681,Tôkyô monogatari,Drama,Yasujirô Ozu,1953,136,0,2018-03-25 10:00,7.00
8682,Harold and Maude,Comedy,Hal Ashby,1971,91,6,2018-03-24 18:00,9.50
8683,Brief Encounter,Drama,David Lean,1945,86,0,2018-03-24 15:30,6.50
8684,Rosemary's Baby,Drama,Roman Polanski,1968,137,12,2018-03-24 12:30,8.00
8685,Brief Encounter,Drama,David Lean,1945,86,0,2018-03-24 10:00,6.50
8686,Ayla: The Daughter of War,Biography,Can Ulkay,2017,125,12,2018-03-23 15:00,8.50
8687,Harold and Maude,Comedy,Hal Ashby,1971,91,6,2018-03-23 12:30,8.00
8688,Hana-bi,Crime,Takeshi Kitano,1997,103,12,2018-03-23 10:00,6.50
8689,Sing Street,Comedy,John Carney,2016,106,12,2018-03-22 13:30,8.50
8690,Das Boot,Adventure,Wolfgang Petersen,1981,149,16,2018-03-22 10:30,8.50
8691,Harold and Maude,Comedy,Hal Ashby,1971,91,6,2018-03-21 10:00,8.50
8692,Mary Poppins,Comedy,Robert Stevenson,1964,139,0,2018-03-20 12:30,8.50
8693,Sweet Smell of Success,Drama,Alexander Mackendrick,1957,96,12,2018-03-20 10:00,6.50
8694,On the Waterfront,Crime,Elia Kazan,1954,108,12,2018-03-19 14:30,8.00
8695,Sherlock Jr.,Action,Buster Keaton,1924,45,12,2018-03-19 13:00,7.00
8696,Tôkyô monogatari,Drama,Yasujirô Ozu,1953,136,0,2018-03-19 10:00,8.50
8697,To Be or Not to Be,Comedy,Ernst Lubitsch,1942,99,12,2018-03-18 15:00,8.00
8698,Sweet Smell of Success,Drama,Alexander Mackendrick,1957,96,12,2018-03-18 12:30,7.00
8699,Harold and Maude,Comedy,Hal Ashby,1971,91,6,2018-03-18 10:00,7.00
8700,Key Largo,Action,John Huston,1948,100,12,2018-03-17 19:00,9.00
8701,Guardians of the Galaxy Vol. 2,Action,James Gunn,2017,136,12,2018-03-17 16:00,7.50
8702,Kind Hearts and Coronets,Comedy,Robert Hamer,1949,106,0,2018-03-17 13:00,8.50
8703,La haine,Crime,Mathieu Kassovitz,1995,98,12,2018-03-17 10:30,8.00
8704,Il postino,Biography,Michael Radford,1994,108,0,2018-03-16 15:30,8.50
8705,American History X,Drama,Tony Kaye,1998,119,16,2018-03-16 13:00,8.50
8706,Harold and Maude,Comedy,Hal Ashby,1971,91,6,2018-03-16 10:30,8.00
8707,The Apartment,Comedy,Billy Wilder,1960,125,0,2018-03-15 16:00,8.50
8708,Kimi no na wa.,Animation,Makoto Shinkai,2016,106,0,2018-03-15 13:30,7.00
8709,Indiana Jones and the Last Crusade,Action,Steven Spielberg,1989,127,0,2018-03-15 10:30,8.50
8710,What Ever Happened to Baby Jane?,Drama,Robert Aldrich,1962,134,12,2018-03-14 13:00,6.50
8711,Hiroshima mon amour,Drama,Alain Resnais,1959,90,12,2018-03-14 10:30,7.50
8712,Midnight Cowboy,Drama,John Schlesinger,1969,113,12,2018-03-13 12:30,7.50
8713,On the Waterfront,Crime,Elia Kazan,1954,108,12,2018-03-13 10:00,8.00
8714,Hana-bi,Crime,Takeshi Kitano,1997,103,12,2018-03-12 16:00,7.50
8715,Midnight Cowboy,Drama,John Schlesinger,1969,113,12,2018-03-12 13:30,7.00
8716,Tôkyô monogatari,Drama,Yasujirô Ozu,1953,136,0,2018-03-12 10:30,8.50
8717,Tôkyô monogatari,Drama,Yasujirô Ozu,1953,136,0,2018-03-11 16:00,8.50
8718,Indiana Jones and the Last Crusade,Action,Steven Spielberg,1989,127,0,2018-03-11 13:00,8.00
8719,On the Waterfront,Crime,Elia Kazan,1954,108,12,2018-03-11 10:30,7.00
8720,Il postino,Biography,Michael Radford,1994,108,0,2018-03-10 15:30,7.50
8721,Tôkyô monogatari,Drama,Yasujirô Ozu,1953,136,0,2018-03-10 12:30,7.50
8722,Kind Hearts and Coronets,Comedy,Robert Hamer,1949,106,0,2018-03-10 10:00,8.00
8723,Kind Hearts and Coronets,Comedy,Robert Hamer,1949,106,0,2018-03-09 16:00,7.00
8724,Badlands,Action,Terrence Malick,1973,94,6,2018-03-09 13:30,6.50
8725,The Apartment,Comedy,Billy Wilder,1960,125,0,2018-03-09 10:30,8.00
8726,Ba wang bie ji,Drama,Kaige Chen,1993,171,16,2018-03-08 15:00,7.50
8727,What Ever Happened to Baby Jane?,Drama,Robert Aldrich,1962,134,12,2018-03-08 12:00,6.50
8728,Sherlock Jr.,Action,Buster Keaton,1924,45,12,2018-03-08 10:30,8.50
8729,Patton,Biography,Franklin J. Schaffner,1970,172,0,2018-03-07 15:30,8.00
8730,Il postino,Biography,Michael Radford,1994,108,0,2018-03-07 13:00,8.50
8731,Midnight Cowboy,Drama,John Schlesinger,1969,113,12,2018-03-07 10:30,8.00
8732,The Last Emperor,Biography,Bernardo Bertolucci,1987,163,0,2018-03-06 10:30,6.50
8733,Patton,Biography,Franklin J. Schaffner,1970,172,0,2018-03-05 13:30,8.50
8734,The Dirty Dozen,Action,Robert Aldrich,1967,150,12,2018-03-05 10:00,7.00
8735,Hana-bi,Crime,Takeshi Kitano,1997,103,12,2018-03-04 15:00,8.00
8736,To Be or Not to Be,Comedy,Ernst Lubitsch,1942,99,12,2018-03-04 12:30,7.00
8737,Escape from Alcatraz,Action,Don Siegel,1979,112,12,2018-03-04 10:00,6.50
8738,Terminator 2: Judgment Day,Action,James Cameron,1991,137,0,2018-03-03 14:30,6.50
8739,Hiroshima mon amour,Drama,Alain Resnais,1959,90,12,2018-03-03 12:30,7.00
8740,To Be or Not to Be,Comedy,Ernst Lubitsch,1942,99,12,2018-03-03 10:00,8.00
8741,Badlands,Action,Terrence Malick,1973,94,6,2018-03-02 12:30,8.00
8742,Kind Hearts and Coronets,Comedy,Robert Hamer,1949,106,0,2018-03-02 10:00,7.50
8743,Terminator 2: Judgment Day,Action,James Cameron,1991,137,0,2018-03-01 15:00,7.00
8744,Bronenosets Potemkin,Drama,Sergei M. Eisenstein,1925,75,12,2018-03-01 13:00,6.50
8745,Dial M for Murder,Crime,Alfred Hitchcock,1954,105,12,2018-03-01 10:30,8.00
8746,Il postino,Biography,Michael Radford,1994,108,0,2018-02-28 13:00,8.50
8747,Terminator 2: Judgment Day,Action,James Cameron,1991,137,0,2018-02-28 10:00,8.00
8748,Il postino,Biography,Michael Radford,1994,108,0,2018-02-27 13:00,7.00
8749,American History X,Drama,Tony Kaye,1998,119,16,2018-02-27 10:00,8.50
8750,What's Eating Gilbert Grape,Drama,Lasse Hallström,1993,118,0,2018-02-26 13:00,8.00
8751,Kind Hearts and Coronets,Comedy,Robert Hamer,1949,106,0,2018-02-26 10:00,6.50
8752,Ba wang bie ji,Drama,Kaige Chen,1993,171,16,2018-02-25 16:00,7.00
8753,Koe no katachi,Animation,Naoko Yamada,2016,130,12,2018-02-25 13:00,6.50
8754,Kimi no na wa.,Animation,Makoto Shinkai,2016,106,0,2018-02-25 10:30,6.50
8755,The Apartment,Comedy,Billy Wilder,1960,125,0,2018-02-24 15:30,7.00
8756,Badlands,Action,Terrence Malick,1973,94,6,2018-02-24 13:00,8.50
8757,Kimi no na wa.,Animation,Makoto Shinkai,2016,106,0,2018-02-24 10:30,7.00
8758,A Night at the Opera,Comedy,Sam Wood,1935,96,12,2018-02-23 10:30,8.50
8759,Hana-bi,Crime,Takeshi Kitano,1997,103,12,2018-02-22 16:00,8.50
8760,Secrets & Lies,Comedy,Mike Leigh,1996,136,0,2018-02-22 13:00,7.00
8761,Koe no katachi,Animation,Naoko Yamada,2016,130,12,2018-02-22 10:00,7.50
8762,Hiroshima mon amour,Drama,Alain Resnais,1959,90,12,2018-02-21 16:00,7.00
8763,Ba wang bie ji,Drama,Kaige Chen,1993,171,16,2018-02-21 12:30,8.50
8764,The Long Goodbye,Comedy,Robert Altman,1973,112,12,2018-02-21 10:00,6.50
8765,A Night at the Opera,Comedy,Sam Wood,1935,96,12,2018-02-20 10:00,6.50
8766,Key Largo,Action,John Huston,1948,100,12,2018-02-19 10:00,7.50
8767,Il postino,Biography,Michael Radford,1994,108,0,2018-02-18 16:00,6.50
8768,Platoon,Drama,Oliver Stone,1986,120,12,2018-02-18 13:00,8.00
8769,Sing Street,Comedy,John Carney,2016,106,12,2018-02-18 10:30,6.50
8770,Secrets & Lies,Comedy,Mike Leigh,1996,136,0,2018-02-17 16:00,8.50
8771,Platoon,Drama,Oliver Stone,1986,120,12,2018-02-17 13:00,8.50
8772,Hiroshima mon amour,Drama,Alain Resnais,1959,90,12,2018-02-17 10:30,6.50
8773,Dangal,Action,Nitesh Tiwari,2016,161,0,2018-02-16 14:30,6.50
8774,Dial M for Murder,Crime,Alfred Hitchcock,1954,105,12,2018-02-16 12:00,8.50
8775,Sherlock Jr.,Action,Buster Keaton,1924,45,12,2018-02-16 10:30,6.50
8776,Ba wang bie ji,Drama,Kaige Chen,1993,171,16,2018-02-15 12:30,8.00
8777,Hiroshima mon amour,Drama,Alain Resnais,1959,90,12,2018-02-15 10:00,8.50
8778,Sherlock Jr.,Action,Buster Keaton,1924,45,12,2018-02-14 13:00,7.50
8779,Sing Street,Comedy,John Carney,2016,106,12,2018-02-14 10:30,8.50
8780,Bronenosets Potemkin,Drama,Sergei M. Eisenstein,1925,75,12,2018-02-13 13:30,6.50
8781,Dog Day Afternoon,Biography,Sidney Lumet,1975,125,0,2018-02-13 10:30,7.00
8782,Stalker,Drama,Andrei Tarkovsky,1979,162,0,2018-02-12 10:30,7.00
8783,Escape from Alcatraz,Action,Don Siegel,1979,112,12,2018-02-11 15:30,7.00
8784,The Naked Gun: From the Files of Police Squad!,Comedy,David Zucker,1988,85,0,2018-02-11 13:30,6.50
8785,A Man for All Seasons,Biography,Fred Zinnemann,1966,120,0,2018-02-11 10:30,8.50
8786,Bronenosets Potemkin,Drama,Sergei M. Eisenstein,1925,75,12,2018-02-10 15:00,8.00
8787,Lethal Weapon,Action,Richard Donner,1987,109,12,2018-02-10 12:30,8.00
8788,The Day the Earth Stood Still,Drama,Robert Wise,1951,92,0,2018-02-10 10:00,7.00
8789,Bronenosets Potemkin,Drama,Sergei M. Eisenstein,1925,75,12,2018-02-09 13:30,7.00
8790,Escape from Alcatraz,Action,Don Siegel,1979,112,12,2018-02-09 10:30,7.50
8791,Secrets & Lies,Comedy,Mike Leigh,1996,136,0,2018-02-08 15:30,8.50
8792,Lethal Weapon,Action,Richard Donner,1987,109,12,2018-02-08 12:30,7.00
8793,American History X,Drama,Tony Kaye,1998,119,16,2018-02-08 10:00,8.50
8794,Ba wang bie ji,Drama,Kaige Chen,1993,171,16,2018-02-07 16:30,7.50
8795,Dangal,Action,Nitesh Tiwari,2016,161,0,2018-02-07 13:00,7.50
8796,Dog Day Afternoon,Biography,Sidney Lumet,1975,125,0,2018-02-07 10:00,6.50
8797,Hana-bi,Crime,Takeshi Kitano,1997,103,12,2018-02-06 15:30,7.00
8798,Singin' in the Rain,Comedy,Stanley Donen,1952,103,0,2018-02-06 13:00,6.50
8799,Hana-bi,Crime,Takeshi Kitano,1997,103,12,2018-02-06 10:30,6.50
8800,The Long Goodbye,Comedy,Robert Altman,1973,112,12,2018-02-05 10:30,8.50
8801,Dangal,Action,Nitesh Tiwari,2016,161,0,2018-02-04 19:00,9.00
8802,The Long Goodbye,Comedy,Robert Altman,1973,112,12,2018-02-04 16:30,8.00
8803,Dangal,Action,Nitesh Tiwari,2016,161,0,2018-02-04 13:00,8.50
8804,Dog Day Afternoon,Biography,Sidney Lumet,1975,125,0,2018-02-04 10:00,8.00
8805,Badlands,Action,Terrence Malick,1973,94,6,2018-02-03 16:30,7.00
8806,The Day the Earth Stood Still,Drama,Robert Wise,1951,92,0,2018-02-03 14:00,8.50
8807,The Last Emperor,Biography,Bernardo Bertolucci,1987,163,0,2018-02-03 10:30,7.00
8808,Secrets & Lies,Comedy,Mike Leigh,1996,136,0,2018-02-02 10:30,8.00
8809,Dial M for Murder,Crime,Alfred Hitchcock,1954,105,12,2018-02-01 10:30,8.00
8810,Badlands,Action,Terrence Malick,1973,94,6,2018-01-31 10:30,8.50
8811,Bronenosets Potemkin,Drama,Sergei M. Eisenstein,1925,75,12,2018-01-30 10:00,7.00
8812,Koe no katachi,Animation,Naoko Yamada,2016,130,12,2018-01-29 10:30,7.50
8813,Badlands,Action,Terrence Malick,1973,94,6,2018-01-28 16:00,8.50
8814,Mr. Smith Goes to Washington,Comedy,Frank Capra,1939,129,12,2018-01-28 13:00,7.00
8815,The Day the Earth Stood Still,Drama,Robert Wise,1951,92,0,2018-01-28 10:30,7.50
8816,The Day the Earth Stood Still,Drama,Robert Wise,1951,92,0,2018-01-27 18:00,9.00
8817,Sing Street,Comedy,John Carney,2016,106,12,2018-01-27 15:30,6.50
8818,Bronenosets Potemkin,Drama,Sergei M. Eisenstein,1925,75,12,2018-01-27 13:30,7.50
8819,Dangal,Action,Nitesh Tiwari,2016,161,0,2018-01-27 10:00,7.50
8820,The Long Goodbye,Comedy,Robert Altman,1973,112,12,2018-01-26 12:30,8.00
8821,Bronenosets Potemkin,Drama,Sergei M. Eisenstein,1925,75,12,2018-01-26 10:30,7.00
8822,Sing Street,Comedy,John Carney,2016,106,12,2018-01-25 10:30,6.50
8823,The Dirty Dozen,Action,Robert Aldrich,1967,150,12,2018-01-24 15:30,6.50
8824,Dial M for Murder,Crime,Alfred Hitchcock,1954,105,12,2018-01-24 13:00,6.50
8825,The Long Goodbye,Comedy,Robert Altman,1973,112,12,2018-01-24 10:30,8.00
8826,Dial M for Murder,Crime,Alfred Hitchcock,1954,105,12,2018-01-23 10:30,8.00
8827,Das Cabinet des Dr. Caligari,Fantasy,Robert Wiene,1920,76,12,2018-01-22 10:30,8.50
8828,Dog Day Afternoon,Biography,Sidney Lumet,1975,125,0,2018-01-21 19:00,10.00
8829,Bronenosets Potemkin,Drama,Sergei M. Eisenstein,1925,75,12,2018-01-21 17:00,7.50
8830,Koe no katachi,Animation,Naoko Yamada,2016,130,12,2018-01-21 14:00,8.00
8831,Dangal,Action,Nitesh Tiwari,2016,161,0,2018-01-21 10:30,7.50
8832,Sing Street,Comedy,John Carney,2016,106,12,2018-01-20 18:00,10.00
8833,Dog Day Afternoon,Biography,Sidney Lumet,1975,125,0,2018-01-20 15:00,6.50
8834,Sing Street,Comedy,John Carney,2016,106,12,2018-01-20 12:30,7.00
8835,Das Cabinet des Dr. Caligari,Fantasy,Robert Wiene,1920,76,12,2018-01-20 10:30,8.00
8836,Koe no katachi,Animation,Naoko Yamada,2016,130,12,2018-01-19 12:30,6.50
8837,The Long Goodbye,Comedy,Robert Altman,1973,112,12,2018-01-19 10:00,7.50
8838,Lethal Weapon,Action,Richard Donner,1987,109,12,2018-01-18 13:00,7.50
8839,Sing Street,Comedy,John Carney,2016,106,12,2018-01-18 10:30,8.00
8840,Dial M for Murder,Crime,Alfred Hitchcock,1954,105,12,2018-01-17 15:00,7.00
8841,Singin' in the Rain,Comedy,Stanley Donen,1952,103,0,2018-01-17 12:30,8.50
8842,Bronenosets Potemkin,Drama,Sergei M. Eisenstein,1925,75,12,2018-01-17 10:30,7.50
8843,Singin' in the Rain,Comedy,Stanley Donen,1952,103,0,2018-01-16 10:30,7.00
8844,Lethal Weapon,Action,Richard Donner,1987,109,12,2018-01-15 15:30,7.50
8845,Sing Street,Comedy,John Carney,2016,106,12,2018-01-15 13:00,7.00
8846,Dog Day Afternoon,Biography,Sidney Lumet,1975,125,0,2018-01-15 10:00,8.00
8847,A Night at the Opera,Comedy,Sam Wood,1935,96,12,2018-01-14 19:00,10.00
8848,Sing Street,Comedy,John Carney,2016,106,12,2018-01-14 16:30,8.00
8849,Once Upon a Time in the West,Western,Sergio Leone,1968,165,0,2018-01-14 13:00,8.00
8850,Dial M for Murder,Crime,Alfred Hitchcock,1954,105,12,2018-01-14 10:30,6.50
8851,Singin' in the Rain,Comedy,Stanley Donen,1952,103,0,2018-01-13 16:00,6.50
8852,Sing Street,Comedy,John Carney,2016,106,12,2018-01-13 13:30,7.00
8853,Mr. Smith Goes to Washington,Comedy,Frank Capra,1939,129,12,2018-01-13 10:30,7.50
8854,Singin' in the Rain,Comedy,Stanley Donen,1952,103,0,2018-01-12 17:30,6.50
8855,Dangal,Action,Nitesh Tiwari,2016,161,0,2018-01-12 14:00,6.50
8856,Dangal,Action,Nitesh Tiwari,2016,161,0,2018-01-12 10:30,8.00
8857,Singin' in the Rain,Comedy,Stanley Donen,1952,103,0,2018-01-11 16:30,7.50
8858,Dangal,Action,Nitesh Tiwari,2016,161,0,2018-01-11 13:00,8.00
8859,Mr. Smith Goes to Washington,Comedy,Frank Capra,1939,129,12,2018-01-11 10:00,7.50
8860,Mr. Smith Goes to Washington,Comedy,Frank Capra,1939,129,12,2018-01-10 16:30,7.50
8861,Mr. Smith Goes to Washington,Comedy,Frank Capra,1939,129,12,2018-01-10 13:30,8.00
8862,Once Upon a Time in the West,Western,Sergio Leone,1968,165,0,2018-01-10 10:00,7.00
8863,Dial M for Murder,Crime,Alfred Hitchcock,1954,105,12,2018-01-09 10:00,7.00
8864,A Night at the Opera,Comedy,Sam Wood,1935,96,12,2018-01-08 12:30,7.50
8865,A Night at the Opera,Comedy,Sam Wood,1935,96,12,2018-01-08 10:00,6.50
8866,A Night at the Opera,Comedy,Sam Wood,1935,96,12,2018-01-07 16:00,8.50
8867,Mr. Smith Goes to Washington,Comedy,Frank Capra,1939,129,12,2018-01-07 13:00,8.50
8868,Mr. Smith Goes to Washington,Comedy,Frank Capra,1939,129,12,2018-01-07 10:00,6.50
8869,A Night at the Opera,Comedy,Sam Wood,1935,96,12,2018-01-06 15:00,8.00
8870,A Night at the Opera,Comedy,Sam Wood,1935,96,12,2018-01-06 12:30,8.50
8871,A Night at the Opera,Comedy,Sam Wood,1935,96,12,2018-01-06 10:00,7.00
8872,A Night at the Opera,Comedy,Sam Wood,1935,96,12,2018-01-05 10:00,7.00
8873,Mr. Smith Goes to Washington,Comedy,Frank Capra,1939,129,12,2018-01-04 10:30,6.50
8874,Mr. Smith Goes to Washington,Comedy,Frank Capra,1939,129,12,2018-01-03 13:00,6.50
8875,Mr. Smith Goes to Washington,Comedy,Frank Capra,1939,129,12,2018-01-03 10:00,7.50
8876,Mr. Smith Goes to Washington,Comedy,Frank Capra,1939,129,12,2018-01-02 10:30,7.00
8877,Mr. Smith Goes to Washington,Comedy,Frank Capra,1939,129,12,2018-01-01 13:30,7.00
8878,Mr. Smith Goes to Washington,Comedy,Frank Capra,1939,129,12,2018-01-01 10:30,6.50
